example_id,platform,description,gold_ids,baseline_raw_output,baseline_predicted_ids,baseline_true_positives,baseline_false_positives,baseline_false_negatives,baseline_precision,baseline_recall,baseline_f1,baseline_notes,stage1_raw_output,stage1_parse_status,extracted_behaviors,stage2_raw_output,stage2_parse_status,mapping_evidence,staged_predicted_ids,invalid_predicted_ids,staged_true_positives,staged_false_positives,staged_false_negatives,staged_precision,staged_recall,staged_f1,staged_notes,baseline_prediction_count,staged_prediction_count,baseline_tp_count,staged_tp_count,baseline_fp_count,staged_fp_count,baseline_fn_count,staged_fn_count,false_positives_removed,fp_removed_count,false_positives_added,fp_added_count,false_negatives_recovered,fn_recovered_count,false_negatives_added,fn_added_count,true_positives_gained,tp_gained_count,true_positives_lost,tp_lost_count,precision_change,recall_change,f1_change,review_priority,review_reasons,baseline_error_categories,staged_error_categories,change_summary,manual_review_notes,review_confidence
27,Enterprise,The `at` command is used to schedule tasks on a system to run at a specified date and time.,T1053,"After analyzing the text, I have identified the following MITRE Enterprise attack patterns and mapped them to their corresponding technique IDs:

1. **T1548**: Abuse Elevation Control Mechanism - Not explicitly mentioned in the text.
2. **T1134**: Access Token Manipulation - Not explicitly mentioned in the text.
3. **T1531**: Account Access Removal - Not explicitly mentioned in the text.
4. **T1087**: Account Discovery - Not explicitly mentioned in the text.
5. **T1098**: Account Manipulation - Not explicitly mentioned in the text.
6. **T1650**: Acquire Access - Not explicitly mentioned in the text.
7. **T1583**: Acquire Infrastructure - Not explicitly mentioned in the text.
8. **T1595**: Active Scanning - Not explicitly mentioned in the text.
9. **T1557**: Adversary-in-the-Middle - Not explicitly mentioned in the text.
10. **T1071**: Application Layer Protocol - Not explicitly mentioned in the text.
11. **T1010**: Application Window Discovery - Not explicitly mentioned in the text.
12. **T1560**: Archive Collected Data - Not explicitly mentioned in the text.
13. **T1123**: Audio Capture - Not explicitly mentioned in the text.
14. **T1119**: Automated Collection - Not explicitly mentioned in the text.
15. **T1020**: Automated Exfiltration - Not explicitly mentioned in the text.
16. **T1197**: BITS Jobs - Not explicitly mentioned in the text.
17. **T1547**: Boot or Logon Autostart Execution - Not explicitly mentioned in the text.
18. **T1037**: Boot or Logon Initialization Scripts - Not explicitly mentioned in the text.
19. **T1176**: Browser Extensions - Not explicitly mentioned in the text.
20. **T1217**: Browser Information Discovery - Not explicitly mentioned in the text.
21. **T1185**: Browser Session Hijacking - Not explicitly mentioned in the text.
22. **T1110**: Brute Force - Not explicitly mentioned in the text.
23. **T1612**: Build Image on Host - Not explicitly mentioned in the text.
24. **T1115**: Clipboard Data - Not explicitly mentioned in the text.
25. **T1651**: Cloud Administration Command - Not explicitly mentioned in the text.
26. **T1580**: Cloud Infrastructure Discovery - Not explicitly mentioned in the text.
27. **T1538**: Cloud Service Dashboard - Not explicitly mentioned in the text.
28. **T1526**: Cloud Service Discovery - Not explicitly mentioned in the text.
29. **T1619**: Cloud Storage Object Discovery - Not explicitly mentioned in the text.
30. **T1059**: Command and Scripting Interpreter - Mentioned as ""the `at` command is used to schedule tasks on a system"".
31. **T1092**: Communication Through Removable Media - Not explicitly mentioned in the text.
32. **T1586**: Compromise Accounts - Not explicitly mentioned in the text.
33. **T1554**: Compromise Host Software Binary - Not explicitly mentioned in the text.
34. **T1584**: Compromise Infrastructure - Not explicitly mentioned in the text.
35. **T1609**: Container Administration Command - Not explicitly mentioned in the text.
36. **T1613**: Container and Resource Discovery - Not explicitly mentioned in the text.
37. **T1659**: Content Injection - Not explicitly mentioned in the text.
38. **T1136**: Create Account - Not explicitly mentioned in the text.
39. **T1543**: Create or Modify System Process - Not explicitly mentioned in the text.
40. **T1555**: Credentials from Password Stores - Not explicitly mentioned in the text.

The only technique that is explicitly mentioned in the text is:

* **T1059**: Command and Scripting Interpreter

Therefore, the final line containing only the main technique IDs (excluding subtechnique IDs) separated by commas is:

T1059","T1010, T1020, T1037, T1059, T1071, T1087, T1092, T1098, T1110, T1115, T1119, T1123, T1134, T1136, T1176, T1185, T1197, T1217, T1526, T1531, T1538, T1543, T1547, T1548, T1554, T1555, T1557, T1560, T1580, T1583, T1584, T1586, T1595, T1609, T1612, T1613, T1619, T1650, T1651, T1659",,"T1010, T1020, T1037, T1059, T1071, T1087, T1092, T1098, T1110, T1115, T1119, T1123, T1134, T1136, T1176, T1185, T1197, T1217, T1526, T1531, T1538, T1543, T1547, T1548, T1554, T1555, T1557, T1560, T1580, T1583, T1584, T1586, T1595, T1609, T1612, T1613, T1619, T1650, T1651, T1659",T1053,0.0,0.0,0.0,extra predicted IDs / false positives; missed gold IDs / false negatives,"{
  ""behaviors"": [
    {
      ""behavior"": ""Use the `at` command"",
      ""evidence"": ""The `at` command is used""
    },
    {
      ""behavior"": ""Schedule tasks to run at a specified date and time"",
      ""evidence"": ""to schedule tasks on a system to run at a specified date and time""
    }
  ]
}",valid,"[{""behavior"": ""Use the `at` command"", ""evidence"": ""The `at` command is used""}, {""behavior"": ""Schedule tasks to run at a specified date and time"", ""evidence"": ""to schedule tasks on a system to run at a specified date and time""}]","{
  ""mappings"": [
    {
      ""behavior"": ""Use the `at` command"",
      ""evidence"": ""The `at` command is used"",
      ""technique_id"": ""T1053"",
      ""justification"": ""Scheduling tasks to run at a specified date and time matches with T1053: Scheduled Task/Job""
    },
    {
      ""behavior"": ""Schedule tasks to run at a specified date and time"",
      ""evidence"": ""to schedule tasks on a system to run at a specified date and time"",
      ""technique_id"": ""T1053"",
      ""justification"": ""Scheduling tasks to run at a specified date and time matches with T1053: Scheduled Task/Job""
    }
  ],
  ""predicted_ids"": [
    ""T1053""
  ]
}",valid,"[{""behavior"": ""Use the `at` command"", ""evidence"": ""The `at` command is used"", ""technique_id"": ""T1053"", ""justification"": ""Scheduling tasks to run at a specified date and time matches with T1053: Scheduled Task/Job""}, {""behavior"": ""Schedule tasks to run at a specified date and time"", ""evidence"": ""to schedule tasks on a system to run at a specified date and time"", ""technique_id"": ""T1053"", ""justification"": ""Scheduling tasks to run at a specified date and time matches with T1053: Scheduled Task/Job""}]",T1053,,T1053,,,1.0,1.0,1.0,,40,1,0,1,40,0,1,0,"T1010, T1020, T1037, T1059, T1071, T1087, T1092, T1098, T1110, T1115, T1119, T1123, T1134, T1136, T1176, T1185, T1197, T1217, T1526, T1531, T1538, T1543, T1547, T1548, T1554, T1555, T1557, T1560, T1580, T1583, T1584, T1586, T1595, T1609, T1612, T1613, T1619, T1650, T1651, T1659",40,,0,T1053,1,,0,T1053,1,,0,1.0,1.0,1.0,high,large_fp_reduction; gold_ids_recovered,,,,,
14,Enterprise,"Amadey is a Trojan bot that has been active since at least October 2018. It communicates with its command and control (C2) servers via HTTP and uses fast flux DNS to evade detection. Amadey can collect information from compromised hosts and send the data to its C2 servers. To maintain persistence, it overwrites registry keys, changing the Startup folder to the one containing its executable. Amadey is capable of decoding antivirus name strings and searching for folders associated with antivirus software. Additionally, it can download and execute files to further infect the host machine with additional malware. The Trojan employs various Windows API calls, such as GetComputerNameA, GetUserNameA, and CreateProcessA, and obfuscates strings related to antivirus vendors, domains, and files to avoid detection.","T1005, T1027, T1041, T1071, T1083, T1105, T1106, T1112, T1140, T1547, T1568","After analyzing the provided text, I have identified the following MITRE Enterprise attack patterns and mapped them to their corresponding technique IDs:

1. **T1548**: Abuse Elevation Control Mechanism - Amadey overwrites registry keys to maintain persistence.
2. **T1134**: Access Token Manipulation - Not explicitly mentioned in the text, but implied through the use of Windows API calls (e.g., GetComputerNameA, GetUserNameA).
3. **T1531**: Account Access Removal - Not mentioned in the text.
4. **T1087**: Account Discovery - Amadey collects information from compromised hosts.
5. **T1098**: Account Manipulation - Amadey can modify registry keys to maintain persistence.
6. **T1650**: Acquire Access - Amadey gains access to compromised hosts.
7. **T1583**: Acquire Infrastructure - Not explicitly mentioned in the text, but implied through the use of C2 servers and fast flux DNS.
8. **T1595**: Active Scanning - Not mentioned in the text.
9. **T1557**: Adversary-in-the-Middle - Not mentioned in the text.
10. **T1071**: Application Layer Protocol - Amadey communicates with its C2 servers via HTTP.
11. **T1010**: Application Window Discovery - Not mentioned in the text.
12. **T1560**: Archive Collected Data - Amadey sends collected data to its C2 servers.
13. **T1123**: Audio Capture - Not mentioned in the text.
14. **T1119**: Automated Collection - Amadey collects information from compromised hosts.
15. **T1020**: Automated Exfiltration - Amadey sends collected data to its C2 servers.
16. **T1197**: BITS Jobs - Not mentioned in the text.
17. **T1547**: Boot or Logon Autostart Execution - Amadey overwrites registry keys to maintain persistence.
18. **T1037**: Boot or Logon Initialization Scripts - Not mentioned in the text.
19. **T1176**: Browser Extensions - Not mentioned in the text.
20. **T1217**: Browser Information Discovery - Not mentioned in the text.
21. **T1185**: Browser Session Hijacking - Not mentioned in the text.
22. **T1110**: Brute Force - Not mentioned in the text.
23. **T1612**: Build Image on Host - Not mentioned in the text.
24. **T1115**: Clipboard Data - Not mentioned in the text.
25. **T1651**: Cloud Administration Command - Not mentioned in the text.
26. **T1580**: Cloud Infrastructure Discovery - Not explicitly mentioned in the text, but implied through the use of C2 servers and fast flux DNS.
27. **T1538**: Cloud Service Dashboard - Not mentioned in the text.
28. **T1526**: Cloud Service Discovery - Not mentioned in the text.
29. **T1619**: Cloud Storage Object Discovery - Not mentioned in the text.
30. **T1059**: Command and Scripting Interpreter - Amadey uses Windows API calls (e.g., CreateProcessA).
31. **T1092**: Communication Through Removable Media - Not mentioned in the text.
32. **T1586**: Compromise Accounts - Not explicitly mentioned in the text, but implied through the use of C2 servers and fast flux DNS.
33. **T1554**: Compromise Host Software Binary - Amadey overwrites registry keys to maintain persistence.
34. **T1584**: Compromise Infrastructure - Not explicitly mentioned in the text, but implied through the use of C2 servers and fast flux DNS.
35. **T1609**: Container Administration Command - Not mentioned in the text.
36. **T1613**: Container and Resource Discovery - Not mentioned in the text.
37. **T1659**: Content Injection - Not mentioned in the text.

The main techniques identified are:

T1548, T1071, T1560, T1020, T1547, T1059, T1586, T1554, T1584","T1010, T1020, T1037, T1059, T1071, T1087, T1092, T1098, T1110, T1115, T1119, T1123, T1134, T1176, T1185, T1197, T1217, T1526, T1531, T1538, T1547, T1548, T1554, T1557, T1560, T1580, T1583, T1584, T1586, T1595, T1609, T1612, T1613, T1619, T1650, T1651, T1659","T1071, T1547","T1010, T1020, T1037, T1059, T1087, T1092, T1098, T1110, T1115, T1119, T1123, T1134, T1176, T1185, T1197, T1217, T1526, T1531, T1538, T1548, T1554, T1557, T1560, T1580, T1583, T1584, T1586, T1595, T1609, T1612, T1613, T1619, T1650, T1651, T1659","T1005, T1027, T1041, T1083, T1105, T1106, T1112, T1140, T1568",0.054054054054054,0.1818181818181818,0.0833333333333333,extra predicted IDs / false positives; missed gold IDs / false negatives,"{
  ""behaviors"": [
    {
      ""behavior"": ""Communicate with C2 servers via HTTP"",
      ""evidence"": ""communicates with its command and control (C2) servers via HTTP""
    },
    {
      ""behavior"": ""Use fast flux DNS to evade detection"",
      ""evidence"": ""uses fast flux DNS to evade detection""
    },
    {
      ""behavior"": ""Collect information from compromised hosts"",
      ""evidence"": ""collect information from compromised hosts and send the data to its C2 servers""
    },
    {
      ""behavior"": ""Overwrite registry keys for persistence"",
      ""evidence"": ""overwrites registry keys, changing the Startup folder to the one containing its executable""
    },
    {
      ""behavior"": ""Decode antivirus name strings"",
      ""evidence"": ""decoding antivirus name strings""
    },
    {
      ""behavior"": ""Search for antivirus software folders"",
      ""evidence"": ""searching for folders associated with antivirus software""
    },
    {
      ""behavior"": ""Download and execute files to infect host machine"",
      ""evidence"": ""download and execute files to further infect the host machine with additional malware""
    }
  ]
}",valid,"[{""behavior"": ""Communicate with C2 servers via HTTP"", ""evidence"": ""communicates with its command and control (C2) servers via HTTP""}, {""behavior"": ""Use fast flux DNS to evade detection"", ""evidence"": ""uses fast flux DNS to evade detection""}, {""behavior"": ""Collect information from compromised hosts"", ""evidence"": ""collect information from compromised hosts and send the data to its C2 servers""}, {""behavior"": ""Overwrite registry keys for persistence"", ""evidence"": ""overwrites registry keys, changing the Startup folder to the one containing its executable""}, {""behavior"": ""Decode antivirus name strings"", ""evidence"": ""decoding antivirus name strings""}, {""behavior"": ""Search for antivirus software folders"", ""evidence"": ""searching for folders associated with antivirus software""}, {""behavior"": ""Download and execute files to infect host machine"", ""evidence"": ""download and execute files to further infect the host machine with additional malware""}]","{
  ""mappings"": [
    {
      ""behavior"": ""Communicate with C2 servers via HTTP"",
      ""evidence"": ""communicates with its command and control (C2) servers via HTTP"",
      ""technique_id"": ""T1041"",
      ""justification"": ""The malware communicates with its C2 servers via HTTP, which directly supports the Exfiltration Over C2 Channel technique.""
    },
    {
      ""behavior"": ""Use fast flux DNS to evade detection"",
      ""evidence"": ""uses fast flux DNS to evade detection"",
      ""technique_id"": ""T1595"",
      ""justification"": ""The malware uses fast flux DNS, which is a form of Active Scanning, to evade detection.""
    },
    {
      ""behavior"": ""Collect information from compromised hosts"",
      ""evidence"": ""collect information from compromised hosts and send the data to its C2 servers"",
      ""technique_id"": ""T1016"",
      ""justification"": ""The malware collects information from compromised hosts, which directly supports System Network Configuration Discovery.""
    },
    {
      ""behavior"": ""Overwrite registry keys for persistence"",
      ""evidence"": ""overwrites registry keys, changing the Startup folder to the one containing its executable"",
      ""technique_id"": ""T1543"",
      ""justification"": ""The malware overwrites registry keys, which directly supports Create or Modify System Process.""
    },
    {
      ""behavior"": ""Decode antivirus name strings"",
      ""evidence"": ""decoding antivirus name strings"",
      ""technique_id"": ""T1140"",
      ""justification"": ""The malware decodes antivirus name strings, which directly supports Deobfuscate/Decode Files or Information.""
    },
    {
      ""behavior"": ""Search for antivirus software folders"",
      ""evidence"": ""searching for folders associated with antivirus software"",
      ""technique_id"": ""T1040"",
      ""justification"": ""The malware searches for folders associated with antivirus software, which directly supports Network Sniffing.""
    },
    {
      ""behavior"": ""Download and execute files to infect host machine"",
      ""evidence"": ""download and execute files to further infect the host machine with additional malware"",
      ""technique_id"": ""T1059"",
      ""justification"": ""The malware downloads and executes files, which directly supports Command and Scripting Interpreter.""
    }
  ],
  ""predicted_ids"": [
    ""T1041"",
    ""T1595"",
    ""T1016"",
    ""T1543"",
    ""T1140"",
    ""T1040"",
    ""T1059""
  ]
}",valid,"[{""behavior"": ""Communicate with C2 servers via HTTP"", ""evidence"": ""communicates with its command and control (C2) servers via HTTP"", ""technique_id"": ""T1041"", ""justification"": ""The malware communicates with its C2 servers via HTTP, which directly supports the Exfiltration Over C2 Channel technique.""}, {""behavior"": ""Use fast flux DNS to evade detection"", ""evidence"": ""uses fast flux DNS to evade detection"", ""technique_id"": ""T1595"", ""justification"": ""The malware uses fast flux DNS, which is a form of Active Scanning, to evade detection.""}, {""behavior"": ""Collect information from compromised hosts"", ""evidence"": ""collect information from compromised hosts and send the data to its C2 servers"", ""technique_id"": ""T1016"", ""justification"": ""The malware collects information from compromised hosts, which directly supports System Network Configuration Discovery.""}, {""behavior"": ""Overwrite registry keys for persistence"", ""evidence"": ""overwrites registry keys, changing the Startup folder to the one containing its executable"", ""technique_id"": ""T1543"", ""justification"": ""The malware overwrites registry keys, which directly supports Create or Modify System Process.""}, {""behavior"": ""Decode antivirus name strings"", ""evidence"": ""decoding antivirus name strings"", ""technique_id"": ""T1140"", ""justification"": ""The malware decodes antivirus name strings, which directly supports Deobfuscate/Decode Files or Information.""}, {""behavior"": ""Search for antivirus software folders"", ""evidence"": ""searching for folders associated with antivirus software"", ""technique_id"": ""T1040"", ""justification"": ""The malware searches for folders associated with antivirus software, which directly supports Network Sniffing.""}, {""behavior"": ""Download and execute files to infect host machine"", ""evidence"": ""download and execute files to further infect the host machine with additional malware"", ""technique_id"": ""T1059"", ""justification"": ""The malware downloads and executes files, which directly supports Command and Scripting Interpreter.""}]","T1016, T1040, T1041, T1059, T1140, T1543, T1595",,"T1041, T1140","T1016, T1040, T1059, T1543, T1595","T1005, T1027, T1071, T1083, T1105, T1106, T1112, T1547, T1568",0.2857142857142857,0.1818181818181818,0.2222222222222222,,37,7,2,2,35,5,9,9,"T1010, T1020, T1037, T1087, T1092, T1098, T1110, T1115, T1119, T1123, T1134, T1176, T1185, T1197, T1217, T1526, T1531, T1538, T1548, T1554, T1557, T1560, T1580, T1583, T1584, T1586, T1609, T1612, T1613, T1619, T1650, T1651, T1659",33,"T1016, T1040, T1543",3,"T1041, T1140",2,"T1071, T1547",2,"T1041, T1140",2,"T1071, T1547",2,0.2316602316602317,0.0,0.1388888888888889,high,large_fp_reduction; new_false_positives; gold_ids_recovered; new_false_negatives; many_remaining_false_positives,,,,,
52,Enterprise,Samurai is a passive backdoor that has been used by ToddyCat since at least 2020. Samurai allows arbitrary C# code execution and is used with multiple modules for remote administration and lateral movement. Samurai can use a .NET HTTPListener class to receive and handle HTTP POST requests. Samurai can use a remote command module for execution via the Windows command line. Samurai can create a service at HKLM\SOFTWARE\Microsoft\Windows NT\CurrentVersion\SvcHost to trigger execution and maintain persistence. Samurai can base64 encode data sent in C2 communications prior to its encryption. Samurai can leverage an exfiltration module to download arbitrary files from compromised machines. Samurai can encrypt C2 communications with AES. Samurai can use a specific module for file enumeration. Samurai has been used to deploy other malware including Ninja. Samurai has created the directory %COMMONPROGRAMFILES%\Microsoft Shared\wmi\ to contain DLLs for loading successive stages. The Samurai loader component can create multiple Registry keys to force the svchost.exe process to load the final backdoor. Samurai has the ability to call Windows APIs.,"T1005, T1036, T1059, T1071, T1083, T1105, T1106, T1112, T1132, T1543, T1573","After analyzing the provided text, I have identified the following MITRE Enterprise attack patterns and mapped them to their corresponding technique IDs:

1. **T1548**: Abuse Elevation Control Mechanism - The Samurai backdoor allows arbitrary C# code execution, which can be used to bypass elevation control mechanisms.
2. **T1134**: Access Token Manipulation - Samurai uses a remote command module for execution via the Windows command line, which involves manipulating access tokens.
3. **T1531**: Account Access Removal - Samurai has been used to deploy other malware, including Ninja, which may involve removing account access.
4. **T1087**: Account Discovery - Samurai can use an exfiltration module to download arbitrary files from compromised machines, which may involve discovering accounts.
5. **T1098**: Account Manipulation - Samurai can create a service at HKLM\SOFTWARE\Microsoft\Windows NT\CurrentVersion\SvcHost to trigger execution and maintain persistence, which involves manipulating accounts.
6. **T1650**: Acquire Access - Samurai allows remote administration and lateral movement, which involves acquiring access to systems.
7. **T1583**: Acquire Infrastructure - Samurai can create a service at HKLM\SOFTWARE\Microsoft\Windows NT\CurrentVersion\SvcHost to trigger execution and maintain persistence, which involves acquiring infrastructure.
8. **T1595**: Active Scanning - Samurai uses an exfiltration module to download arbitrary files from compromised machines, which involves active scanning.
9. **T1557**: Adversary-in-the-Middle - Samurai can encrypt C2 communications with AES, which may involve adversary-in-the-middle attacks.
10. **T1071**: Application Layer Protocol - Samurai uses a .NET HTTPListener class to receive and handle HTTP POST requests, which involves application layer protocols.
11. **T1010**: Application Window Discovery - Samurai can use an exfiltration module to download arbitrary files from compromised machines, which may involve discovering application windows.
12. **T1560**: Archive Collected Data - Samurai can base64 encode data sent in C2 communications prior to its encryption, which involves archiving collected data.

Here are the main technique IDs, excluding subtechnique IDs:

T1548, T1134, T1650, T1583, T1595, T1557, T1071","T1010, T1071, T1087, T1098, T1134, T1531, T1548, T1557, T1560, T1583, T1595, T1650",T1071,"T1010, T1087, T1098, T1134, T1531, T1548, T1557, T1560, T1583, T1595, T1650","T1005, T1036, T1059, T1083, T1105, T1106, T1112, T1132, T1543, T1573",0.0833333333333333,0.0909090909090909,0.0869565217391304,extra predicted IDs / false positives; missed gold IDs / false negatives,"{
  ""behaviors"": [
    {
      ""behavior"": ""Allow arbitrary C# code execution"",
      ""evidence"": ""Samurai allows arbitrary C# code execution""
    },
    {
      ""behavior"": ""Use a .NET HTTPListener class for HTTP POST requests"",
      ""evidence"": ""Samurai can use a .NET HTTPListener class to receive and handle HTTP POST requests""
    },
    {
      ""behavior"": ""Execute via Windows command line using remote command module"",
      ""evidence"": ""Samurai can use a remote command module for execution via the Windows command line""
    },
    {
      ""behavior"": ""Create service at HKLM\registry key to trigger execution and maintain persistence"",
      ""evidence"": ""Samurai can create a service at HKLM\\SOFTWARE\\Microsoft\\Windows NT\\CurrentVersion\\SvcHost to trigger execution and maintain persistence""
    },
    {
      ""behavior"": ""Base64 encode data sent in C2 communications prior to encryption"",
      ""evidence"": ""Samurai can base64 encode data sent in C2 communications prior to its encryption""
    },
    {
      ""behavior"": ""Download arbitrary files using exfiltration module"",
      ""evidence"": ""Samurai can leverage an exfiltration module to download arbitrary files from compromised machines""
    },
    {
      ""behavior"": ""Encrypt C2 communications with AES"",
      ""evidence"": ""Samurai can encrypt C2 communications with AES""
    },
    {
      ""behavior"": ""Use specific module for file enumeration"",
      ""evidence"": ""Samurai can use a specific module for file enumeration""
    },
    {
      ""behavior"": ""Create directory to contain DLLs for loading successive stages"",
      ""evidence"": ""Samurai has created the directory %COMMONPROGRAMFILES%\\Microsoft Shared\\wmi\\ to contain DLLs for loading successive stages""
    },
    {
      ""behavior"": ""Create multiple Registry keys to force svchost.exe process to load final backdoor"",
      ""evidence"": ""The Samurai loader component can create multiple Registry keys to force the svchost.exe process to load the final backdoor""
    },
    {
      ""behavior"": ""Call Windows APIs"",
      ""evidence"": ""Samurai has the ability to call Windows APIs""
    }
  ]
}",valid,"[{""behavior"": ""Allow arbitrary C# code execution"", ""evidence"": ""Samurai allows arbitrary C# code execution""}, {""behavior"": ""Use a .NET HTTPListener class for HTTP POST requests"", ""evidence"": ""Samurai can use a .NET HTTPListener class to receive and handle HTTP POST requests""}, {""behavior"": ""Execute via Windows command line using remote command module"", ""evidence"": ""Samurai can use a remote command module for execution via the Windows command line""}, {""behavior"": ""Create service at HKLM\registry key to trigger execution and maintain persistence"", ""evidence"": ""Samurai can create a service at HKLM\\SOFTWARE\\Microsoft\\Windows NT\\CurrentVersion\\SvcHost to trigger execution and maintain persistence""}, {""behavior"": ""Base64 encode data sent in C2 communications prior to encryption"", ""evidence"": ""Samurai can base64 encode data sent in C2 communications prior to its encryption""}, {""behavior"": ""Download arbitrary files using exfiltration module"", ""evidence"": ""Samurai can leverage an exfiltration module to download arbitrary files from compromised machines""}, {""behavior"": ""Encrypt C2 communications with AES"", ""evidence"": ""Samurai can encrypt C2 communications with AES""}, {""behavior"": ""Use specific module for file enumeration"", ""evidence"": ""Samurai can use a specific module for file enumeration""}, {""behavior"": ""Create directory to contain DLLs for loading successive stages"", ""evidence"": ""Samurai has created the directory %COMMONPROGRAMFILES%\\Microsoft Shared\\wmi\\ to contain DLLs for loading successive stages""}, {""behavior"": ""Create multiple Registry keys to force svchost.exe process to load final backdoor"", ""evidence"": ""The Samurai loader component can create multiple Registry keys to force the svchost.exe process to load the final backdoor""}, {""behavior"": ""Call Windows APIs"", ""evidence"": ""Samurai has the ability to call Windows APIs""}]","{
  ""mappings"": [
    {
      ""behavior"": ""Allow arbitrary C# code execution"",
      ""evidence"": ""Samurai allows arbitrary C# code execution"",
      ""technique_id"": ""T1055"",
      ""justification"": ""Process Injection: The behavior of allowing arbitrary C# code execution directly supports the Process Injection technique.""
    },
    {
      ""behavior"": ""Use a .NET HTTPListener class for HTTP POST requests"",
      ""evidence"": ""Samurai can use a .NET HTTPListener class to receive and handle HTTP POST requests"",
      ""technique_id"": ""T1041"",
      ""justification"": ""Exfiltration Over C2 Channel: The behavior of using a .NET HTTPListener class for HTTP POST requests directly supports the Exfiltration Over C2 Channel technique.""
    },
    {
      ""behavior"": ""Execute via Windows command line using remote command module"",
      ""evidence"": ""Samurai can use a remote command module for execution via the Windows command line"",
      ""technique_id"": ""T1056"",
      ""justification"": ""Input Capture: The behavior of executing via the Windows command line using a remote command module directly supports the Input Capture technique.""
    },
    {
      ""behavior"": ""Create service at HKLM\\registry key to trigger execution and maintain persistence"",
      ""evidence"": ""Samurai can create a service at HKLM\\SOFTWARE\\Microsoft\\Windows NT\\CurrentVersion\\SvcHost to trigger execution and maintain persistence"",
      ""technique_id"": ""T1547"",
      ""justification"": ""Boot or Logon Autostart Execution: The behavior of creating a service at the specified registry key directly supports the Boot or Logon Autostart Execution technique.""
    },
    {
      ""behavior"": ""Base64 encode data sent in C2 communications prior to encryption"",
      ""evidence"": ""Samurai can base64 encode data sent in C2 communications prior to its encryption"",
      ""technique_id"": ""T1021"",
      ""justification"": ""Remote Services: The behavior of base64 encoding data sent in C2 communications directly supports the Remote Services technique.""
    },
    {
      ""behavior"": ""Download arbitrary files using exfiltration module"",
      ""evidence"": ""Samurai can leverage an exfiltration module to download arbitrary files from compromised machines"",
      ""technique_id"": ""T1052"",
      ""justification"": ""Exfiltration Over Physical Medium: The behavior of downloading arbitrary files using an exfiltration module directly supports the Exfiltration Over Physical Medium technique.""
    },
    {
      ""behavior"": ""Encrypt C2 communications with AES"",
      ""evidence"": ""Samurai can encrypt C2 communications with AES"",
      ""technique_id"": ""T1486"",
      ""justification"": ""Data Encrypted for Impact: The behavior of encrypting C2 communications with AES directly supports the Data Encrypted for Impact technique.""
    },
    {
      ""behavior"": ""Use specific module for file enumeration"",
      ""evidence"": ""Samurai can use a specific module for file enumeration"",
      ""technique_id"": ""T1083"",
      ""justification"": ""File and Directory Discovery: The behavior of using a specific module for file enumeration directly supports the File and Directory Discovery technique.""
    },
    {
      ""behavior"": ""Create directory to contain DLLs for loading successive stages"",
      ""evidence"": ""Samurai has created the directory %COMMONPROGRAMFILES%\\Microsoft Shared\\wmi\\ to contain DLLs for loading successive stages"",
      ""technique_id"": ""T1059"",
      ""justification"": ""Command and Scripting Interpreter: The behavior of creating a directory to contain DLLs directly supports the Command and Scripting Interpreter technique.""
    },
    {
      ""behavior"": ""Create multiple Registry keys to force svchost.exe process to load final backdoor"",
      ""evidence"": ""The Samurai loader component can create multiple Registry keys to force the svchost.exe process to load the final backdoor"",
      ""technique_id"": ""T1543"",
      ""justification"": ""Create or Modify System Process: The behavior of creating multiple Registry keys directly supports the Create or Modify System Process technique.""
    },
    {
      ""behavior"": ""Call Windows APIs"",
      ""evidence"": ""Samurai has the ability to call Windows APIs"",
      ""technique_id"": ""T1057"",
      ""justification"": ""Process Discovery: The behavior of calling Windows APIs directly supports the Process Discovery technique.""
    }
  ],
  ""predicted_ids"": [
    ""T1041"",
    ""T1055"",
    ""T1056"",
    ""T1021"",
    ""T1052"",
    ""T1486"",
    ""T1083"",
    ""T1059"",
    ""T1543"",
    ""T1057""
  ]
}",valid,"[{""behavior"": ""Allow arbitrary C# code execution"", ""evidence"": ""Samurai allows arbitrary C# code execution"", ""technique_id"": ""T1055"", ""justification"": ""Process Injection: The behavior of allowing arbitrary C# code execution directly supports the Process Injection technique.""}, {""behavior"": ""Use a .NET HTTPListener class for HTTP POST requests"", ""evidence"": ""Samurai can use a .NET HTTPListener class to receive and handle HTTP POST requests"", ""technique_id"": ""T1041"", ""justification"": ""Exfiltration Over C2 Channel: The behavior of using a .NET HTTPListener class for HTTP POST requests directly supports the Exfiltration Over C2 Channel technique.""}, {""behavior"": ""Execute via Windows command line using remote command module"", ""evidence"": ""Samurai can use a remote command module for execution via the Windows command line"", ""technique_id"": ""T1056"", ""justification"": ""Input Capture: The behavior of executing via the Windows command line using a remote command module directly supports the Input Capture technique.""}, {""behavior"": ""Create service at HKLM\\registry key to trigger execution and maintain persistence"", ""evidence"": ""Samurai can create a service at HKLM\\SOFTWARE\\Microsoft\\Windows NT\\CurrentVersion\\SvcHost to trigger execution and maintain persistence"", ""technique_id"": ""T1547"", ""justification"": ""Boot or Logon Autostart Execution: The behavior of creating a service at the specified registry key directly supports the Boot or Logon Autostart Execution technique.""}, {""behavior"": ""Base64 encode data sent in C2 communications prior to encryption"", ""evidence"": ""Samurai can base64 encode data sent in C2 communications prior to its encryption"", ""technique_id"": ""T1021"", ""justification"": ""Remote Services: The behavior of base64 encoding data sent in C2 communications directly supports the Remote Services technique.""}, {""behavior"": ""Download arbitrary files using exfiltration module"", ""evidence"": ""Samurai can leverage an exfiltration module to download arbitrary files from compromised machines"", ""technique_id"": ""T1052"", ""justification"": ""Exfiltration Over Physical Medium: The behavior of downloading arbitrary files using an exfiltration module directly supports the Exfiltration Over Physical Medium technique.""}, {""behavior"": ""Encrypt C2 communications with AES"", ""evidence"": ""Samurai can encrypt C2 communications with AES"", ""technique_id"": ""T1486"", ""justification"": ""Data Encrypted for Impact: The behavior of encrypting C2 communications with AES directly supports the Data Encrypted for Impact technique.""}, {""behavior"": ""Use specific module for file enumeration"", ""evidence"": ""Samurai can use a specific module for file enumeration"", ""technique_id"": ""T1083"", ""justification"": ""File and Directory Discovery: The behavior of using a specific module for file enumeration directly supports the File and Directory Discovery technique.""}, {""behavior"": ""Create directory to contain DLLs for loading successive stages"", ""evidence"": ""Samurai has created the directory %COMMONPROGRAMFILES%\\Microsoft Shared\\wmi\\ to contain DLLs for loading successive stages"", ""technique_id"": ""T1059"", ""justification"": ""Command and Scripting Interpreter: The behavior of creating a directory to contain DLLs directly supports the Command and Scripting Interpreter technique.""}, {""behavior"": ""Create multiple Registry keys to force svchost.exe process to load final backdoor"", ""evidence"": ""The Samurai loader component can create multiple Registry keys to force the svchost.exe process to load the final backdoor"", ""technique_id"": ""T1543"", ""justification"": ""Create or Modify System Process: The behavior of creating multiple Registry keys directly supports the Create or Modify System Process technique.""}, {""behavior"": ""Call Windows APIs"", ""evidence"": ""Samurai has the ability to call Windows APIs"", ""technique_id"": ""T1057"", ""justification"": ""Process Discovery: The behavior of calling Windows APIs directly supports the Process Discovery technique.""}]","T1021, T1041, T1052, T1055, T1056, T1057, T1059, T1083, T1486, T1543",,"T1059, T1083, T1543","T1021, T1041, T1052, T1055, T1056, T1057, T1486","T1005, T1036, T1071, T1105, T1106, T1112, T1132, T1573",0.3,0.2727272727272727,0.2857142857142856,,12,10,1,3,11,7,10,8,"T1010, T1087, T1098, T1134, T1531, T1548, T1557, T1560, T1583, T1595, T1650",11,"T1021, T1041, T1052, T1055, T1056, T1057, T1486",7,"T1059, T1083, T1543",3,T1071,1,"T1059, T1083, T1543",3,T1071,1,0.21666666666666667,0.18181818181818182,0.19875776397515518,high,large_fp_reduction; new_false_positives; gold_ids_recovered; new_false_negatives; many_remaining_false_positives,,,,,
54,Enterprise,"Akira ransomware, written in C++, is most prominently (but not exclusively) associated with the a ransomware-as-a-service entity Akira. Akira will execute PowerShell commands to delete system volume shadow copies. Akira executes from the Windows command line and can take various arguments for execution. Akira encrypts victim filesystems for financial extortion purposes. Akira examines files prior to encryption to determine if they meet requirements for encryption and can be encrypted by the ransomware. These checks are performed through native Windows functions such as GetFileAttributesW. Akira will delete system volume shadow copies via PowerShell commands. Akira executes native Windows functions such as GetFileAttributesW and GetSystemInfo. Akira can identify remote file shares for encryption. Akira verifies the deletion of volume shadow copies by checking for the existence of the process ID related to the process created to delete these items. Akira uses the GetSystemInfo Windows function to determine the number of processors on a victim machine. Akira will leverage COM objects accessed through WMI during execution to evade detection.","T1047, T1057, T1059, T1082, T1083, T1106, T1135, T1486, T1490","After analyzing the provided text, I have identified the following MITRE Enterprise attack patterns and mapped them to their corresponding technique IDs:

1. **T1134**: Access Token Manipulation - Akira uses native Windows functions such as GetFileAttributesW to examine files prior to encryption.
2. **T1548**: Abuse Elevation Control Mechanism - Akira executes from the Windows command line and can take various arguments for execution, potentially abusing elevation control mechanisms.
3. **T1087**: Account Discovery - Akira uses native Windows functions such as GetSystemInfo to determine the number of processors on a victim machine, which may be used to discover account information.
4. **T1098**: Account Manipulation - Akira leverages COM objects accessed through WMI during execution to evade detection and potentially manipulate accounts.
5. **T1650**: Acquire Access - Akira encrypts victim filesystems for financial extortion purposes, implying that it acquires access to the system.
6. **T1583**: Acquire Infrastructure - Akira uses PowerShell commands to delete system volume shadow copies, which may be used to acquire infrastructure on the compromised system.
7. **T1557**: Adversary-in-the-Middle - Akira's use of native Windows functions and COM objects suggests that it may be operating as an adversary-in-the-middle.
8. **T1071**: Application Layer Protocol - Akira uses PowerShell commands, which is an application-layer protocol.
9. **T1010**: Application Window Discovery - Akira executes from the Windows command line, implying that it discovers application windows.

The main techniques identified are:

T1134, T1548, T1087, T1098, T1650, T1583, T1557, T1071","T1010, T1071, T1087, T1098, T1134, T1548, T1557, T1583, T1650",,"T1010, T1071, T1087, T1098, T1134, T1548, T1557, T1583, T1650","T1047, T1057, T1059, T1082, T1083, T1106, T1135, T1486, T1490",0.0,0.0,0.0,extra predicted IDs / false positives; missed gold IDs / false negatives,"{
  ""behaviors"": [
    {
      ""behavior"": ""Execute PowerShell commands"",
      ""evidence"": ""Akira will execute PowerShell commands to delete system volume shadow copies.""
    },
    {
      ""behavior"": ""Delete system volume shadow copies via PowerShell"",
      ""evidence"": ""Akira will delete system volume shadow copies via PowerShell commands.""
    },
    {
      ""behavior"": ""Execute from Windows command line"",
      ""evidence"": ""Akira executes from the Windows command line and can take various arguments for execution.""
    },
    {
      ""behavior"": ""Encrypt victim filesystems"",
      ""evidence"": ""Akira encrypts victim filesystems for financial extortion purposes.""
    },
    {
      ""behavior"": ""Examine files prior to encryption"",
      ""evidence"": ""Akira examines files prior to encryption to determine if they meet requirements for encryption and can be encrypted by the ransomware.""
    },
    {
      ""behavior"": ""Use native Windows functions (GetFileAttributesW)"",
      ""evidence"": ""These checks are performed through native Windows functions such as GetFileAttributesW.""
    },
    {
      ""behavior"": ""Identify remote file shares for encryption"",
      ""evidence"": ""Akira can identify remote file shares for encryption.""
    },
    {
      ""behavior"": ""Verify deletion of volume shadow copies"",
      ""evidence"": ""Akira verifies the deletion of volume shadow copies by checking for the existence of the process ID related to the process created to delete these items.""
    },
    {
      ""behavior"": ""Use native Windows functions (GetSystemInfo)"",
      ""evidence"": ""Akira executes native Windows functions such as GetFileAttributesW and GetSystemInfo.""
    },
    {
      ""behavior"": ""Leverage COM objects accessed through WMI"",
      ""evidence"": ""Akira will leverage COM objects accessed through WMI during execution to evade detection.""
    }
  ]
}",valid,"[{""behavior"": ""Execute PowerShell commands"", ""evidence"": ""Akira will execute PowerShell commands to delete system volume shadow copies.""}, {""behavior"": ""Delete system volume shadow copies via PowerShell"", ""evidence"": ""Akira will delete system volume shadow copies via PowerShell commands.""}, {""behavior"": ""Execute from Windows command line"", ""evidence"": ""Akira executes from the Windows command line and can take various arguments for execution.""}, {""behavior"": ""Encrypt victim filesystems"", ""evidence"": ""Akira encrypts victim filesystems for financial extortion purposes.""}, {""behavior"": ""Examine files prior to encryption"", ""evidence"": ""Akira examines files prior to encryption to determine if they meet requirements for encryption and can be encrypted by the ransomware.""}, {""behavior"": ""Use native Windows functions (GetFileAttributesW)"", ""evidence"": ""These checks are performed through native Windows functions such as GetFileAttributesW.""}, {""behavior"": ""Identify remote file shares for encryption"", ""evidence"": ""Akira can identify remote file shares for encryption.""}, {""behavior"": ""Verify deletion of volume shadow copies"", ""evidence"": ""Akira verifies the deletion of volume shadow copies by checking for the existence of the process ID related to the process created to delete these items.""}, {""behavior"": ""Use native Windows functions (GetSystemInfo)"", ""evidence"": ""Akira executes native Windows functions such as GetFileAttributesW and GetSystemInfo.""}, {""behavior"": ""Leverage COM objects accessed through WMI"", ""evidence"": ""Akira will leverage COM objects accessed through WMI during execution to evade detection.""}]","{
  ""mappings"": [
    {
      ""behavior"": ""Execute PowerShell commands"",
      ""evidence"": ""Akira will execute PowerShell commands to delete system volume shadow copies."",
      ""technique_id"": ""T1055"",
      ""justification"": ""Process Injection: Akira executes PowerShell commands, which is a process injection technique.""
    },
    {
      ""behavior"": ""Delete system volume shadow copies via PowerShell"",
      ""evidence"": ""Akira will delete system volume shadow copies via PowerShell commands."",
      ""technique_id"": ""T1055"",
      ""justification"": ""Process Injection: Akira executes PowerShell commands, which is a process injection technique.""
    },
    {
      ""behavior"": ""Execute from Windows command line"",
      ""evidence"": ""Akira executes from the Windows command line and can take various arguments for execution."",
      ""technique_id"": ""T1055"",
      ""justification"": ""Process Injection: Akira executes from the Windows command line, which is a process injection technique.""
    },
    {
      ""behavior"": ""Encrypt victim filesystems"",
      ""evidence"": ""Akira encrypts victim filesystems for financial extortion purposes."",
      ""technique_id"": ""T1486"",
      ""justification"": ""Data Encrypted for Impact: Akira encrypts victim filesystems, which is a data encryption technique.""
    },
    {
      ""behavior"": ""Examine files prior to encryption"",
      ""evidence"": ""Akira examines files prior to encryption to determine if they meet requirements for encryption and can be encrypted by the ransomware."",
      ""technique_id"": ""T1059"",
      ""justification"": ""Command and Scripting Interpreter: Akira examines files prior to encryption, which involves using a command or scripting interpreter.""
    },
    {
      ""behavior"": ""Use native Windows functions (GetFileAttributesW)"",
      ""evidence"": ""These checks are performed through native Windows functions such as GetFileAttributesW."",
      ""technique_id"": ""T1059"",
      ""justification"": ""Command and Scripting Interpreter: Akira uses native Windows functions, which involves using a command or scripting interpreter.""
    },
    {
      ""behavior"": ""Identify remote file shares for encryption"",
      ""evidence"": ""Akira can identify remote file shares for encryption."",
      ""technique_id"": ""T1049"",
      ""justification"": ""System Network Connections Discovery: Akira identifies remote file shares, which involves discovering system network connections.""
    },
    {
      ""behavior"": ""Verify deletion of volume shadow copies"",
      ""evidence"": ""Akira verifies the deletion of volume shadow copies by checking for the existence of the process ID related to the process created to delete these items."",
      ""technique_id"": ""T1039"",
      ""justification"": ""Data from Network Shared Drive: Akira verifies the deletion of volume shadow copies, which involves accessing data from a network shared drive.""
    },
    {
      ""behavior"": ""Use native Windows functions (GetSystemInfo)"",
      ""evidence"": ""Akira executes native Windows functions such as GetFileAttributesW and GetSystemInfo."",
      ""technique_id"": ""T1059"",
      ""justification"": ""Command and Scripting Interpreter: Akira uses native Windows functions, which involves using a command or scripting interpreter.""
    },
    {
      ""behavior"": ""Leverage COM objects accessed through WMI"",
      ""evidence"": ""Akira will leverage COM objects accessed through WMI during execution to evade detection."",
      ""technique_id"": ""T1052"",
      ""justification"": ""Exfiltration Over Physical Medium: Akira leverages COM objects, which involves exfiltrating data over a physical medium.""
    }
  ],
  ""predicted_ids"": [
    ""T1055"",
    ""T1486"",
    ""T1049"",
    ""T1039"",
    ""T1052""
  ]
}",valid,"[{""behavior"": ""Execute PowerShell commands"", ""evidence"": ""Akira will execute PowerShell commands to delete system volume shadow copies."", ""technique_id"": ""T1055"", ""justification"": ""Process Injection: Akira executes PowerShell commands, which is a process injection technique.""}, {""behavior"": ""Delete system volume shadow copies via PowerShell"", ""evidence"": ""Akira will delete system volume shadow copies via PowerShell commands."", ""technique_id"": ""T1055"", ""justification"": ""Process Injection: Akira executes PowerShell commands, which is a process injection technique.""}, {""behavior"": ""Execute from Windows command line"", ""evidence"": ""Akira executes from the Windows command line and can take various arguments for execution."", ""technique_id"": ""T1055"", ""justification"": ""Process Injection: Akira executes from the Windows command line, which is a process injection technique.""}, {""behavior"": ""Encrypt victim filesystems"", ""evidence"": ""Akira encrypts victim filesystems for financial extortion purposes."", ""technique_id"": ""T1486"", ""justification"": ""Data Encrypted for Impact: Akira encrypts victim filesystems, which is a data encryption technique.""}, {""behavior"": ""Examine files prior to encryption"", ""evidence"": ""Akira examines files prior to encryption to determine if they meet requirements for encryption and can be encrypted by the ransomware."", ""technique_id"": ""T1059"", ""justification"": ""Command and Scripting Interpreter: Akira examines files prior to encryption, which involves using a command or scripting interpreter.""}, {""behavior"": ""Use native Windows functions (GetFileAttributesW)"", ""evidence"": ""These checks are performed through native Windows functions such as GetFileAttributesW."", ""technique_id"": ""T1059"", ""justification"": ""Command and Scripting Interpreter: Akira uses native Windows functions, which involves using a command or scripting interpreter.""}, {""behavior"": ""Identify remote file shares for encryption"", ""evidence"": ""Akira can identify remote file shares for encryption."", ""technique_id"": ""T1049"", ""justification"": ""System Network Connections Discovery: Akira identifies remote file shares, which involves discovering system network connections.""}, {""behavior"": ""Verify deletion of volume shadow copies"", ""evidence"": ""Akira verifies the deletion of volume shadow copies by checking for the existence of the process ID related to the process created to delete these items."", ""technique_id"": ""T1039"", ""justification"": ""Data from Network Shared Drive: Akira verifies the deletion of volume shadow copies, which involves accessing data from a network shared drive.""}, {""behavior"": ""Use native Windows functions (GetSystemInfo)"", ""evidence"": ""Akira executes native Windows functions such as GetFileAttributesW and GetSystemInfo."", ""technique_id"": ""T1059"", ""justification"": ""Command and Scripting Interpreter: Akira uses native Windows functions, which involves using a command or scripting interpreter.""}, {""behavior"": ""Leverage COM objects accessed through WMI"", ""evidence"": ""Akira will leverage COM objects accessed through WMI during execution to evade detection."", ""technique_id"": ""T1052"", ""justification"": ""Exfiltration Over Physical Medium: Akira leverages COM objects, which involves exfiltrating data over a physical medium.""}]","T1039, T1049, T1052, T1055, T1486",,T1486,"T1039, T1049, T1052, T1055","T1047, T1057, T1059, T1082, T1083, T1106, T1135, T1490",0.2,0.1111111111111111,0.1428571428571428,,9,5,0,1,9,4,9,8,"T1010, T1071, T1087, T1098, T1134, T1548, T1557, T1583, T1650",9,"T1039, T1049, T1052, T1055",4,T1486,1,,0,T1486,1,,0,0.2,0.1111111111111111,0.1428571428571428,high,large_fp_reduction; new_false_positives; gold_ids_recovered; many_remaining_false_positives,,,,,
59,Mobile,"Phenakite is a mobile malware that is used by APT-C-23 to target iOS devices. According to several reports, Phenakite was developed to fill a tooling gap and to target those who owned iPhones instead of Windows desktops or Android phones. Phenakite can record phone calls. Phenakite can collect and exfiltrate WhatsApp media, photos and files with specific extensions, such as .pdf and .doc. Phenakite has included exploits for jailbreaking infected devices. Phenakite can download additional malware to the victim device. Phenakite has used phishing sites for iCloud and Facebook if either of those were used for authentication during the chat sign up process. Phenakite can masquerade as the chat application ""Magic Smile."" Phenakite can exfiltrate the victim device’s contact list. Phenakite can read SMS messages. Phenakite can collect device metadata. Phenakite can capture pictures and videos.","T1404, T1417, T1426, T1429, T1512, T1533, T1544, T1636, T1655","After analyzing the text, I have identified the following MITRE Mobile attack patterns and mapped them to their corresponding technique IDs:

1. **T1616: Call Control** - Phenakite can record phone calls.
2. **T1429: Audio Capture** - Phenakite can capture pictures and videos (this is a broader capability that includes audio capture).
3. **T1407: Download New Code at Runtime** - Phenakite has included exploits for jailbreaking infected devices, which implies downloading new code at runtime.
4. **T1630: Indicator Removal on Host** - Phenakite can masquerade as the chat application ""Magic Smile"", indicating removal of indicators (e.g., the original app icon).
5. **T1417: Input Capture** - Phenakite can collect and exfiltrate WhatsApp media, photos, and files with specific extensions.
6. **T1428: Exploitation of Remote Services** - Phenakite has used phishing sites for iCloud and Facebook if either of those were used for authentication during the chat sign up process (this implies exploitation of remote services).
7. **T1634: Credentials from Password Store** - Phenakite can collect device metadata, which may include credentials stored in a password store.
8. **T1421: System Network Connections Discovery** - Phenakite can read SMS messages and collect contact list information, indicating discovery of system network connections.
9. **T1513: Screen Capture** - Phenakite can capture pictures and videos (this is a broader capability that includes screen capture).
10. **T1635: Steal Application Access Token** - Phenakite can masquerade as the chat application ""Magic Smile"", which implies stealing an access token for the original app.
11. **T1409: Stored Application Data** - Phenakite can collect and exfiltrate WhatsApp media, photos, and files with specific extensions (this is a broader capability that includes stored application data).
12. **T1426: System Information Discovery** - Phenakite can collect device metadata, which may include system information.

Here are the main technique IDs, excluding subtechnique IDs:

T1616, T1429, T1407, T1630, T1417, T1428, T1634, T1421, T1513, T1635, T1409","T1407, T1409, T1417, T1421, T1426, T1428, T1429, T1513, T1616, T1630, T1634, T1635","T1417, T1426, T1429","T1407, T1409, T1421, T1428, T1513, T1616, T1630, T1634, T1635","T1404, T1512, T1533, T1544, T1636, T1655",0.25,0.3333333333333333,0.2857142857142857,extra predicted IDs / false positives; missed gold IDs / false negatives,"{
  ""behaviors"": [
    {
      ""behavior"": ""Record phone calls"",
      ""evidence"": ""Phenakite can record phone calls.""
    },
    {
      ""behavior"": ""Collect WhatsApp media, photos, and files with specific extensions"",
      ""evidence"": ""collect and exfiltrate WhatsApp media, photos and files with specific extensions""
    },
    {
      ""behavior"": ""Download additional malware"",
      ""evidence"": ""Phenakite can download additional malware to the victim device.""
    },
    {
      ""behavior"": ""Use phishing sites for iCloud and Facebook authentication"",
      ""evidence"": ""Phenakite has used phishing sites for iCloud and Facebook if either of those were used for authentication during the chat sign up process.""
    },
    {
      ""behavior"": ""Masquerade as a chat application"",
      ""evidence"": ""Phenakite can masquerade as the chat application 'Magic Smile'.""
    },
    {
      ""behavior"": ""Exfiltrate contact list"",
      ""evidence"": ""Phenakite can exfiltrate the victim device’s contact list.""
    },
    {
      ""behavior"": ""Read SMS messages"",
      ""evidence"": ""Phenakite can read SMS messages.""
    },
    {
      ""behavior"": ""Collect device metadata"",
      ""evidence"": ""Phenakite can collect device metadata.""
    },
    {
      ""behavior"": ""Capture pictures and videos"",
      ""evidence"": ""Phenakite can capture pictures and videos.""
    }
  ]
}",valid,"[{""behavior"": ""Record phone calls"", ""evidence"": ""Phenakite can record phone calls.""}, {""behavior"": ""Collect WhatsApp media, photos, and files with specific extensions"", ""evidence"": ""collect and exfiltrate WhatsApp media, photos and files with specific extensions""}, {""behavior"": ""Download additional malware"", ""evidence"": ""Phenakite can download additional malware to the victim device.""}, {""behavior"": ""Use phishing sites for iCloud and Facebook authentication"", ""evidence"": ""Phenakite has used phishing sites for iCloud and Facebook if either of those were used for authentication during the chat sign up process.""}, {""behavior"": ""Masquerade as a chat application"", ""evidence"": ""Phenakite can masquerade as the chat application 'Magic Smile'.""}, {""behavior"": ""Exfiltrate contact list"", ""evidence"": ""Phenakite can exfiltrate the victim device’s contact list.""}, {""behavior"": ""Read SMS messages"", ""evidence"": ""Phenakite can read SMS messages.""}, {""behavior"": ""Collect device metadata"", ""evidence"": ""Phenakite can collect device metadata.""}, {""behavior"": ""Capture pictures and videos"", ""evidence"": ""Phenakite can capture pictures and videos.""}]","{
  ""mappings"": [
    {
      ""behavior"": ""Record phone calls"",
      ""evidence"": ""Phenakite can record phone calls."",
      ""technique_id"": ""T1429"",
      ""justification"": ""Direct match with Audio Capture technique""
    },
    {
      ""behavior"": ""Collect WhatsApp media, photos, and files with specific extensions"",
      ""evidence"": ""collect and exfiltrate WhatsApp media, photos and files with specific extensions"",
      ""technique_id"": ""T1639"",
      ""justification"": ""Direct match with Exfiltration Over Alternative Protocol technique""
    },
    {
      ""behavior"": ""Download additional malware"",
      ""evidence"": ""Phenakite can download additional malware to the victim device."",
      ""technique_id"": ""T1404"",
      ""justification"": ""Direct match with Exploitation for Privilege Escalation technique, but more likely matches Download New Code at Runtime""
    },
    {
      ""behavior"": ""Use phishing sites for iCloud and Facebook authentication"",
      ""evidence"": ""Phenakite has used phishing sites for iCloud and Facebook if either of those were used for authentication during the chat sign up process."",
      ""technique_id"": ""T1660"",
      ""justification"": ""Direct match with Phishing technique""
    },
    {
      ""behavior"": ""Masquerade as a chat application"",
      ""evidence"": ""Phenakite can masquerade as the chat application 'Magic Smile'."",
      ""technique_id"": ""T1655"",
      ""justification"": ""Direct match with Masquerading technique""
    },
    {
      ""behavior"": ""Exfiltrate contact list"",
      ""evidence"": ""Phenakite can exfiltrate the victim device’s contact list."",
      ""technique_id"": ""T1639"",
      ""justification"": ""Direct match with Exfiltration Over Alternative Protocol technique""
    },
    {
      ""behavior"": ""Read SMS messages"",
      ""evidence"": ""Phenakite can read SMS messages."",
      ""technique_id"": ""T1582"",
      ""justification"": ""Direct match with SMS Control technique""
    },
    {
      ""behavior"": ""Collect device metadata"",
      ""evidence"": ""Phenakite can collect device metadata."",
      ""technique_id"": ""T1426"",
      ""justification"": ""Direct match with System Information Discovery technique""
    },
    {
      ""behavior"": ""Capture pictures and videos"",
      ""evidence"": ""Phenakite can capture pictures and videos."",
      ""technique_id"": ""T1512"",
      ""justification"": ""Direct match with Video Capture technique""
    }
  ],
  ""predicted_ids"": [
    ""T1404"", 
    ""T1429"", 
    ""T1639"", 
    ""T1660"", 
    ""T1655"", 
    ""T1582"", 
    ""T1426"", 
    ""T1512""
  ]
}",valid,"[{""behavior"": ""Record phone calls"", ""evidence"": ""Phenakite can record phone calls."", ""technique_id"": ""T1429"", ""justification"": ""Direct match with Audio Capture technique""}, {""behavior"": ""Collect WhatsApp media, photos, and files with specific extensions"", ""evidence"": ""collect and exfiltrate WhatsApp media, photos and files with specific extensions"", ""technique_id"": ""T1639"", ""justification"": ""Direct match with Exfiltration Over Alternative Protocol technique""}, {""behavior"": ""Download additional malware"", ""evidence"": ""Phenakite can download additional malware to the victim device."", ""technique_id"": ""T1404"", ""justification"": ""Direct match with Exploitation for Privilege Escalation technique, but more likely matches Download New Code at Runtime""}, {""behavior"": ""Use phishing sites for iCloud and Facebook authentication"", ""evidence"": ""Phenakite has used phishing sites for iCloud and Facebook if either of those were used for authentication during the chat sign up process."", ""technique_id"": ""T1660"", ""justification"": ""Direct match with Phishing technique""}, {""behavior"": ""Masquerade as a chat application"", ""evidence"": ""Phenakite can masquerade as the chat application 'Magic Smile'."", ""technique_id"": ""T1655"", ""justification"": ""Direct match with Masquerading technique""}, {""behavior"": ""Exfiltrate contact list"", ""evidence"": ""Phenakite can exfiltrate the victim device’s contact list."", ""technique_id"": ""T1639"", ""justification"": ""Direct match with Exfiltration Over Alternative Protocol technique""}, {""behavior"": ""Read SMS messages"", ""evidence"": ""Phenakite can read SMS messages."", ""technique_id"": ""T1582"", ""justification"": ""Direct match with SMS Control technique""}, {""behavior"": ""Collect device metadata"", ""evidence"": ""Phenakite can collect device metadata."", ""technique_id"": ""T1426"", ""justification"": ""Direct match with System Information Discovery technique""}, {""behavior"": ""Capture pictures and videos"", ""evidence"": ""Phenakite can capture pictures and videos."", ""technique_id"": ""T1512"", ""justification"": ""Direct match with Video Capture technique""}]","T1404, T1426, T1429, T1512, T1582, T1639, T1655, T1660",,"T1404, T1426, T1429, T1512, T1655","T1582, T1639, T1660","T1417, T1533, T1544, T1636",0.625,0.5555555555555556,0.5882352941176471,,12,8,3,5,9,3,6,4,"T1407, T1409, T1421, T1428, T1513, T1616, T1630, T1634, T1635",9,"T1582, T1639, T1660",3,"T1404, T1512, T1655",3,T1417,1,"T1404, T1512, T1655",3,T1417,1,0.375,0.22222222222222227,0.3025210084033614,high,large_fp_reduction; new_false_positives; gold_ids_recovered; new_false_negatives; many_remaining_false_positives,,,,,
16,Mobile,"Android/AdDisplay.Ashas is a variant of adware that has been distributed through several apps on the Google Play Store. It communicates with its command and control (C2) server via HTTP and registers to receive the BOOT_COMPLETED broadcast intent, allowing it to activate upon device startup. The adware generates revenue by automatically displaying ads. To avoid detection, Android/AdDisplay.Ashas can hide its icon and create a shortcut based on instructions from the C2 server. It also mimics Facebook and Google icons on the ""Recent apps"" screen and uses a com.google.xxx package name to further evade identification. The C2 server address is concealed using base-64 encoding. Additionally, Android/AdDisplay.Ashas checks the number of installed apps, specifically looking for Facebook or FB Messenger. It collects various device information, including device type, OS version, language, free storage space, battery status, root status, and whether developer mode is enabled. The adware also ensures that the device's IP is not within known Google IP ranges before triggering its payload and can delay payload deployment to avoid detection during testing and to prevent association with unwanted ads.","T1406, T1418, T1426, T1437, T1624, T1628, T1633, T1643, T1655","After analyzing the text, I have identified the following MITRE Mobile attack patterns and mapped them to their corresponding technique IDs:

1. **T1437: Application Layer Protocol** - Android/AdDisplay.Ashas communicates with its C2 server via HTTP.
2. **T1623: Command and Scripting Interpreter** - The adware uses base-64 encoding to conceal the C2 server address, which implies the use of a command or scripting interpreter.
3. **T1532: Archive Collected Data** - Android/AdDisplay.Ashas collects various device information, including device type, OS version, language, free storage space, battery status, root status, and whether developer mode is enabled.
4. **T1429: Audio Capture** - Although not explicitly mentioned, the adware's ability to collect device information implies it can capture audio data (e.g., microphone access).
5. **T1407: Download New Code at Runtime** - Android/AdDisplay.Ashas receives instructions from the C2 server to create a shortcut and hide its icon.
6. **T1456: Drive-By Compromise** - The adware is distributed through apps on the Google Play Store, which can lead to drive-by compromise if users install these apps without proper vetting.
7. **T1634: Credentials from Password Store** - Although not explicitly mentioned, the adware's ability to collect device information implies it can access password stores (e.g., keychain or credential storage).
8. **T1646: Exfiltration Over C2 Channel** - Android/AdDisplay.Ashas communicates with its C2 server via HTTP, which is a common channel for exfiltrating data.
9. **T1625: Hijack Execution Flow** - The adware can delay payload deployment to avoid detection during testing and to prevent association with unwanted ads.
10. **T1630: Indicator Removal on Host** - Android/AdDisplay.Ashas hides its icon and creates a shortcut based on instructions from the C2 server, which is an indicator removal tactic.

Here are the main technique IDs, excluding subtechnique IDs:

T1437, T1623, T1532, T1429, T1407, T1456, T1634, T1646, T1625, T1630","T1407, T1429, T1437, T1456, T1532, T1623, T1625, T1630, T1634, T1646",T1437,"T1407, T1429, T1456, T1532, T1623, T1625, T1630, T1634, T1646","T1406, T1418, T1426, T1624, T1628, T1633, T1643, T1655",0.1,0.1111111111111111,0.1052631578947368,extra predicted IDs / false positives; missed gold IDs / false negatives,"{
  ""behaviors"": [
    {
      ""behavior"": ""Communicate with C2 server via HTTP"",
      ""evidence"": ""communicates with its command and control (C2) server via HTTP""
    },
    {
      ""behavior"": ""Register to receive BOOT_COMPLETED broadcast intent"",
      ""evidence"": ""registers to receive the BOOT_COMPLETED broadcast intent, allowing it to activate upon device startup""
    },
    {
      ""behavior"": ""Display ads automatically"",
      ""evidence"": ""The adware generates revenue by automatically displaying ads.""
    },
    {
      ""behavior"": ""Hide icon and create shortcut based on C2 server instructions"",
      ""evidence"": ""To avoid detection, Android/AdDisplay.Ashas can hide its icon and create a shortcut based on instructions from the C2 server""
    },
    {
      ""behavior"": ""Mimic Facebook and Google icons on Recent apps screen"",
      ""evidence"": ""mimics Facebook and Google icons on the \""Recent apps\"" screen""
    },
    {
      ""behavior"": ""Use com.google.xxx package name to evade identification"",
      ""evidence"": ""uses a com.google.xxx package name to further evade identification""
    },
    {
      ""behavior"": ""Conceal C2 server address using base-64 encoding"",
      ""evidence"": ""The C2 server address is concealed using base-64 encoding.""
    },
    {
      ""behavior"": ""Check for installed apps (Facebook or FB Messenger)"",
      ""evidence"": ""It checks the number of installed apps, specifically looking for Facebook or FB Messenger""
    },
    {
      ""behavior"": ""Collect device information"",
      ""evidence"": ""collects various device information, including device type, OS version, language, free storage space, battery status, root status, and whether developer mode is enabled""
    },
    {
      ""behavior"": ""Check if device IP is within known Google IP ranges before triggering payload"",
      ""evidence"": ""The adware also ensures that the device's IP is not within known Google IP ranges before triggering its payload""
    },
    {
      ""behavior"": ""Delay payload deployment to avoid detection during testing and unwanted ads association"",
      ""evidence"": ""can delay payload deployment to avoid detection during testing and to prevent association with unwanted ads""
    }
  ]
}",valid,"[{""behavior"": ""Communicate with C2 server via HTTP"", ""evidence"": ""communicates with its command and control (C2) server via HTTP""}, {""behavior"": ""Register to receive BOOT_COMPLETED broadcast intent"", ""evidence"": ""registers to receive the BOOT_COMPLETED broadcast intent, allowing it to activate upon device startup""}, {""behavior"": ""Display ads automatically"", ""evidence"": ""The adware generates revenue by automatically displaying ads.""}, {""behavior"": ""Hide icon and create shortcut based on C2 server instructions"", ""evidence"": ""To avoid detection, Android/AdDisplay.Ashas can hide its icon and create a shortcut based on instructions from the C2 server""}, {""behavior"": ""Mimic Facebook and Google icons on Recent apps screen"", ""evidence"": ""mimics Facebook and Google icons on the \""Recent apps\"" screen""}, {""behavior"": ""Use com.google.xxx package name to evade identification"", ""evidence"": ""uses a com.google.xxx package name to further evade identification""}, {""behavior"": ""Conceal C2 server address using base-64 encoding"", ""evidence"": ""The C2 server address is concealed using base-64 encoding.""}, {""behavior"": ""Check for installed apps (Facebook or FB Messenger)"", ""evidence"": ""It checks the number of installed apps, specifically looking for Facebook or FB Messenger""}, {""behavior"": ""Collect device information"", ""evidence"": ""collects various device information, including device type, OS version, language, free storage space, battery status, root status, and whether developer mode is enabled""}, {""behavior"": ""Check if device IP is within known Google IP ranges before triggering payload"", ""evidence"": ""The adware also ensures that the device's IP is not within known Google IP ranges before triggering its payload""}, {""behavior"": ""Delay payload deployment to avoid detection during testing and unwanted ads association"", ""evidence"": ""can delay payload deployment to avoid detection during testing and to prevent association with unwanted ads""}]","{
  ""mappings"": [
    {
      ""behavior"": ""Communicate with C2 server via HTTP"",
      ""evidence"": ""communicates with its command and control (C2) server via HTTP"",
      ""technique_id"": ""T1646"",
      ""justification"": ""Direct match to Exfiltration Over C2 Channel""
    },
    {
      ""behavior"": ""Register to receive BOOT_COMPLETED broadcast intent"",
      ""evidence"": ""registers to receive the BOOT_COMPLETED broadcast intent, allowing it to activate upon device startup"",
      ""technique_id"": ""T1398"",
      ""justification"": ""Direct match to Boot or Logon Initialization Scripts""
    },
    {
      ""behavior"": ""Display ads automatically"",
      ""evidence"": ""The adware generates revenue by automatically displaying ads."",
      ""technique_id"": """",
      ""justification"": """"
    },
    {
      ""behavior"": ""Hide icon and create shortcut based on C2 server instructions"",
      ""evidence"": ""To avoid detection, Android/AdDisplay.Ashas can hide its icon and create a shortcut based on instructions from the C2 server"",
      ""technique_id"": """",
      ""justification"": """"
    },
    {
      ""behavior"": ""Mimic Facebook and Google icons on Recent apps screen"",
      ""evidence"": ""mimics Facebook and Google icons on the \""Recent apps\"" screen"",
      ""technique_id"": """",
      ""justification"": """"
    },
    {
      ""behavior"": ""Use com.google.xxx package name to evade identification"",
      ""evidence"": ""uses a com.google.xxx package name to further evade identification"",
      ""technique_id"": """",
      ""justification"": """"
    },
    {
      ""behavior"": ""Conceal C2 server address using base-64 encoding"",
      ""evidence"": ""The C2 server address is concealed using base-64 encoding."",
      ""technique_id"": """",
      ""justification"": """"
    },
    {
      ""behavior"": ""Check for installed apps (Facebook or FB Messenger)"",
      ""evidence"": ""It checks the number of installed apps, specifically looking for Facebook or FB Messenger"",
      ""technique_id"": """",
      ""justification"": """"
    },
    {
      ""behavior"": ""Collect device information"",
      ""evidence"": ""collects various device information, including device type, OS version, language, free storage space, battery status, root status, and whether developer mode is enabled"",
      ""technique_id"": ""T1426"",
      ""justification"": ""Direct match to System Information Discovery""
    },
    {
      ""behavior"": ""Check if device IP is within known Google IP ranges before triggering payload"",
      ""evidence"": ""The adware also ensures that the device's IP is not within known Google IP ranges before triggering its payload"",
      ""technique_id"": """",
      ""justification"": """"
    },
    {
      ""behavior"": ""Delay payload deployment to avoid detection during testing and unwanted ads association"",
      ""evidence"": ""can delay payload deployment to avoid detection during testing and to prevent association with unwanted ads"",
      ""technique_id"": """",
      ""justification"": """"
    }
  ],
  ""predicted_ids"": [
    ""T1646"",
    ""T1398"",
    ""T1426""
  ]
}",valid,"[{""behavior"": ""Communicate with C2 server via HTTP"", ""evidence"": ""communicates with its command and control (C2) server via HTTP"", ""technique_id"": ""T1646"", ""justification"": ""Direct match to Exfiltration Over C2 Channel""}, {""behavior"": ""Register to receive BOOT_COMPLETED broadcast intent"", ""evidence"": ""registers to receive the BOOT_COMPLETED broadcast intent, allowing it to activate upon device startup"", ""technique_id"": ""T1398"", ""justification"": ""Direct match to Boot or Logon Initialization Scripts""}, {""behavior"": ""Display ads automatically"", ""evidence"": ""The adware generates revenue by automatically displaying ads."", ""technique_id"": """", ""justification"": """"}, {""behavior"": ""Hide icon and create shortcut based on C2 server instructions"", ""evidence"": ""To avoid detection, Android/AdDisplay.Ashas can hide its icon and create a shortcut based on instructions from the C2 server"", ""technique_id"": """", ""justification"": """"}, {""behavior"": ""Mimic Facebook and Google icons on Recent apps screen"", ""evidence"": ""mimics Facebook and Google icons on the \""Recent apps\"" screen"", ""technique_id"": """", ""justification"": """"}, {""behavior"": ""Use com.google.xxx package name to evade identification"", ""evidence"": ""uses a com.google.xxx package name to further evade identification"", ""technique_id"": """", ""justification"": """"}, {""behavior"": ""Conceal C2 server address using base-64 encoding"", ""evidence"": ""The C2 server address is concealed using base-64 encoding."", ""technique_id"": """", ""justification"": """"}, {""behavior"": ""Check for installed apps (Facebook or FB Messenger)"", ""evidence"": ""It checks the number of installed apps, specifically looking for Facebook or FB Messenger"", ""technique_id"": """", ""justification"": """"}, {""behavior"": ""Collect device information"", ""evidence"": ""collects various device information, including device type, OS version, language, free storage space, battery status, root status, and whether developer mode is enabled"", ""technique_id"": ""T1426"", ""justification"": ""Direct match to System Information Discovery""}, {""behavior"": ""Check if device IP is within known Google IP ranges before triggering payload"", ""evidence"": ""The adware also ensures that the device's IP is not within known Google IP ranges before triggering its payload"", ""technique_id"": """", ""justification"": """"}, {""behavior"": ""Delay payload deployment to avoid detection during testing and unwanted ads association"", ""evidence"": ""can delay payload deployment to avoid detection during testing and to prevent association with unwanted ads"", ""technique_id"": """", ""justification"": """"}]","T1398, T1426, T1646",,T1426,"T1398, T1646","T1406, T1418, T1437, T1624, T1628, T1633, T1643, T1655",0.3333333333333333,0.1111111111111111,0.1666666666666666,,10,3,1,1,9,2,8,8,"T1407, T1429, T1456, T1532, T1623, T1625, T1630, T1634",8,T1398,1,T1426,1,T1437,1,T1426,1,T1437,1,0.2333333333333333,0.0,0.06140350877192981,high,large_fp_reduction; new_false_positives; gold_ids_recovered; new_false_negatives,,,,,
32,Enterprise,"DarkGate, first identified in 2018, has evolved into a versatile tool used in various criminal cyber operations, including initial access, data gathering, credential theft, cryptomining, cryptotheft, and pre-ransomware activities. Written in Delphi and named by its author, DarkGate has seen a significant increase in use since 2022 and is actively being developed as a Malware-as-a-Service (MaaS) offering. DarkGate employs two distinct User Account Control (UAC) bypass techniques to escalate privileges and utilizes parent PID spoofing as part of its ""rootkit-like"" features to evade detection by tools like Task Manager or Process Explorer. During execution, the malware elevates accounts it creates to the local administrator group. The command and control (C2) infrastructure of DarkGate includes hard-coded domains designed to mimic legitimate services like Akamai CDN or Amazon Web Services. It also disguises C2 traffic within DNS records associated with legitimate services to evade reputation-based detection. DarkGate is capable of searching for cryptocurrency wallets by scanning application window names for specific strings and uses the FindWindow API function to extract data collected via NirSoft tools from the hosting process's memory. When stored credentials linked to cryptocurrency wallets are identified, DarkGate alerts its C2 server.","T1010, T1071, T1098, T1119, T1134, T1548, T1583","Here are the MITRE Enterprise attack patterns extracted from the text, mapped to their corresponding technique IDs:

1. **Initial Access**: 
	* T1134: Access Token Manipulation (DarkGate uses UAC bypass techniques)
	* T1548: Abuse Elevation Control Mechanism (DarkGate employs two distinct UAC bypass techniques)
2. **Execution**:
	* T1037: Boot or Logon Initialization Scripts (not explicitly mentioned, but DarkGate creates accounts and elevates them to local administrator group)
	* T1546: Event Triggered Execution (not explicitly mentioned, but DarkGate uses FindWindow API function to extract data collected via NirSoft tools from the hosting process's memory)
3. **Persistence**:
	* T1547: Boot or Logon Autostart Execution (DarkGate creates accounts and elevates them to local administrator group)
4. **Privilege Escalation**:
	* T1531: Account Access Removal (not explicitly mentioned, but DarkGate uses UAC bypass techniques)
5. **Defense Evasion**:
	* T1622: Debugger Evasion (DarkGate disguises C2 traffic within DNS records associated with legitimate services to evade reputation-based detection)
6. **Credential Access**:
	* T1557: Adversary-in-the-Middle (not explicitly mentioned, but DarkGate searches for cryptocurrency wallets by scanning application window names for specific strings and uses the FindWindow API function to extract data collected via NirSoft tools from the hosting process's memory)
	* T1526: Cloud Service Discovery (DarkGate uses hard-coded domains designed to mimic legitimate services like Akamai CDN or Amazon Web Services)
7. **Lateral Movement**:
	* T1570: Lateral Tool Transfer (not explicitly mentioned, but DarkGate is capable of searching for cryptocurrency wallets by scanning application window names for specific strings and uses the FindWindow API function to extract data collected via NirSoft tools from the hosting process's memory)

Main techniques IDs (excluding subtechnique IDs): 
T1134, T1548, T1037, T1546, T1531, T1622, T1557, T1526, T1570","T1037, T1134, T1526, T1531, T1546, T1547, T1548, T1557, T1570, T1622","T1134, T1548","T1037, T1526, T1531, T1546, T1547, T1557, T1570, T1622","T1010, T1071, T1098, T1119, T1583",0.2,0.2857142857142857,0.2352941176470588,extra predicted IDs / false positives; missed gold IDs / false negatives,"{
  ""behaviors"": [
    {
      ""behavior"": ""Escalate privileges using UAC bypass techniques"",
      ""evidence"": ""employs two distinct User Account Control (UAC) bypass techniques""
    },
    {
      ""behavior"": ""Spoof parent PID"",
      ""evidence"": ""utilizes parent PID spoofing as part of its 'rootkit-like' features""
    },
    {
      ""behavior"": ""Elevate created accounts to local administrator group"",
      ""evidence"": ""the malware elevates accounts it creates to the local administrator group""
    },
    {
      ""behavior"": ""Disguise C2 traffic within DNS records"",
      ""evidence"": ""disguises C2 traffic within DNS records associated with legitimate services""
    },
    {
      ""behavior"": ""Search for cryptocurrency wallets by scanning application window names"",
      ""evidence"": ""searching for cryptocurrency wallets by scanning application window names for specific strings""
    },
    {
      ""behavior"": ""Extract data from memory using FindWindow API function"",
      ""evidence"": ""uses the FindWindow API function to extract data collected via NirSoft tools from the hosting process's memory""
    }
  ]
}",valid,"[{""behavior"": ""Escalate privileges using UAC bypass techniques"", ""evidence"": ""employs two distinct User Account Control (UAC) bypass techniques""}, {""behavior"": ""Spoof parent PID"", ""evidence"": ""utilizes parent PID spoofing as part of its 'rootkit-like' features""}, {""behavior"": ""Elevate created accounts to local administrator group"", ""evidence"": ""the malware elevates accounts it creates to the local administrator group""}, {""behavior"": ""Disguise C2 traffic within DNS records"", ""evidence"": ""disguises C2 traffic within DNS records associated with legitimate services""}, {""behavior"": ""Search for cryptocurrency wallets by scanning application window names"", ""evidence"": ""searching for cryptocurrency wallets by scanning application window names for specific strings""}, {""behavior"": ""Extract data from memory using FindWindow API function"", ""evidence"": ""uses the FindWindow API function to extract data collected via NirSoft tools from the hosting process's memory""}]","{
  ""mappings"": [
    {
      ""behavior"": ""Escalate privileges using UAC bypass techniques"",
      ""evidence"": ""employs two distinct User Account Control (UAC) bypass techniques"",
      ""technique_id"": ""T1548"",
      ""justification"": ""Abuse Elevation Control Mechanism""
    },
    {
      ""behavior"": ""Spoof parent PID"",
      ""evidence"": ""utilizes parent PID spoofing as part of its 'rootkit-like' features"",
      ""technique_id"": ""T1217"",
      ""justification"": ""Browser Information Discovery (parent PID spoofing)""
    },
    {
      ""behavior"": ""Elevate created accounts to local administrator group"",
      ""evidence"": ""the malware elevates accounts it creates to the local administrator group"",
      ""technique_id"": ""T1098"",
      ""justification"": ""Account Manipulation""
    },
    {
      ""behavior"": ""Disguise C2 traffic within DNS records"",
      ""evidence"": ""disguises C2 traffic within DNS records associated with legitimate services"",
      ""technique_id"": ""T1041"",
      ""justification"": ""Exfiltration Over C2 Channel""
    },
    {
      ""behavior"": ""Search for cryptocurrency wallets by scanning application window names"",
      ""evidence"": ""searching for cryptocurrency wallets by scanning application window names for specific strings"",
      ""technique_id"": ""T1010"",
      ""justification"": ""Application Window Discovery""
    },
    {
      ""behavior"": ""Extract data from memory using FindWindow API function"",
      ""evidence"": ""uses the FindWindow API function to extract data collected via NirSoft tools from the hosting process's memory"",
      ""technique_id"": ""T1005"",
      ""justification"": ""Data from Local System""
    }
  ],
  ""predicted_ids"": [
    ""T1548"",
    ""T1217"",
    ""T1098"",
    ""T1041"",
    ""T1010"",
    ""T1005""
  ]
}",valid,"[{""behavior"": ""Escalate privileges using UAC bypass techniques"", ""evidence"": ""employs two distinct User Account Control (UAC) bypass techniques"", ""technique_id"": ""T1548"", ""justification"": ""Abuse Elevation Control Mechanism""}, {""behavior"": ""Spoof parent PID"", ""evidence"": ""utilizes parent PID spoofing as part of its 'rootkit-like' features"", ""technique_id"": ""T1217"", ""justification"": ""Browser Information Discovery (parent PID spoofing)""}, {""behavior"": ""Elevate created accounts to local administrator group"", ""evidence"": ""the malware elevates accounts it creates to the local administrator group"", ""technique_id"": ""T1098"", ""justification"": ""Account Manipulation""}, {""behavior"": ""Disguise C2 traffic within DNS records"", ""evidence"": ""disguises C2 traffic within DNS records associated with legitimate services"", ""technique_id"": ""T1041"", ""justification"": ""Exfiltration Over C2 Channel""}, {""behavior"": ""Search for cryptocurrency wallets by scanning application window names"", ""evidence"": ""searching for cryptocurrency wallets by scanning application window names for specific strings"", ""technique_id"": ""T1010"", ""justification"": ""Application Window Discovery""}, {""behavior"": ""Extract data from memory using FindWindow API function"", ""evidence"": ""uses the FindWindow API function to extract data collected via NirSoft tools from the hosting process's memory"", ""technique_id"": ""T1005"", ""justification"": ""Data from Local System""}]","T1005, T1010, T1041, T1098, T1217, T1548",,"T1010, T1098, T1548","T1005, T1041, T1217","T1071, T1119, T1134, T1583",0.5,0.4285714285714285,0.4615384615384615,,10,6,2,3,8,3,5,4,"T1037, T1526, T1531, T1546, T1547, T1557, T1570, T1622",8,"T1005, T1041, T1217",3,"T1010, T1098",2,T1134,1,"T1010, T1098",2,T1134,1,0.3,0.1428571428571428,0.22624434389140272,high,large_fp_reduction; new_false_positives; gold_ids_recovered; new_false_negatives; many_remaining_false_positives,,,,,
23,Enterprise,"AppleJeus is a malware family of downloaders first discovered in 2018, embedded within trojanized cryptocurrency applications. This malware, attributed to the Lazarus Group, has targeted organizations in various sectors, including energy, finance, government, technology, and telecommunications, across multiple countries such as the United States, United Kingdom, South Korea, Australia, Brazil, New Zealand, and Russia. AppleJeus has been used to distribute the FALLCHILL Remote Access Trojan (RAT). AppleJeus has the capability to present a User Account Control (UAC) prompt to elevate privileges during installation. It communicates with its command and control (C2) server via POST requests and uses shell scripts to execute commands and establish persistence after installation. The malware can install itself as a service and has been observed decoding files received from its C2 server. During installation, AppleJeus uses post-installation scripts to extract a hidden plist file from the application's /Resources folder, which is then executed as a Launch Daemon with elevated permissions. Additionally, it exfiltrates collected host information to its C2 server.","T1041, T1059, T1071, T1140, T1543, T1546, T1548","After analyzing the text, I have identified the following MITRE Enterprise attack patterns and mapped them to their corresponding technique IDs:

1. **T1548: Abuse Elevation Control Mechanism** - AppleJeus presents a User Account Control (UAC) prompt to elevate privileges during installation.
2. **T1134: Access Token Manipulation** - Not explicitly mentioned, but the malware uses shell scripts to execute commands and establish persistence after installation, which may involve manipulating access tokens.
3. **T1531: Account Access Removal** - Not applicable, as there is no mention of removing account access.
4. **T1087: Account Discovery** - AppleJeus collects host information, including user accounts, and exfiltrates it to its C2 server.
5. **T1098: Account Manipulation** - The malware uses post-installation scripts to extract a hidden plist file from the application's /Resources folder, which is then executed as a Launch Daemon with elevated permissions, potentially manipulating system accounts.
6. **T1650: Acquire Access** - AppleJeus acquires access to the victim's system by installing itself as a service and establishing persistence.
7. **T1583: Acquire Infrastructure** - The malware communicates with its C2 server via POST requests, indicating that it has acquired infrastructure for command and control.
8. **T1595: Active Scanning** - Not applicable, as there is no mention of active scanning.
9. **T1557: Adversary-in-the-Middle** - Not applicable, as this technique involves intercepting communication between two parties, which is not mentioned in the text.
10. **T1071: Application Layer Protocol** - AppleJeus communicates with its C2 server via POST requests, using an application layer protocol.

The main techniques identified are:

T1548, T1087, T1098, T1650, T1583, T1071","T1071, T1087, T1098, T1134, T1531, T1548, T1557, T1583, T1595, T1650","T1071, T1548","T1087, T1098, T1134, T1531, T1557, T1583, T1595, T1650","T1041, T1059, T1140, T1543, T1546",0.2,0.2857142857142857,0.2352941176470588,extra predicted IDs / false positives; missed gold IDs / false negatives,"{
  ""behaviors"": [
    {
      ""behavior"": ""Present UAC prompt to elevate privileges"",
      ""evidence"": ""present a User Account Control (UAC) prompt to elevate privileges during installation""
    },
    {
      ""behavior"": ""Communicate with C2 server via POST requests"",
      ""evidence"": ""communicates with its command and control (C2) server via POST requests""
    },
    {
      ""behavior"": ""Execute commands using shell scripts"",
      ""evidence"": ""uses shell scripts to execute commands""
    },
    {
      ""behavior"": ""Establish persistence after installation"",
      ""evidence"": ""establishes persistence after installation""
    },
    {
      ""behavior"": ""Install itself as a service"",
      ""evidence"": ""install itself as a service""
    },
    {
      ""behavior"": ""Decode files received from C2 server"",
      ""evidence"": ""decode files received from its C2 server""
    },
    {
      ""behavior"": ""Extract hidden plist file and execute it as Launch Daemon"",
      ""evidence"": ""extract a hidden plist file from the application's /Resources folder, which is then executed as a Launch Daemon with elevated permissions""
    },
    {
      ""behavior"": ""Exfiltrate collected host information to C2 server"",
      ""evidence"": ""exfiltrates collected host information to its C2 server""
    }
  ]
}",valid,"[{""behavior"": ""Present UAC prompt to elevate privileges"", ""evidence"": ""present a User Account Control (UAC) prompt to elevate privileges during installation""}, {""behavior"": ""Communicate with C2 server via POST requests"", ""evidence"": ""communicates with its command and control (C2) server via POST requests""}, {""behavior"": ""Execute commands using shell scripts"", ""evidence"": ""uses shell scripts to execute commands""}, {""behavior"": ""Establish persistence after installation"", ""evidence"": ""establishes persistence after installation""}, {""behavior"": ""Install itself as a service"", ""evidence"": ""install itself as a service""}, {""behavior"": ""Decode files received from C2 server"", ""evidence"": ""decode files received from its C2 server""}, {""behavior"": ""Extract hidden plist file and execute it as Launch Daemon"", ""evidence"": ""extract a hidden plist file from the application's /Resources folder, which is then executed as a Launch Daemon with elevated permissions""}, {""behavior"": ""Exfiltrate collected host information to C2 server"", ""evidence"": ""exfiltrates collected host information to its C2 server""}]","{
  ""mappings"": [
    {
      ""behavior"": ""Present UAC prompt to elevate privileges"",
      ""evidence"": ""present a User Account Control (UAC) prompt to elevate privileges during installation"",
      ""technique_id"": ""T1548"",
      ""justification"": ""Abuse Elevation Control Mechanism""
    },
    {
      ""behavior"": ""Communicate with C2 server via POST requests"",
      ""evidence"": ""communicates with its command and control (C2) server via POST requests"",
      ""technique_id"": ""T1041"",
      ""justification"": ""Exfiltration Over C2 Channel""
    },
    {
      ""behavior"": ""Execute commands using shell scripts"",
      ""evidence"": ""uses shell scripts to execute commands"",
      ""technique_id"": ""T1059"",
      ""justification"": ""Command and Scripting Interpreter""
    },
    {
      ""behavior"": ""Establish persistence after installation"",
      ""evidence"": ""establishes persistence after installation"",
      ""technique_id"": ""T1547"",
      ""justification"": ""Boot or Logon Autostart Execution""
    },
    {
      ""behavior"": ""Install itself as a service"",
      ""evidence"": ""install itself as a service"",
      ""technique_id"": ""T1053"",
      ""justification"": ""Scheduled Task/Job""
    },
    {
      ""behavior"": ""Decode files received from C2 server"",
      ""evidence"": ""decode files received from its C2 server"",
      ""technique_id"": ""T1140"",
      ""justification"": ""Deobfuscate/Decode Files or Information""
    },
    {
      ""behavior"": ""Extract hidden plist file and execute it as Launch Daemon"",
      ""evidence"": ""extract a hidden plist file from the application's /Resources folder, which is then executed as a Launch Daemon with elevated permissions"",
      ""technique_id"": ""T1647"",
      ""justification"": ""Plist File Modification""
    },
    {
      ""behavior"": ""Exfiltrate collected host information to C2 server"",
      ""evidence"": ""exfiltrates collected host information to its C2 server"",
      ""technique_id"": ""T1041"",
      ""justification"": ""Exfiltration Over C2 Channel""
    }
  ],
  ""predicted_ids"": [
    ""T1548"", ""T1041"", ""T1059"", ""T1547"", ""T1053"", ""T1140"", ""T1647"", ""T1041""
  ]
}",valid,"[{""behavior"": ""Present UAC prompt to elevate privileges"", ""evidence"": ""present a User Account Control (UAC) prompt to elevate privileges during installation"", ""technique_id"": ""T1548"", ""justification"": ""Abuse Elevation Control Mechanism""}, {""behavior"": ""Communicate with C2 server via POST requests"", ""evidence"": ""communicates with its command and control (C2) server via POST requests"", ""technique_id"": ""T1041"", ""justification"": ""Exfiltration Over C2 Channel""}, {""behavior"": ""Execute commands using shell scripts"", ""evidence"": ""uses shell scripts to execute commands"", ""technique_id"": ""T1059"", ""justification"": ""Command and Scripting Interpreter""}, {""behavior"": ""Establish persistence after installation"", ""evidence"": ""establishes persistence after installation"", ""technique_id"": ""T1547"", ""justification"": ""Boot or Logon Autostart Execution""}, {""behavior"": ""Install itself as a service"", ""evidence"": ""install itself as a service"", ""technique_id"": ""T1053"", ""justification"": ""Scheduled Task/Job""}, {""behavior"": ""Decode files received from C2 server"", ""evidence"": ""decode files received from its C2 server"", ""technique_id"": ""T1140"", ""justification"": ""Deobfuscate/Decode Files or Information""}, {""behavior"": ""Extract hidden plist file and execute it as Launch Daemon"", ""evidence"": ""extract a hidden plist file from the application's /Resources folder, which is then executed as a Launch Daemon with elevated permissions"", ""technique_id"": ""T1647"", ""justification"": ""Plist File Modification""}, {""behavior"": ""Exfiltrate collected host information to C2 server"", ""evidence"": ""exfiltrates collected host information to its C2 server"", ""technique_id"": ""T1041"", ""justification"": ""Exfiltration Over C2 Channel""}]","T1041, T1053, T1059, T1140, T1547, T1548, T1647",,"T1041, T1059, T1140, T1548","T1053, T1547, T1647","T1071, T1543, T1546",0.5714285714285714,0.5714285714285714,0.5714285714285714,,10,7,2,4,8,3,5,3,"T1087, T1098, T1134, T1531, T1557, T1583, T1595, T1650",8,"T1053, T1547, T1647",3,"T1041, T1059, T1140",3,T1071,1,"T1041, T1059, T1140",3,T1071,1,0.3714285714285714,0.2857142857142857,0.33613445378151263,high,large_fp_reduction; new_false_positives; gold_ids_recovered; new_false_negatives; many_remaining_false_positives,,,,,
25,Mobile,"Asacub is a banking trojan designed to steal money from victims' bank accounts by initiating wire transfers via SMS from compromised devices. Asacub can request device administrator permissions to enhance its control over the infected device. It communicates with its command and control (C2) server using HTTP POST requests, with C2 communications encrypted using Base64-encoded RC4. The trojan often masquerades as a client of popular free ad services to deceive users. Asacub implements some of its functions in native code and stores encrypted strings within the APK file. It is capable of collecting the device’s contact list, sending SMS messages from compromised devices, and gathering various device information, such as the device model and OS version.","T1406, T1422, T1426, T1437, T1532, T1575, T1582, T1626, T1636, T1655","After analyzing the text, I have identified the following MITRE Mobile attack patterns and mapped them to their corresponding technique IDs:

1. **T1626: Abuse Elevation Control Mechanism** - Asacub requests device administrator permissions to enhance its control over the infected device.
2. **T1533: Data from Local System** - Asacub collects the device's contact list, which is a form of data collection from the local system.
3. **T1637: Dynamic Resolution** - The trojan often masquerades as a client of popular free ad services to deceive users, indicating dynamic resolution techniques are used to evade detection.
4. **T1429: Audio Capture** - Asacub is capable of collecting various device information, including the device model and OS version, which may involve audio capture capabilities.
5. **T1407: Download New Code at Runtime** - The trojan implements some of its functions in native code, indicating new code is downloaded at runtime.
6. **T1456: Drive-By Compromise** - Asacub communicates with its C2 server using HTTP POST requests, which may involve drive-by compromise techniques.
7. **T1639: Exfiltration Over Alternative Protocol** - The trojan sends SMS messages from compromised devices, indicating exfiltration over alternative protocols (SMS).
8. **T1646: Exfiltration Over C2 Channel** - Asacub communicates with its C2 server using HTTP POST requests, which may involve exfiltration over the C2 channel.
9. **T1420: File and Directory Discovery** - The trojan collects various device information, including the device model and OS version, which involves file and directory discovery techniques.
10. **T1541: Foreground Persistence** - Asacub requests device administrator permissions to enhance its control over the infected device, indicating foreground persistence techniques are used.

Here is the list of main technique IDs, excluding subtechnique IDs:

T1626, T1533, T1637, T1429, T1407, T1456, T1639, T1646","T1407, T1420, T1429, T1456, T1533, T1541, T1626, T1637, T1639, T1646",T1626,"T1407, T1420, T1429, T1456, T1533, T1541, T1637, T1639, T1646","T1406, T1422, T1426, T1437, T1532, T1575, T1582, T1636, T1655",0.1,0.1,0.1,extra predicted IDs / false positives; missed gold IDs / false negatives,"{
  ""behaviors"": [
    {
      ""behavior"": ""Initiate wire transfer via SMS"",
      ""evidence"": ""initiating wire transfers via SMS from compromised devices""
    },
    {
      ""behavior"": ""Request device administrator permissions"",
      ""evidence"": ""request device administrator permissions to enhance its control over the infected device""
    },
    {
      ""behavior"": ""Communicate with C2 server using HTTP POST requests"",
      ""evidence"": ""communicates with its command and control (C2) server using HTTP POST requests""
    },
    {
      ""behavior"": ""Masquerade as a client of popular free ad services"",
      ""evidence"": ""The trojan often masquerades as a client of popular free ad services to deceive users""
    },
    {
      ""behavior"": ""Collect device's contact list"",
      ""evidence"": ""collecting the device’s contact list""
    },
    {
      ""behavior"": ""Send SMS messages from compromised devices"",
      ""evidence"": ""sending SMS messages from compromised devices""
    },
    {
      ""behavior"": ""Gather device information (device model and OS version)"",
      ""evidence"": ""gathering various device information, such as the device model and OS version""
    }
  ]
}",valid,"[{""behavior"": ""Initiate wire transfer via SMS"", ""evidence"": ""initiating wire transfers via SMS from compromised devices""}, {""behavior"": ""Request device administrator permissions"", ""evidence"": ""request device administrator permissions to enhance its control over the infected device""}, {""behavior"": ""Communicate with C2 server using HTTP POST requests"", ""evidence"": ""communicates with its command and control (C2) server using HTTP POST requests""}, {""behavior"": ""Masquerade as a client of popular free ad services"", ""evidence"": ""The trojan often masquerades as a client of popular free ad services to deceive users""}, {""behavior"": ""Collect device's contact list"", ""evidence"": ""collecting the device’s contact list""}, {""behavior"": ""Send SMS messages from compromised devices"", ""evidence"": ""sending SMS messages from compromised devices""}, {""behavior"": ""Gather device information (device model and OS version)"", ""evidence"": ""gathering various device information, such as the device model and OS version""}]","{
  ""mappings"": [
    {
      ""behavior"": ""Initiate wire transfer via SMS"",
      ""evidence"": ""initiating wire transfers via SMS from compromised devices"",
      ""technique_id"": ""T1582"",
      ""justification"": ""SMS Control""
    },
    {
      ""behavior"": ""Request device administrator permissions"",
      ""evidence"": ""request device administrator permissions to enhance its control over the infected device"",
      ""technique_id"": ""T1626"",
      ""justification"": ""Abuse Elevation Control Mechanism""
    },
    {
      ""behavior"": ""Communicate with C2 server using HTTP POST requests"",
      ""evidence"": ""communicates with its command and control (C2) server using HTTP POST requests"",
      ""technique_id"": ""T1646"",
      ""justification"": ""Exfiltration Over C2 Channel""
    },
    {
      ""behavior"": ""Masquerade as a client of popular free ad services"",
      ""evidence"": ""The trojan often masquerades as a client of popular free ad services to deceive users"",
      ""technique_id"": ""T1655"",
      ""justification"": ""Masquerading""
    },
    {
      ""behavior"": ""Collect device's contact list"",
      ""evidence"": ""collecting the device’s contact list"",
      ""technique_id"": ""T1417"",
      ""justification"": ""Input Capture""
    },
    {
      ""behavior"": ""Send SMS messages from compromised devices"",
      ""evidence"": ""sending SMS messages from compromised devices"",
      ""technique_id"": ""T1582"",
      ""justification"": ""SMS Control""
    },
    {
      ""behavior"": ""Gather device information (device model and OS version)"",
      ""evidence"": ""gathering various device information, such as the device model and OS version"",
      ""technique_id"": ""T1426"",
      ""justification"": ""System Information Discovery""
    }
  ],
  ""predicted_ids"": [
    ""T1582"",
    ""T1626"",
    ""T1646"",
    ""T1655"",
    ""T1417"",
    ""T1426""
  ]
}",valid,"[{""behavior"": ""Initiate wire transfer via SMS"", ""evidence"": ""initiating wire transfers via SMS from compromised devices"", ""technique_id"": ""T1582"", ""justification"": ""SMS Control""}, {""behavior"": ""Request device administrator permissions"", ""evidence"": ""request device administrator permissions to enhance its control over the infected device"", ""technique_id"": ""T1626"", ""justification"": ""Abuse Elevation Control Mechanism""}, {""behavior"": ""Communicate with C2 server using HTTP POST requests"", ""evidence"": ""communicates with its command and control (C2) server using HTTP POST requests"", ""technique_id"": ""T1646"", ""justification"": ""Exfiltration Over C2 Channel""}, {""behavior"": ""Masquerade as a client of popular free ad services"", ""evidence"": ""The trojan often masquerades as a client of popular free ad services to deceive users"", ""technique_id"": ""T1655"", ""justification"": ""Masquerading""}, {""behavior"": ""Collect device's contact list"", ""evidence"": ""collecting the device’s contact list"", ""technique_id"": ""T1417"", ""justification"": ""Input Capture""}, {""behavior"": ""Send SMS messages from compromised devices"", ""evidence"": ""sending SMS messages from compromised devices"", ""technique_id"": ""T1582"", ""justification"": ""SMS Control""}, {""behavior"": ""Gather device information (device model and OS version)"", ""evidence"": ""gathering various device information, such as the device model and OS version"", ""technique_id"": ""T1426"", ""justification"": ""System Information Discovery""}]","T1417, T1426, T1582, T1626, T1646, T1655",,"T1426, T1582, T1626, T1655","T1417, T1646","T1406, T1422, T1437, T1532, T1575, T1636",0.6666666666666666,0.4,0.5,,10,6,1,4,9,2,9,6,"T1407, T1420, T1429, T1456, T1533, T1541, T1637, T1639",8,T1417,1,"T1426, T1582, T1655",3,,0,"T1426, T1582, T1655",3,,0,0.5666666666666667,0.30000000000000004,0.4,high,large_fp_reduction; new_false_positives; gold_ids_recovered,,,,,
24,Enterprise,"AppleSeed is a backdoor used by the Kimsuky group to target South Korean government, academic, and commercial entities since at least 2021.  AppleSeed can escalate its privileges to the system level by passing the SeDebugPrivilege to the AdjustTokenPrivilege API. It communicates with its command and control (C2) server over HTTP and compresses collected data before exfiltration. The malware is capable of automatically gathering data from USB drives, keystrokes, and screen captures prior to exfiltration. For persistence, AppleSeed creates the Registry key `EstsoftAutoUpdate` at `HKCU\Software\Microsoft\Windows\CurrentVersion\RunOnce`. It can also execute its payload via PowerShell, collect data from compromised hosts, and locate and extract information from removable media devices.","T1005, T1025, T1059, T1071, T1119, T1134, T1547, T1560","Here are the MITRE Enterprise attack patterns extracted from the text, mapped to their corresponding technique IDs:

1. **T1548**: Abuse Elevation Control Mechanism - AppleSeed escalates its privileges by passing the SeDebugPrivilege to the AdjustTokenPrivilege API.
2. **T1134**: Access Token Manipulation - AppleSeed manipulates access tokens to gain elevated privileges.
3. **T1530**: Data from Cloud Storage - AppleSeed collects data from cloud storage services.
4. **T1565**: Data Manipulation - AppleSeed compresses collected data before exfiltration, which is a form of data manipulation.
5. **T1048**: Exfiltration Over Alternative Protocol - AppleSeed communicates with its C2 server over HTTP, which is an alternative protocol for exfiltration.
6. **T1059**: Command and Scripting Interpreter - AppleSeed executes its payload via PowerShell, which is a command and scripting interpreter.
7. **T1092**: Communication Through Removable Media - AppleSeed collects data from USB drives, which involves communication through removable media.
8. **T1543**: Create or Modify System Process - AppleSeed creates the Registry key `EstsoftAutoUpdate` at `HKCU\Software\Microsoft\Windows\CurrentVersion\RunOnce`, which is a system process modification.
9. **T1555**: Credentials from Password Stores - AppleSeed collects credentials from password stores, such as keystrokes and screen captures.

Here are the main technique IDs, separated by commas:

T1548, T1134, T1048, T1059, T1092, T1543","T1048, T1059, T1092, T1134, T1530, T1543, T1548, T1555, T1565","T1059, T1134","T1048, T1092, T1530, T1543, T1548, T1555, T1565","T1005, T1025, T1071, T1119, T1547, T1560",0.2222222222222222,0.25,0.2352941176470588,extra predicted IDs / false positives; missed gold IDs / false negatives,"{
  ""behaviors"": [
    {
      ""behavior"": ""Escalate privileges to system level"",
      ""evidence"": ""AppleSeed can escalate its privileges to the system level by passing the SeDebugPrivilege to the AdjustTokenPrivilege API.""
    },
    {
      ""behavior"": ""Communicate with C2 server over HTTP"",
      ""evidence"": ""It communicates with its command and control (C2) server over HTTP""
    },
    {
      ""behavior"": ""Compress data before exfiltration"",
      ""evidence"": ""It compresses collected data before exfiltration.""
    },
    {
      ""behavior"": ""Gather data from USB drives"",
      ""evidence"": ""The malware is capable of automatically gathering data from USB drives""
    },
    {
      ""behavior"": ""Collect keystrokes"",
      ""evidence"": ""The malware is capable of automatically gathering data from USB drives, keystrokes,""
    },
    {
      ""behavior"": ""Capture screen"",
      ""evidence"": ""The malware is capable of automatically gathering data from USB drives, keystrokes, and screen captures""
    },
    {
      ""behavior"": ""Create Registry key for persistence"",
      ""evidence"": ""For persistence, AppleSeed creates the Registry key `EstsoftAutoUpdate` at `HKCU\\\u0026quot;Software\\\u0026quot;\u0026quot;Microsoft\\\u0026quot;\u0026quot;Windows\\\u0026quot;\u0026quot;CurrentVersion\\\u0026quot;\u0026quot;RunOnce`.""
    },
    {
      ""behavior"": ""Execute payload via PowerShell"",
      ""evidence"": ""It can also execute its payload via PowerShell""
    },
    {
      ""behavior"": ""Collect data from compromised hosts"",
      ""evidence"": ""collect data from compromised hosts""
    },
    {
      ""behavior"": ""Locate and extract information from removable media devices"",
      ""evidence"": ""locate and extract information from removable media devices""
    }
  ]
}",valid,"[{""behavior"": ""Escalate privileges to system level"", ""evidence"": ""AppleSeed can escalate its privileges to the system level by passing the SeDebugPrivilege to the AdjustTokenPrivilege API.""}, {""behavior"": ""Communicate with C2 server over HTTP"", ""evidence"": ""It communicates with its command and control (C2) server over HTTP""}, {""behavior"": ""Compress data before exfiltration"", ""evidence"": ""It compresses collected data before exfiltration.""}, {""behavior"": ""Gather data from USB drives"", ""evidence"": ""The malware is capable of automatically gathering data from USB drives""}, {""behavior"": ""Collect keystrokes"", ""evidence"": ""The malware is capable of automatically gathering data from USB drives, keystrokes,""}, {""behavior"": ""Capture screen"", ""evidence"": ""The malware is capable of automatically gathering data from USB drives, keystrokes, and screen captures""}, {""behavior"": ""Create Registry key for persistence"", ""evidence"": ""For persistence, AppleSeed creates the Registry key `EstsoftAutoUpdate` at `HKCU\\&quot;Software\\&quot;&quot;Microsoft\\&quot;&quot;Windows\\&quot;&quot;CurrentVersion\\&quot;&quot;RunOnce`.""}, {""behavior"": ""Execute payload via PowerShell"", ""evidence"": ""It can also execute its payload via PowerShell""}, {""behavior"": ""Collect data from compromised hosts"", ""evidence"": ""collect data from compromised hosts""}, {""behavior"": ""Locate and extract information from removable media devices"", ""evidence"": ""locate and extract information from removable media devices""}]","{
  ""mappings"": [
    {
      ""behavior"": ""Escalate privileges to system level"",
      ""evidence"": ""AppleSeed can escalate its privileges to the system level by passing the SeDebugPrivilege to the AdjustTokenPrivilege API."",
      ""technique_id"": ""T1003"",
      ""justification"": ""Directly escalates privileges using the AdjustTokenPrivilege API.""
    },
    {
      ""behavior"": ""Communicate with C2 server over HTTP"",
      ""evidence"": ""It communicates with its command and control (C2) server over HTTP"",
      ""technique_id"": ""T1041"",
      ""justification"": ""Uses HTTP to communicate with the C2 server.""
    },
    {
      ""behavior"": ""Compress data before exfiltration"",
      ""evidence"": ""It compresses collected data before exfiltration."",
      ""technique_id"": ""None"",
      ""justification"": """"
    },
    {
      ""behavior"": ""Gather data from USB drives"",
      ""evidence"": ""The malware is capable of automatically gathering data from USB drives"",
      ""technique_id"": ""T1052"",
      ""justification"": ""Directly gathers data from removable media devices.""
    },
    {
      ""behavior"": ""Collect keystrokes"",
      ""evidence"": ""The malware is capable of automatically gathering data from USB drives, keystrokes,""
      },
      ""technique_id"" 	] 
    }",valid,"[{""behavior"": ""Escalate privileges to system level"", ""evidence"": ""AppleSeed can escalate its privileges to the system level by passing the SeDebugPrivilege to the AdjustTokenPrivilege API."", ""technique_id"": ""T1003"", ""justification"": ""Directly escalates privileges using the AdjustTokenPrivilege API.""}, {""behavior"": ""Communicate with C2 server over HTTP"", ""evidence"": ""It communicates with its command and control (C2) server over HTTP"", ""technique_id"": ""T1041"", ""justification"": ""Uses HTTP to communicate with the C2 server.""}, {""behavior"": ""Compress data before exfiltration"", ""evidence"": ""It compresses collected data before exfiltration."", ""technique_id"": ""None"", ""justification"": """"}, {""behavior"": ""Gather data from USB drives"", ""evidence"": ""The malware is capable of automatically gathering data from USB drives"", ""technique_id"": ""T1052"", ""justification"": ""Directly gathers data from removable media devices.""}, {""behavior"": ""Collect keystrokes"", ""evidence"": ""The malware is capable of automatically gathering data from USB drives, keystrokes,""}, ""technique_id""]",,,,,"T1005, T1025, T1059, T1071, T1119, T1134, T1547, T1560",0.0,0.0,0.0,,9,0,2,0,7,0,6,8,"T1048, T1092, T1530, T1543, T1548, T1555, T1565",7,,0,,0,"T1059, T1134",2,,0,"T1059, T1134",2,-0.2222222222222222,-0.25,-0.2352941176470588,high,large_fp_reduction; new_false_negatives; f1_worsened; empty_staged_prediction,,,,,
53,Enterprise,BUSHWALK is a web shell written in Perl that was inserted into the legitimate querymanifest.cgi file on compromised Ivanti Connect Secure VPNs during Cutting Edge. BUSHWALK can embed into the legitimate querymanifest.cgi file on compromised Ivanti Connect Secure VPNs. BUSHWALK can Base64 decode and RC4 decrypt malicious payloads sent through a web request’s command parameter. BUSHWALK can write malicious payloads sent through a web request’s command parameter. BUSHWALK can encrypt the resulting data generated from C2 commands with RC4. BUSHWALK is a web shell that has the ability to execute arbitrary commands or write files. BUSHWALK can modify the DSUserAgentCap.pm Perl module on Ivanti Connect Secure VPNs and either activate or deactivate depending on the value of the user agent in incoming HTTP requests.,"T1027, T1105, T1140, T1205, T1505, T1554","After analyzing the provided text, I have identified the following MITRE Enterprise attack patterns and mapped them to their corresponding technique IDs:

1. **T1548**: Abuse Elevation Control Mechanism - BUSHWALK can embed into the legitimate querymanifest.cgi file on compromised Ivanti Connect Secure VPNs.
2. **T1134**: Access Token Manipulation - BUSHWALK can modify the DSUserAgentCap.pm Perl module on Ivanti Connect Secure VPNs and either activate or deactivate depending on the value of the user agent in incoming HTTP requests.
3. **T1531**: Account Access Removal - Not explicitly mentioned, but BUSHWALK's ability to write malicious payloads suggests it may be used to remove account access.
4. **T1087**: Account Discovery - BUSHWALK can discover accounts by modifying the DSUserAgentCap.pm Perl module on Ivanti Connect Secure VPNs.
5. **T1098**: Account Manipulation - BUSHWALK can modify the DSUserAgentCap.pm Perl module on Ivanti Connect Secure VPNs and either activate or deactivate depending on the value of the user agent in incoming HTTP requests.
6. **T1650**: Acquire Access - BUSHWALK's ability to embed into the legitimate querymanifest.cgi file suggests it acquires access to compromised Ivanti Connect Secure VPNs.
7. **T1583**: Acquire Infrastructure - BUSHWALK can acquire infrastructure by modifying the DSUserAgentCap.pm Perl module on Ivanti Connect Secure VPNs.

The main techniques, excluding subtechnique IDs, are:

T1548, T1134, T1087, T1098, T1650, T1583","T1087, T1098, T1134, T1531, T1548, T1583, T1650",,"T1087, T1098, T1134, T1531, T1548, T1583, T1650","T1027, T1105, T1140, T1205, T1505, T1554",0.0,0.0,0.0,extra predicted IDs / false positives; missed gold IDs / false negatives,"{
  ""behaviors"": [
    {
      ""behavior"": ""Embed into querymanifest.cgi file"",
      ""evidence"": ""BUSHWALK can embed into the legitimate querymanifest.cgi file on compromised Ivanti Connect Secure VPNs.""
    },
    {
      ""behavior"": ""Base64 decode payloads"",
      ""evidence"": ""BUSHWALK can Base64 decode and RC4 decrypt malicious payloads sent through a web request’s command parameter.""
    },
    {
      ""behavior"": ""RC4 decrypt payloads"",
      ""evidence"": ""BUSHWALK can Base64 decode and RC4 decrypt malicious payloads sent through a web request’s command parameter.""
    },
    {
      ""behavior"": ""Write payloads to system"",
      ""evidence"": ""BUSHWALK can write malicious payloads sent through a web request’s command parameter.""
    },
    {
      ""behavior"": ""Encrypt data with RC4"",
      ""evidence"": ""BUSHWALK can encrypt the resulting data generated from C2 commands with RC4.""
    },
    {
      ""behavior"": ""Execute arbitrary commands"",
      ""evidence"": ""BUSHWALK is a web shell that has the ability to execute arbitrary commands or write files.""
    },
    {
      ""behavior"": ""Write files"",
      ""evidence"": ""BUSHWALK is a web shell that has the ability to execute arbitrary commands or write files.""
    },
    {
      ""behavior"": ""Modify DSUserAgentCap.pm module"",
      ""evidence"": ""BUSHWALK can modify the DSUserAgentCap.pm Perl module on Ivanti Connect Secure VPNs and either activate or deactivate depending on the value of the user agent in incoming HTTP requests.""
    }
  ]
}",valid,"[{""behavior"": ""Embed into querymanifest.cgi file"", ""evidence"": ""BUSHWALK can embed into the legitimate querymanifest.cgi file on compromised Ivanti Connect Secure VPNs.""}, {""behavior"": ""Base64 decode payloads"", ""evidence"": ""BUSHWALK can Base64 decode and RC4 decrypt malicious payloads sent through a web request’s command parameter.""}, {""behavior"": ""RC4 decrypt payloads"", ""evidence"": ""BUSHWALK can Base64 decode and RC4 decrypt malicious payloads sent through a web request’s command parameter.""}, {""behavior"": ""Write payloads to system"", ""evidence"": ""BUSHWALK can write malicious payloads sent through a web request’s command parameter.""}, {""behavior"": ""Encrypt data with RC4"", ""evidence"": ""BUSHWALK can encrypt the resulting data generated from C2 commands with RC4.""}, {""behavior"": ""Execute arbitrary commands"", ""evidence"": ""BUSHWALK is a web shell that has the ability to execute arbitrary commands or write files.""}, {""behavior"": ""Write files"", ""evidence"": ""BUSHWALK is a web shell that has the ability to execute arbitrary commands or write files.""}, {""behavior"": ""Modify DSUserAgentCap.pm module"", ""evidence"": ""BUSHWALK can modify the DSUserAgentCap.pm Perl module on Ivanti Connect Secure VPNs and either activate or deactivate depending on the value of the user agent in incoming HTTP requests.""}]","{
  ""mappings"": [
    {
      ""behavior"": ""Execute arbitrary commands"",
      ""evidence"": ""BUSHWALK is a web shell that has the ability to execute arbitrary commands or write files."",
      ""technique_id"": ""T1055"",
      ""justification"": ""Direct match with Process Injection technique""
    },
    {
      ""behavior"": ""Write files"",
      ""evidence"": ""BUSHWALK is a web shell that has the ability to execute arbitrary commands or write files."",
      ""technique_id"": ""T1055"",
      ""justification"": ""Direct match with Process Injection technique""
    },
    {
      ""behavior"": ""Modify DSUserAgentCap.pm module"",
      ""evidence"": ""BUSHWALK can modify the DSUserAgentCap.pm Perl module on Ivanti Connect Secure VPNs and either activate or deactivate depending on the value of the user agent in incoming HTTP requests."",
      ""technique_id"": ""T1543"",
      ""justification"": ""Direct match with Create or Modify System Process technique""
    },
    {
      ""behavior"": ""Base64 decode payloads"",
      ""evidence"": ""BUSHWALK can Base64 decode and RC4 decrypt malicious payloads sent through a web request’s command parameter."",
      ""technique_id"": ""T1041"",
      ""justification"": ""Direct match with Exfiltration Over C2 Channel technique""
    },
    {
      ""behavior"": ""RC4 decrypt payloads"",
      ""evidence"": ""BUSHWALK can Base64 decode and RC4 decrypt malicious payloads sent through a web request’s command parameter."",
      ""technique_id"": ""T1041"",
      ""justification"": ""Direct match with Exfiltration Over C2 Channel technique""
    },
    {
      ""behavior"": ""Write payloads to system"",
      ""evidence"": ""BUSHWALK can write malicious payloads sent through a web request’s command parameter."",
      ""technique_id"": ""T1055"",
      ""justification"": ""Direct match with Process Injection technique""
    },
    {
      ""behavior"": ""Encrypt data with RC4"",
      ""evidence"": ""BUSHWALK can encrypt the resulting data generated from C2 commands with RC4."",
      ""technique_id"": """",
      ""justification"": """"
    }
  ],
  ""predicted_ids"": [
    ""T1055""
  ]
}",valid,"[{""behavior"": ""Execute arbitrary commands"", ""evidence"": ""BUSHWALK is a web shell that has the ability to execute arbitrary commands or write files."", ""technique_id"": ""T1055"", ""justification"": ""Direct match with Process Injection technique""}, {""behavior"": ""Write files"", ""evidence"": ""BUSHWALK is a web shell that has the ability to execute arbitrary commands or write files."", ""technique_id"": ""T1055"", ""justification"": ""Direct match with Process Injection technique""}, {""behavior"": ""Modify DSUserAgentCap.pm module"", ""evidence"": ""BUSHWALK can modify the DSUserAgentCap.pm Perl module on Ivanti Connect Secure VPNs and either activate or deactivate depending on the value of the user agent in incoming HTTP requests."", ""technique_id"": ""T1543"", ""justification"": ""Direct match with Create or Modify System Process technique""}, {""behavior"": ""Base64 decode payloads"", ""evidence"": ""BUSHWALK can Base64 decode and RC4 decrypt malicious payloads sent through a web request’s command parameter."", ""technique_id"": ""T1041"", ""justification"": ""Direct match with Exfiltration Over C2 Channel technique""}, {""behavior"": ""RC4 decrypt payloads"", ""evidence"": ""BUSHWALK can Base64 decode and RC4 decrypt malicious payloads sent through a web request’s command parameter."", ""technique_id"": ""T1041"", ""justification"": ""Direct match with Exfiltration Over C2 Channel technique""}, {""behavior"": ""Write payloads to system"", ""evidence"": ""BUSHWALK can write malicious payloads sent through a web request’s command parameter."", ""technique_id"": ""T1055"", ""justification"": ""Direct match with Process Injection technique""}, {""behavior"": ""Encrypt data with RC4"", ""evidence"": ""BUSHWALK can encrypt the resulting data generated from C2 commands with RC4."", ""technique_id"": """", ""justification"": """"}]",T1055,,,T1055,"T1027, T1105, T1140, T1205, T1505, T1554",0.0,0.0,0.0,,7,1,0,0,7,1,6,6,"T1087, T1098, T1134, T1531, T1548, T1583, T1650",7,T1055,1,,0,,0,,0,,0,0.0,0.0,0.0,high,large_fp_reduction; new_false_positives,,,,,
51,Enterprise,Ninja is a malware developed in C++ that has been used by ToddyCat to penetrate networks and control remote systems since at least 2020. Ninja is possibly part of a post exploitation toolkit exclusively used by ToddyCat and allows multiple operators to work simultaneously on the same machine. Ninja has been used against government and military entities in Europe and Asia and observed in specific infection chains being deployed by Samurai. Ninja can use HTTP for C2 communications. Ninja can create the services httpsvc and w3esvc for persistence. Ninja can encode C2 communications with a base64 algorithm using a custom alphabet. Ninja has the ability to modify headers and URL paths to hide malicious traffic in HTTP requests. Ninja has the ability to mimic legitimate services with customized HTTP URL paths and headers to hide malicious traffic. The Ninja loader component can decrypt and decompress the payload. Ninja can XOR and AES encrypt C2 messages. Ninja can store its final payload in the Registry under $HKLM\SOFTWARE\Classes\Interface\ encrypted with a dynamically generated key based on the drive’s serial number. Ninja has the ability to enumerate directory content. Ninja loaders can be side-loaded with legitimate and signed executables including the VLC.exe media player. Ninja can change or create the last access or write times.,"T1001, T1070, T1071, T1083, T1132, T1140, T1480, T1543, T1573, T1574","After analyzing the provided text, I have identified the following MITRE Enterprise attack patterns and mapped them to their corresponding technique IDs:

1. **T1134**: Access Token Manipulation - Ninja can modify headers and URL paths to hide malicious traffic in HTTP requests.
2. **T1071**: Application Layer Protocol - Ninja uses HTTP for C2 communications.
3. **T1548**: Abuse Elevation Control Mechanism - Ninja creates services (httpsvc and w3esvc) for persistence.
4. **T1530**: Data from Cloud Storage - Ninja stores its final payload in the Registry under $HKLM\SOFTWARE\Classes\Interface, encrypted with a dynamically generated key based on the drive's serial number.
5. **T1059**: Command and Scripting Interpreter - Ninja can XOR and AES encrypt C2 messages.
6. **T1048**: Exfiltration Over Alternative Protocol - Ninja can store its final payload in the Registry under $HKLM\SOFTWARE\Classes\Interface, encrypted with a dynamically generated key based on the drive's serial number.
7. **T1052**: Exfiltration Over Physical Medium - Ninja loaders can be side-loaded with legitimate and signed executables including the VLC.exe media player.
8. **T1565**: Data Manipulation - Ninja has the ability to modify headers and URL paths to hide malicious traffic in HTTP requests.
9. **T1001**: Data Obfuscation - Ninja encodes C2 communications with a base64 algorithm using a custom alphabet.
10. **T1074**: Data Staged - Ninja stores its final payload in the Registry under $HKLM\SOFTWARE\Classes\Interface, encrypted with a dynamically generated key based on the drive's serial number.

Here are the main technique IDs (excluding subtechnique IDs) separated by commas:

T1134,T1071,T1548,T1530,T1059,T1048,T1052,T1565,T1001,T1074","T1001, T1048, T1052, T1059, T1071, T1074, T1134, T1530, T1548, T1565","T1001, T1071","T1048, T1052, T1059, T1074, T1134, T1530, T1548, T1565","T1070, T1083, T1132, T1140, T1480, T1543, T1573, T1574",0.2,0.2,0.2,extra predicted IDs / false positives; missed gold IDs / false negatives,"{
  ""behaviors"": [
    {
      ""behavior"": ""Use HTTP for C2 communications"",
      ""evidence"": ""Ninja can use HTTP for C2 communications.""
    },
    {
      ""behavior"": ""Create services httpsvc and w3esvc for persistence"",
      ""evidence"": ""Ninja can create the services httpsvc and w3esvc for persistence.""
    },
    {
      ""behavior"": ""Encode C2 communications with base64 algorithm using custom alphabet"",
      ""evidence"": ""Ninja can encode C2 communications with a base64 algorithm using a custom alphabet.""
    },
    {
      ""behavior"": ""Modify headers and URL paths to hide malicious traffic in HTTP requests"",
      ""evidence"": ""Ninja has the ability to modify headers and URL paths to hide malicious traffic in HTTP requests.""
    },
    {
      ""behavior"": ""Mimic legitimate services with customized HTTP URL paths and headers"",
      ""evidence"": ""Ninja has the ability to mimic legitimate services with customized HTTP URL paths and headers to hide malicious traffic.""
    },
    {
      ""behavior"": ""Decrypt and decompress payload"",
      ""evidence"": ""The Ninja loader component can decrypt and decompress the payload.""
    },
    {
      ""behavior"": ""XOR and AES encrypt C2 messages"",
      ""evidence"": ""Ninja can XOR and AES encrypt C2 messages.""
    },
    {
      ""behavior"": ""Store final payload in Registry under $HKLM\/software/classes/interface encrypted with dynamically generated key based on drive's serial number"",
      ""evidence"": ""Ninja can store its final payload in the Registry under $HKLM\\SOFTWARE\\Classes\\Interface\\ encrypted with a dynamically generated key based on the drive’s serial number.""
    },
    {
      ""behavior"": ""Enumerate directory content"",
      ""evidence"": ""Ninja has the ability to enumerate directory content.""
    },
    {
      ""behavior"": ""Side-load with legitimate and signed executables including VLC.exe media player"",
      ""evidence"": ""Ninja loaders can be side-loaded with legitimate and signed executables including the VLC.exe media player.""
    },
    {
      ""behavior"": ""Change or create last access or write times"",
      ""evidence"": ""Ninja can change or create the last access or write times.""
    }
  ]
}",valid,"[{""behavior"": ""Use HTTP for C2 communications"", ""evidence"": ""Ninja can use HTTP for C2 communications.""}, {""behavior"": ""Create services httpsvc and w3esvc for persistence"", ""evidence"": ""Ninja can create the services httpsvc and w3esvc for persistence.""}, {""behavior"": ""Encode C2 communications with base64 algorithm using custom alphabet"", ""evidence"": ""Ninja can encode C2 communications with a base64 algorithm using a custom alphabet.""}, {""behavior"": ""Modify headers and URL paths to hide malicious traffic in HTTP requests"", ""evidence"": ""Ninja has the ability to modify headers and URL paths to hide malicious traffic in HTTP requests.""}, {""behavior"": ""Mimic legitimate services with customized HTTP URL paths and headers"", ""evidence"": ""Ninja has the ability to mimic legitimate services with customized HTTP URL paths and headers to hide malicious traffic.""}, {""behavior"": ""Decrypt and decompress payload"", ""evidence"": ""The Ninja loader component can decrypt and decompress the payload.""}, {""behavior"": ""XOR and AES encrypt C2 messages"", ""evidence"": ""Ninja can XOR and AES encrypt C2 messages.""}, {""behavior"": ""Store final payload in Registry under $HKLM/software/classes/interface encrypted with dynamically generated key based on drive's serial number"", ""evidence"": ""Ninja can store its final payload in the Registry under $HKLM\\SOFTWARE\\Classes\\Interface\\ encrypted with a dynamically generated key based on the drive’s serial number.""}, {""behavior"": ""Enumerate directory content"", ""evidence"": ""Ninja has the ability to enumerate directory content.""}, {""behavior"": ""Side-load with legitimate and signed executables including VLC.exe media player"", ""evidence"": ""Ninja loaders can be side-loaded with legitimate and signed executables including the VLC.exe media player.""}, {""behavior"": ""Change or create last access or write times"", ""evidence"": ""Ninja can change or create the last access or write times.""}]","{
  ""mappings"": [
    {
      ""behavior"": ""Use HTTP for C2 communications"",
      ""evidence"": ""Ninja can use HTTP for C2 communications."",
      ""technique_id"": ""T1041"",
      ""justification"": ""Direct match with Exfiltration Over C2 Channel""
    },
    {
      ""behavior"": ""Create services httpsvc and w3esvc for persistence"",
      ""evidence"": ""Ninja can create the services httpsvc and w3esvc for persistence."",
      ""technique_id"": ""T1547"",
      ""justification"": ""Direct match with Boot or Logon Autostart Execution""
    },
    {
      ""behavior"": ""Encode C2 communications with base64 algorithm using custom alphabet"",
      ""evidence"": ""Ninja can encode C2 communications with a base64 algorithm using a custom alphabet."",
      ""technique_id"": ""T1132"",
      ""justification"": ""Direct match with Data Encoding""
    },
    {
      ""behavior"": ""Modify headers and URL paths to hide malicious traffic in HTTP requests"",
      ""evidence"": ""Ninja has the ability to modify headers and URL paths to hide malicious traffic in HTTP requests."",
      ""technique_id"": ""T1659"",
      ""justification"": ""Direct match with Content Injection""
    },
    {
      ""behavior"": ""Mimic legitimate services with customized HTTP URL paths and headers"",
      ""evidence"": ""Ninja has the ability to mimic legitimate services with customized HTTP URL paths and headers to hide malicious traffic."",
      ""technique_id"": ""T1659"",
      ""justification"": ""Direct match with Content Injection""
    },
    {
      ""behavior"": ""Decrypt and decompress payload"",
      ""evidence"": ""The Ninja loader component can decrypt and decompress the payload."",
      ""technique_id"": ""None"",
      ""justification"": ""No direct match found""
    },
    {
      ""behavior"": ""XOR and AES encrypt C2 messages"",
      ""evidence"": ""Ninja can XOR and AES encrypt C2 messages."",
      ""technique_id"": ""T1074"",
      ""justification"": ""Direct match with Data Staged""
    },
    {
      ""behavior"": ""Store final payload in Registry under $HKLM/software/classes/interface encrypted with dynamically generated key based on drive's serial number"",
      ""evidence"": ""Ninja can store its final payload in the Registry under $HKLM\\SOFTWARE\\Classes\\Interface\\ encrypted with a dynamically generated key based on the drive’s serial number."",
      ""technique_id"": ""T1003"",
      ""justification"": ""Direct match with OS Credential Dumping""
    },
    {
      ""behavior"": ""Enumerate directory content"",
      ""evidence"": ""Ninja has the ability to enumerate directory content."",
      ""technique_id"": ""T1083"",
      ""justification"": ""Direct match with File and Directory Discovery""
    },
    {
      ""behavior"": ""Side-load with legitimate and signed executables including VLC.exe media player"",
      ""evidence"": ""Ninja loaders can be side-loaded with legitimate and signed executables including the VLC.exe media player."",
      ""technique_id"": ""None"",
      ""justification"": ""No direct match found""
    },
    {
      ""behavior"": ""Change or create last access or write times"",
      ""evidence"": ""Ninja can change or create the last access or write times."",
      ""technique_id"": ""T1221"",
      ""justification"": ""Direct match with Template Injection""
    }
  ],
  ""predicted_ids"": [
    ""T1041"",
    ""T1547"",
    ""T1132"",
    ""T1659"",
    ""T1074"",
    ""T1003"",
    ""T1083"",
    ""T1221""
  ]
}",valid,"[{""behavior"": ""Use HTTP for C2 communications"", ""evidence"": ""Ninja can use HTTP for C2 communications."", ""technique_id"": ""T1041"", ""justification"": ""Direct match with Exfiltration Over C2 Channel""}, {""behavior"": ""Create services httpsvc and w3esvc for persistence"", ""evidence"": ""Ninja can create the services httpsvc and w3esvc for persistence."", ""technique_id"": ""T1547"", ""justification"": ""Direct match with Boot or Logon Autostart Execution""}, {""behavior"": ""Encode C2 communications with base64 algorithm using custom alphabet"", ""evidence"": ""Ninja can encode C2 communications with a base64 algorithm using a custom alphabet."", ""technique_id"": ""T1132"", ""justification"": ""Direct match with Data Encoding""}, {""behavior"": ""Modify headers and URL paths to hide malicious traffic in HTTP requests"", ""evidence"": ""Ninja has the ability to modify headers and URL paths to hide malicious traffic in HTTP requests."", ""technique_id"": ""T1659"", ""justification"": ""Direct match with Content Injection""}, {""behavior"": ""Mimic legitimate services with customized HTTP URL paths and headers"", ""evidence"": ""Ninja has the ability to mimic legitimate services with customized HTTP URL paths and headers to hide malicious traffic."", ""technique_id"": ""T1659"", ""justification"": ""Direct match with Content Injection""}, {""behavior"": ""Decrypt and decompress payload"", ""evidence"": ""The Ninja loader component can decrypt and decompress the payload."", ""technique_id"": ""None"", ""justification"": ""No direct match found""}, {""behavior"": ""XOR and AES encrypt C2 messages"", ""evidence"": ""Ninja can XOR and AES encrypt C2 messages."", ""technique_id"": ""T1074"", ""justification"": ""Direct match with Data Staged""}, {""behavior"": ""Store final payload in Registry under $HKLM/software/classes/interface encrypted with dynamically generated key based on drive's serial number"", ""evidence"": ""Ninja can store its final payload in the Registry under $HKLM\\SOFTWARE\\Classes\\Interface\\ encrypted with a dynamically generated key based on the drive’s serial number."", ""technique_id"": ""T1003"", ""justification"": ""Direct match with OS Credential Dumping""}, {""behavior"": ""Enumerate directory content"", ""evidence"": ""Ninja has the ability to enumerate directory content."", ""technique_id"": ""T1083"", ""justification"": ""Direct match with File and Directory Discovery""}, {""behavior"": ""Side-load with legitimate and signed executables including VLC.exe media player"", ""evidence"": ""Ninja loaders can be side-loaded with legitimate and signed executables including the VLC.exe media player."", ""technique_id"": ""None"", ""justification"": ""No direct match found""}, {""behavior"": ""Change or create last access or write times"", ""evidence"": ""Ninja can change or create the last access or write times."", ""technique_id"": ""T1221"", ""justification"": ""Direct match with Template Injection""}]","T1003, T1041, T1074, T1083, T1132, T1221, T1547, T1659",,"T1083, T1132","T1003, T1041, T1074, T1221, T1547, T1659","T1001, T1070, T1071, T1140, T1480, T1543, T1573, T1574",0.25,0.2,0.2222222222222222,,10,8,2,2,8,6,8,8,"T1048, T1052, T1059, T1134, T1530, T1548, T1565",7,"T1003, T1041, T1221, T1547, T1659",5,"T1083, T1132",2,"T1001, T1071",2,"T1083, T1132",2,"T1001, T1071",2,0.04999999999999999,0.0,0.0222222222222222,high,large_fp_reduction; new_false_positives; gold_ids_recovered; new_false_negatives; many_remaining_false_positives,,,,,
29,Enterprise,"The AutoIt backdoor is malware used by the threat actors behind the MONSOON campaign. It was frequently deployed via weaponized .pps files exploiting CVE-2014-6352. This malware leverages the legitimate AutoIt scripting language, designed for Windows GUI automation, for malicious purposes. The AutoIt backdoor attempts to escalate privileges by bypassing User Account Control (UAC). It downloads a PowerShell script that decodes into a standard shellcode loader and communicates with its command and control (C2) server using base64-encoded responses. Additionally, the backdoor is capable of identifying and targeting documents on the victim's system with specific extensions, including .doc, .pdf, .csv, .ppt, .docx, .pst, .xls, .xlsx, .pptx, and .jpeg.","T1059, T1083, T1132, T1548","After analyzing the provided text, I have identified the following MITRE Enterprise attack patterns and mapped them to their corresponding technique IDs:

1. **T1548**: Abuse Elevation Control Mechanism - The AutoIt backdoor attempts to escalate privileges by bypassing User Account Control (UAC).
2. **T1134**: Access Token Manipulation - Although not explicitly mentioned, the backdoor's ability to communicate with its C2 server using base64-encoded responses implies manipulation of access tokens.
3. **T1531**: Account Access Removal - The backdoor is capable of identifying and targeting documents on the victim's system with specific extensions, which may involve removing or modifying account access.
4. **T1087**: Account Discovery - The backdoor likely discovers accounts on the victim's system to target specific documents.
5. **T1098**: Account Manipulation - The backdoor manipulates accounts by identifying and targeting specific documents.
6. **T1650**: Acquire Access - The backdoor acquires access to the victim's system by exploiting CVE-2014-6352.
7. **T1583**: Acquire Infrastructure - Although not explicitly mentioned, the backdoor likely acquires infrastructure (e.g., C2 servers) to communicate with.
8. **T1557**: Adversary-in-the-Middle - The backdoor's communication with its C2 server using base64-encoded responses implies an adversary-in-the-middle scenario.

The main techniques identified are:

T1548, T1134, T1531, T1087, T1098, T1650, T1583, and T1557","T1087, T1098, T1134, T1531, T1548, T1557, T1583, T1650",T1548,"T1087, T1098, T1134, T1531, T1557, T1583, T1650","T1059, T1083, T1132",0.125,0.25,0.1666666666666666,extra predicted IDs / false positives; missed gold IDs / false negatives,"{
  ""behaviors"": [
    {
      ""behavior"": ""Deploy via weaponized .pps files exploiting CVE-2014-6352"",
      ""evidence"": ""weaponized .pps files exploiting CVE-2014-6352""
    },
    {
      ""behavior"": ""Leverage legitimate AutoIt scripting language for malicious purposes"",
      ""evidence"": ""leverages the legitimate AutoIt scripting language, designed for Windows GUI automation, for malicious purposes""
    },
    {
      ""behavior"": ""Attempt to escalate privileges by bypassing User Account Control (UAC)"",
      ""evidence"": ""attempts to escalate privileges by bypassing User Account Control (UAC)""
    },
    {
      ""behavior"": ""Download PowerShell script that decodes into a standard shellcode loader"",
      ""evidence"": ""downloads a PowerShell script that decodes into a standard shellcode loader""
    },
    {
      ""behavior"": ""Communicate with command and control (C2) server using base64-encoded responses"",
      ""evidence"": ""communicates with its command and control (C2) server using base64-encoded responses""
    },
    {
      ""behavior"": ""Identify and target documents on the victim's system with specific extensions"",
      ""evidence"": ""identifying and targeting documents on the victim's system with specific extensions, including .doc, .pdf, .csv, .ppt, .docx, .pst, .xls, .xlsx, .pptx, and .jpeg""
    }
  ]
}",valid,"[{""behavior"": ""Deploy via weaponized .pps files exploiting CVE-2014-6352"", ""evidence"": ""weaponized .pps files exploiting CVE-2014-6352""}, {""behavior"": ""Leverage legitimate AutoIt scripting language for malicious purposes"", ""evidence"": ""leverages the legitimate AutoIt scripting language, designed for Windows GUI automation, for malicious purposes""}, {""behavior"": ""Attempt to escalate privileges by bypassing User Account Control (UAC)"", ""evidence"": ""attempts to escalate privileges by bypassing User Account Control (UAC)""}, {""behavior"": ""Download PowerShell script that decodes into a standard shellcode loader"", ""evidence"": ""downloads a PowerShell script that decodes into a standard shellcode loader""}, {""behavior"": ""Communicate with command and control (C2) server using base64-encoded responses"", ""evidence"": ""communicates with its command and control (C2) server using base64-encoded responses""}, {""behavior"": ""Identify and target documents on the victim's system with specific extensions"", ""evidence"": ""identifying and targeting documents on the victim's system with specific extensions, including .doc, .pdf, .csv, .ppt, .docx, .pst, .xls, .xlsx, .pptx, and .jpeg""}]","{
  ""mappings"": [
    {
      ""behavior"": ""Deploy via weaponized .pps files exploiting CVE-2014-6352"",
      ""evidence"": ""weaponized .pps files exploiting CVE-2014-6352"",
      ""technique_id"": ""T1203"",
      ""justification"": ""Exploitation for Client Execution""
    },
    {
      ""behavior"": ""Leverage legitimate AutoIt scripting language for malicious purposes"",
      ""evidence"": ""leverages the legitimate AutoIt scripting language, designed for Windows GUI automation, for malicious purposes"",
      ""technique_id"": ""T1055"",
      ""justification"": ""Process Injection""
    },
    {
      ""behavior"": ""Attempt to escalate privileges by bypassing User Account Control (UAC)"",
      ""evidence"": ""attempts to escalate privileges by bypassing User Account Control (UAC)"",
      ""technique_id"": ""T1068"",
      ""justification"": ""Exploitation for Privilege Escalation""
    },
    {
      ""behavior"": ""Download PowerShell script that decodes into a standard shellcode loader"",
      ""evidence"": ""downloads a PowerShell script that decodes into a standard shellcode loader"",
      ""technique_id"": ""T1059"",
      ""justification"": ""Command and Scripting Interpreter""
    },
    {
      ""behavior"": ""Communicate with command and control (C2) server using base64-encoded responses"",
      ""evidence"": ""communicates with its command and control (C2) server using base64-encoded responses"",
      ""technique_id"": ""T1041"",
      ""justification"": ""Exfiltration Over C2 Channel""
    },
    {
      ""behavior"": ""Identify and target documents on the victim's system with specific extensions"",
      ""evidence"": ""identifying and targeting documents on the victim's system with specific extensions, including .doc, .pdf, .csv, .ppt, .docx, .pst, .xls, .xlsx, .pptx, and .jpeg"",
      ""technique_id"": ""T1018"",
      ""justification"": ""Remote System Discovery""
    }
  ],
  ""predicted_ids"": [
    ""T1203"",
    ""T1055"",
    ""T1068"",
    ""T1059"",
    ""T1041"",
    ""T1018""
  ]
}",valid,"[{""behavior"": ""Deploy via weaponized .pps files exploiting CVE-2014-6352"", ""evidence"": ""weaponized .pps files exploiting CVE-2014-6352"", ""technique_id"": ""T1203"", ""justification"": ""Exploitation for Client Execution""}, {""behavior"": ""Leverage legitimate AutoIt scripting language for malicious purposes"", ""evidence"": ""leverages the legitimate AutoIt scripting language, designed for Windows GUI automation, for malicious purposes"", ""technique_id"": ""T1055"", ""justification"": ""Process Injection""}, {""behavior"": ""Attempt to escalate privileges by bypassing User Account Control (UAC)"", ""evidence"": ""attempts to escalate privileges by bypassing User Account Control (UAC)"", ""technique_id"": ""T1068"", ""justification"": ""Exploitation for Privilege Escalation""}, {""behavior"": ""Download PowerShell script that decodes into a standard shellcode loader"", ""evidence"": ""downloads a PowerShell script that decodes into a standard shellcode loader"", ""technique_id"": ""T1059"", ""justification"": ""Command and Scripting Interpreter""}, {""behavior"": ""Communicate with command and control (C2) server using base64-encoded responses"", ""evidence"": ""communicates with its command and control (C2) server using base64-encoded responses"", ""technique_id"": ""T1041"", ""justification"": ""Exfiltration Over C2 Channel""}, {""behavior"": ""Identify and target documents on the victim's system with specific extensions"", ""evidence"": ""identifying and targeting documents on the victim's system with specific extensions, including .doc, .pdf, .csv, .ppt, .docx, .pst, .xls, .xlsx, .pptx, and .jpeg"", ""technique_id"": ""T1018"", ""justification"": ""Remote System Discovery""}]","T1018, T1041, T1055, T1059, T1068, T1203",,T1059,"T1018, T1041, T1055, T1068, T1203","T1083, T1132, T1548",0.1666666666666666,0.25,0.2,,8,6,1,1,7,5,3,3,"T1087, T1098, T1134, T1531, T1557, T1583, T1650",7,"T1018, T1041, T1055, T1068, T1203",5,T1059,1,T1548,1,T1059,1,T1548,1,0.0416666666666666,0.0,0.03333333333333341,high,large_fp_reduction; new_false_positives; gold_ids_recovered; new_false_negatives; many_remaining_false_positives,,,,,
45,Enterprise,"Mispadu is a banking trojan written in Delphi, first observed in 2019, that operates under a Malware-as-a-Service (MaaS) model. Managed and sold by the Malteiro cybercriminal group, Mispadu primarily targets victims in Brazil and Mexico, with confirmed operations across Latin America and Europe. Mispadu establishes persistence by creating a link in the startup folder and adding an entry to the registry key `HKCU\Software\Microsoft\Windows\CurrentVersion\Run`. It utilizes malicious Google Chrome extensions to steal financial data and monitors browser activity for online banking actions, often displaying full-screen overlays to block user access to legitimate sites or to prompt for additional data. The trojan can capture and replace Bitcoin wallet addresses in the clipboard on compromised hosts. Mispadu’s dropper uses VBS files to install and execute its payloads. Additionally, the malware steals credentials from mail clients using NirSoft MailPassView and from Google Chrome. Before execution, Mispadu decrypts its encrypted configuration files. Mispadu includes a copy of the OpenSSL library to encrypt its command and control (C2) traffic, and it sends collected financial data to its C2 server.","T1041, T1059, T1115, T1140, T1176, T1217, T1547, T1555, T1573","After analyzing the text, I have identified the following MITRE Enterprise attack patterns and mapped them to their corresponding technique IDs:

1. **T1134**: Access Token Manipulation - Mispadu uses malicious Google Chrome extensions to steal financial data and monitors browser activity for online banking actions.
2. **T1548**: Abuse Elevation Control Mechanism - Mispadu creates a link in the startup folder and adds an entry to the registry key `HKCU\Software\Microsoft\Windows\CurrentVersion\Run` to establish persistence.
3. **T1557**: Adversary-in-the-Middle - Mispadu captures and replaces Bitcoin wallet addresses in the clipboard on compromised hosts.
4. **T1071**: Application Layer Protocol - Mispadu uses VBS files to install and execute its payloads, which involves communication through a protocol ( likely HTTP or HTTPS).
5. **T1187**: Forced Authentication - Mispadu displays full-screen overlays to block user access to legitimate sites or prompt for additional data.
6. **T1554**: Compromise Host Software Binary - Mispadu includes a copy of the OpenSSL library to encrypt its command and control (C2) traffic.
7. **T1059**: Command and Scripting Interpreter - Mispadu uses VBS files to install and execute its payloads, which involves using a scripting interpreter ( likely Windows Script Host).
8. **T1041**: Exfiltration Over C2 Channel - Mispadu sends collected financial data to its C2 server.
9. **T1565**: Data Manipulation - Mispadu steals credentials from mail clients using NirSoft MailPassView and from Google Chrome.

Here are the main technique IDs, excluding subtechnique IDs:

T1134, T1548, T1557, T1071, T1187, T1554, T1059, T1041, T1565","T1041, T1059, T1071, T1134, T1187, T1548, T1554, T1557, T1565","T1041, T1059","T1071, T1134, T1187, T1548, T1554, T1557, T1565","T1115, T1140, T1176, T1217, T1547, T1555, T1573",0.2222222222222222,0.2222222222222222,0.2222222222222222,extra predicted IDs / false positives; missed gold IDs / false negatives,"{
  ""behaviors"": [
    {
      ""behavior"": ""Create link in startup folder"",
      ""evidence"": ""creating a link in the startup folder""
    },
    {
      ""behavior"": ""Add entry to registry key"",
      ""evidence"": ""adding an entry to the registry key `HKCU\\\u0020Software\\\u0020Microsoft\\\u0020Windows\\\u0020CurrentVersion\\\u0020Run`""
    },
    {
      ""behavior"": ""Steal financial data using malicious Chrome extensions"",
      ""evidence"": ""utilizes malicious Google Chrome extensions to steal financial data""
    },
    {
      ""behavior"": ""Monitor browser activity for online banking actions"",
      ""evidence"": ""monitors browser activity for online banking actions""
    },
    {
      ""behavior"": ""Display full-screen overlays to block user access or prompt for additional data"",
      ""evidence"": ""displaying full-screen overlays to block user access to legitimate sites or to prompt for additional data""
    },
    {
      ""behavior"": ""Capture and replace Bitcoin wallet addresses in clipboard"",
      ""evidence"": ""capture and replace Bitcoin wallet addresses in the clipboard on compromised hosts""
    },
    {
      ""behavior"": ""Steal credentials from mail clients using NirSoft MailPassView"",
      ""evidence"": ""steals credentials from mail clients using NirSoft MailPassView""
    },
    {
      ""behavior"": ""Steal credentials from Google Chrome"",
      ""evidence"": ""and from Google Chrome""
    },
    {
      ""behavior"": ""Decrypt encrypted configuration files"",
      ""evidence"": ""Before execution, Mispadu decrypts its encrypted configuration files.""
    },
    {
      ""behavior"": ""Encrypt command and control (C2) traffic using OpenSSL library"",
      ""evidence"": ""Mispadu includes a copy of the OpenSSL library to encrypt its command and control (C2) traffic""
    }
  ]
}",valid,"[{""behavior"": ""Create link in startup folder"", ""evidence"": ""creating a link in the startup folder""}, {""behavior"": ""Add entry to registry key"", ""evidence"": ""adding an entry to the registry key `HKCU\\ Software\\ Microsoft\\ Windows\\ CurrentVersion\\ Run`""}, {""behavior"": ""Steal financial data using malicious Chrome extensions"", ""evidence"": ""utilizes malicious Google Chrome extensions to steal financial data""}, {""behavior"": ""Monitor browser activity for online banking actions"", ""evidence"": ""monitors browser activity for online banking actions""}, {""behavior"": ""Display full-screen overlays to block user access or prompt for additional data"", ""evidence"": ""displaying full-screen overlays to block user access to legitimate sites or to prompt for additional data""}, {""behavior"": ""Capture and replace Bitcoin wallet addresses in clipboard"", ""evidence"": ""capture and replace Bitcoin wallet addresses in the clipboard on compromised hosts""}, {""behavior"": ""Steal credentials from mail clients using NirSoft MailPassView"", ""evidence"": ""steals credentials from mail clients using NirSoft MailPassView""}, {""behavior"": ""Steal credentials from Google Chrome"", ""evidence"": ""and from Google Chrome""}, {""behavior"": ""Decrypt encrypted configuration files"", ""evidence"": ""Before execution, Mispadu decrypts its encrypted configuration files.""}, {""behavior"": ""Encrypt command and control (C2) traffic using OpenSSL library"", ""evidence"": ""Mispadu includes a copy of the OpenSSL library to encrypt its command and control (C2) traffic""}]","{
  ""mappings"": [
    {
      ""behavior"": ""Create link in startup folder"",
      ""evidence"": ""creating a link in the startup folder"",
      ""technique_id"": ""T1137"",
      ""justification"": ""Office Application Startup: Creating a link in the startup folder is equivalent to starting an office application.""
    },
    {
      ""behavior"": ""Add entry to registry key"",
      ""evidence"": ""adding an entry to the registry key `HKCU\\ Software\\ Microsoft\\ Windows\\ CurrentVersion\\ Run`"",
      ""technique_id"": ""T1112"",
      ""justification"": ""Modify Registry: Adding an entry to a registry key is equivalent to modifying the registry.""
    },
    {
      ""behavior"": ""Steal financial data using malicious Chrome extensions"",
      ""evidence"": ""utilizes malicious Google Chrome extensions to steal financial data"",
      ""technique_id"": ""T1659"",
      ""justification"": ""Content Injection: Malicious Chrome extensions inject content into the browser, allowing them to steal financial data.""
    },
    {
      ""behavior"": ""Monitor browser activity for online banking actions"",
      ""evidence"": ""monitors browser activity for online banking actions"",
      ""technique_id"": ""T1217"",
      ""justification"": ""Browser Information Discovery: Monitoring browser activity is equivalent to discovering information about the browser.""
    },
    {
      ""behavior"": ""Display full-screen overlays to block user access or prompt for additional data"",
      ""evidence"": ""displaying full-screen overlays to block user access to legitimate sites or to prompt for additional data"",
      ""technique_id"": ""T1656"",
      ""justification"": ""Impersonation: Displaying full-screen overlays is equivalent to impersonating the system.""
    },
    {
      ""behavior"": ""Capture and replace Bitcoin wallet addresses in clipboard"",
      ""evidence"": ""capture and replace Bitcoin wallet addresses in the clipboard on compromised hosts"",
      ""technique_id"": ""T1115"",
      ""justification"": ""Clipboard Data: Capturing and replacing Bitcoin wallet addresses is equivalent to accessing clipboard data.""
    },
    {
      ""behavior"": ""Steal credentials from mail clients using NirSoft MailPassView"",
      ""evidence"": ""steals credentials from mail clients using NirSoft MailPassView"",
      ""technique_id"": ""T1555"",
      ""justification"": ""Credentials from Password Stores: Stealing credentials from mail clients is equivalent to accessing password stores.""
    },
    {
      ""behavior"": ""Steal credentials from Google Chrome"",
      ""evidence"": ""and from Google Chrome"",
      ""technique_id"": ""T1528"",
      ""justification"": ""Steal Application Access Token: Stealing credentials from Google Chrome is equivalent to stealing application access tokens.""
    },
    {
      ""behavior"": ""Decrypt encrypted configuration files"",
      ""evidence"": ""Before execution, Mispadu decrypts its encrypted configuration files."",
      ""technique_id"": ""T1486"",
      ""justification"": ""Data Encrypted for Impact: Decrypting encrypted configuration files is equivalent to accessing data that was previously encrypted.""
    },
    {
      ""behavior"": ""Encrypt command and control (C2) traffic using OpenSSL library"",
      ""evidence"": ""Mispadu includes a copy of the OpenSSL library to encrypt its command and control (C2) traffic"",
      ""technique_id"": ""T1046"",
      ""justification"": ""Network Service Discovery: Encrypting C2 traffic is equivalent to discovering network services.""
    }
  ],
  ""predicted_ids"": [
    ""T1137"",
    ""T1112"",
    ""T1659"",
    ""T1217"",
    ""T1656"",
    ""T1115"",
    ""T1555"",
    ""T1528"",
    ""T1486"",
    ""T1046""
  ]
}",valid,"[{""behavior"": ""Create link in startup folder"", ""evidence"": ""creating a link in the startup folder"", ""technique_id"": ""T1137"", ""justification"": ""Office Application Startup: Creating a link in the startup folder is equivalent to starting an office application.""}, {""behavior"": ""Add entry to registry key"", ""evidence"": ""adding an entry to the registry key `HKCU\\ Software\\ Microsoft\\ Windows\\ CurrentVersion\\ Run`"", ""technique_id"": ""T1112"", ""justification"": ""Modify Registry: Adding an entry to a registry key is equivalent to modifying the registry.""}, {""behavior"": ""Steal financial data using malicious Chrome extensions"", ""evidence"": ""utilizes malicious Google Chrome extensions to steal financial data"", ""technique_id"": ""T1659"", ""justification"": ""Content Injection: Malicious Chrome extensions inject content into the browser, allowing them to steal financial data.""}, {""behavior"": ""Monitor browser activity for online banking actions"", ""evidence"": ""monitors browser activity for online banking actions"", ""technique_id"": ""T1217"", ""justification"": ""Browser Information Discovery: Monitoring browser activity is equivalent to discovering information about the browser.""}, {""behavior"": ""Display full-screen overlays to block user access or prompt for additional data"", ""evidence"": ""displaying full-screen overlays to block user access to legitimate sites or to prompt for additional data"", ""technique_id"": ""T1656"", ""justification"": ""Impersonation: Displaying full-screen overlays is equivalent to impersonating the system.""}, {""behavior"": ""Capture and replace Bitcoin wallet addresses in clipboard"", ""evidence"": ""capture and replace Bitcoin wallet addresses in the clipboard on compromised hosts"", ""technique_id"": ""T1115"", ""justification"": ""Clipboard Data: Capturing and replacing Bitcoin wallet addresses is equivalent to accessing clipboard data.""}, {""behavior"": ""Steal credentials from mail clients using NirSoft MailPassView"", ""evidence"": ""steals credentials from mail clients using NirSoft MailPassView"", ""technique_id"": ""T1555"", ""justification"": ""Credentials from Password Stores: Stealing credentials from mail clients is equivalent to accessing password stores.""}, {""behavior"": ""Steal credentials from Google Chrome"", ""evidence"": ""and from Google Chrome"", ""technique_id"": ""T1528"", ""justification"": ""Steal Application Access Token: Stealing credentials from Google Chrome is equivalent to stealing application access tokens.""}, {""behavior"": ""Decrypt encrypted configuration files"", ""evidence"": ""Before execution, Mispadu decrypts its encrypted configuration files."", ""technique_id"": ""T1486"", ""justification"": ""Data Encrypted for Impact: Decrypting encrypted configuration files is equivalent to accessing data that was previously encrypted.""}, {""behavior"": ""Encrypt command and control (C2) traffic using OpenSSL library"", ""evidence"": ""Mispadu includes a copy of the OpenSSL library to encrypt its command and control (C2) traffic"", ""technique_id"": ""T1046"", ""justification"": ""Network Service Discovery: Encrypting C2 traffic is equivalent to discovering network services.""}]","T1046, T1112, T1115, T1137, T1217, T1486, T1528, T1555, T1656, T1659",,"T1115, T1217, T1555","T1046, T1112, T1137, T1486, T1528, T1656, T1659","T1041, T1059, T1140, T1176, T1547, T1573",0.3,0.3333333333333333,0.3157894736842105,,9,10,2,3,7,7,7,6,"T1071, T1134, T1187, T1548, T1554, T1557, T1565",7,"T1046, T1112, T1137, T1486, T1528, T1656, T1659",7,"T1115, T1217, T1555",3,"T1041, T1059",2,"T1115, T1217, T1555",3,"T1041, T1059",2,0.07777777777777778,0.1111111111111111,0.0935672514619883,high,large_fp_reduction; new_false_positives; gold_ids_recovered; new_false_negatives; many_remaining_false_positives,,,,,
47,Enterprise,LITTLELAMB.WOOLTEA is a backdoor that was used by UNC5325 during Cutting Edge to deploy malware on targeted Ivanti Connect Secure VPNs and to establish persistence across system upgrades and patches. LITTLELAMB.WOOLTEA can append malicious components to the tmp/tmpmnt/bin/samba_upgrade.tar archive inside the factory reset partition in attempt to persist post reset. LITTLELAMB.WOOLTEA can initialize itself as a daemon to run persistently in the background. LITTLELAMB.WOOLTEA can communicate over SSL using the private key from the Ivanti Connect Secure web server. LITTLELAMB.WOOLTEA can monitor for system upgrade events by checking for the presence of /tmp/data/root/dev. LITTLELAMB.WOOLTEA can function as a stand-alone backdoor communicating over the /tmp/clientsDownload.sock socket. LITTLELAMB.WOOLTEA has the ability to function as a SOCKS proxy. LITTLELAMB.WOOLTEA can check the type of Ivanti VPN device it is running on by executing first_run() to identify the first four bytes of the motherboard serial number.,"T1082, T1083, T1090, T1095, T1543, T1554, T1573","After analyzing the provided text, I have identified several MITRE Enterprise attack patterns and mapped them to their corresponding technique IDs. Here are the extracted techniques:

1. **T1548**: Abuse Elevation Control Mechanism - LITTLELAMB.WOOLTEA can initialize itself as a daemon to run persistently in the background.
2. **T1134**: Access Token Manipulation - LITTLELAMB.WOOLTEA can communicate over SSL using the private key from the Ivanti Connect Secure web server.
3. **T1531**: Account Access Removal - LITTLELAMB.WOOLTEA has the ability to function as a SOCKS proxy, which may involve removing or modifying account access.
4. **T1087**: Account Discovery - LITTLELAMB.WOOLTEA can check the type of Ivanti VPN device it is running on by executing first_run() to identify the first four bytes of the motherboard serial number.
5. **T1098**: Account Manipulation - LITTLELAMB.WOOLTEA can append malicious components to the tmp/tmpmnt/bin/samba_upgrade.tar archive inside the factory reset partition in attempt to persist post reset.
6. **T1650**: Acquire Access - LITTLELAMB.WOOLTEA is a backdoor that was used by UNC5325 during Cutting Edge to deploy malware on targeted Ivanti Connect Secure VPNs and to establish persistence across system upgrades and patches.
7. **T1583**: Acquire Infrastructure - LITTLELAMB.WOOLTEA can monitor for system upgrade events by checking for the presence of /tmp/data/root/dev.

Here are the main technique IDs, excluding subtechnique IDs:

T1548, T1134, T1531, T1087, T1098, T1650, T1583","T1087, T1098, T1134, T1531, T1548, T1583, T1650",,"T1087, T1098, T1134, T1531, T1548, T1583, T1650","T1082, T1083, T1090, T1095, T1543, T1554, T1573",0.0,0.0,0.0,extra predicted IDs / false positives; missed gold IDs / false negatives,"{
  ""behaviors"": [
    {
      ""behavior"": ""Append malicious components to an archive"",
      ""evidence"": ""append malicious components to the tmp/tmpmnt/bin/samba_upgrade.tar archive""
    },
    {
      ""behavior"": ""Initialize as a daemon in the background"",
      ""evidence"": ""initialize itself as a daemon to run persistently in the background""
    },
    {
      ""behavior"": ""Communicate over SSL using a private key"",
      ""evidence"": ""communicate over SSL using the private key from the Ivanti Connect Secure web server""
    },
    {
      ""behavior"": ""Monitor system upgrade events"",
      ""evidence"": ""monitor for system upgrade events by checking for the presence of /tmp/data/root/dev""
    },
    {
      ""behavior"": ""Function as a stand-alone backdoor over a socket"",
      ""evidence"": ""function as a stand-alone backdoor communicating over the /tmp/clientsDownload.sock socket""
    },
    {
      ""behavior"": ""Act as a SOCKS proxy"",
      ""evidence"": ""LITTLELAMB.WOOLTEA has the ability to function as a SOCKS proxy""
    },
    {
      ""behavior"": ""Check the type of Ivanti VPN device"",
      ""evidence"": ""check the type of Ivanti VPN device it is running on by executing first_run() to identify the first four bytes of the motherboard serial number""
    }
  ]
}",valid,"[{""behavior"": ""Append malicious components to an archive"", ""evidence"": ""append malicious components to the tmp/tmpmnt/bin/samba_upgrade.tar archive""}, {""behavior"": ""Initialize as a daemon in the background"", ""evidence"": ""initialize itself as a daemon to run persistently in the background""}, {""behavior"": ""Communicate over SSL using a private key"", ""evidence"": ""communicate over SSL using the private key from the Ivanti Connect Secure web server""}, {""behavior"": ""Monitor system upgrade events"", ""evidence"": ""monitor for system upgrade events by checking for the presence of /tmp/data/root/dev""}, {""behavior"": ""Function as a stand-alone backdoor over a socket"", ""evidence"": ""function as a stand-alone backdoor communicating over the /tmp/clientsDownload.sock socket""}, {""behavior"": ""Act as a SOCKS proxy"", ""evidence"": ""LITTLELAMB.WOOLTEA has the ability to function as a SOCKS proxy""}, {""behavior"": ""Check the type of Ivanti VPN device"", ""evidence"": ""check the type of Ivanti VPN device it is running on by executing first_run() to identify the first four bytes of the motherboard serial number""}]","{
  ""mappings"": [
    {
      ""behavior"": ""Append malicious components to an archive"",
      ""evidence"": ""append malicious components to the tmp/tmpmnt/bin/samba_upgrade.tar archive"",
      ""technique_id"": ""T1560"",
      ""justification"": ""The behavior of appending malicious components to an archive directly supports the technique ID T1560: Archive Collected Data""
    },
    {
      ""behavior"": ""Initialize as a daemon in the background"",
      ""evidence"": ""initialize itself as a daemon to run persistently in the background"",
      ""technique_id"": ""T1547"",
      ""justification"": ""The behavior of initializing as a daemon in the background directly supports the technique ID T1547: Boot or Logon Autostart Execution""
    },
    {
      ""behavior"": ""Communicate over SSL using a private key"",
      ""evidence"": ""communicate over SSL using the private key from the Ivanti Connect Secure web server"",
      ""technique_id"": ""T1092"",
      ""justification"": ""The behavior of communicating over SSL using a private key directly supports the technique ID T1092: Communication Through Removable Media""
    },
    {
      ""behavior"": ""Monitor system upgrade events"",
      ""evidence"": ""monitor for system upgrade events by checking for the presence of /tmp/data/root/dev"",
      ""technique_id"": ""T1039"",
      ""justification"": ""The behavior of monitoring system upgrade events directly supports the technique ID T1039: Data from Network Shared Drive""
    },
    {
      ""behavior"": ""Function as a stand-alone backdoor over a socket"",
      ""evidence"": ""function as a stand-alone backdoor communicating over the /tmp/clientsDownload.sock socket"",
      ""technique_id"": ""T1217"",
      ""justification"": ""The behavior of functioning as a stand-alone backdoor over a socket directly supports the technique ID T1217: Browser Information Discovery""
    },
    {
      ""behavior"": ""Act as a SOCKS proxy"",
      ""evidence"": ""LITTLELAMB.WOOLTEA has the ability to function as a SOCKS proxy"",
      ""technique_id"": ""T1090"",
      ""justification"": ""The behavior of acting as a SOCKS proxy directly supports the technique ID T1090: Proxy""
    },
    {
      ""behavior"": ""Check the type of Ivanti VPN device"",
      ""evidence"": ""check the type of Ivanti VPN device it is running on by executing first_run() to identify the first four bytes of the motherboard serial number"",
      ""technique_id"": ""T1018"",
      ""justification"": ""The behavior of checking the type of Ivanti VPN device directly supports the technique ID T1018: Remote System Discovery""
    }
  ],
  ""predicted_ids"": [
    ""T1547"", ""T1092"", ""T1039"", ""T1217"", ""T1090"", ""T1018""
  ]
}",valid,"[{""behavior"": ""Append malicious components to an archive"", ""evidence"": ""append malicious components to the tmp/tmpmnt/bin/samba_upgrade.tar archive"", ""technique_id"": ""T1560"", ""justification"": ""The behavior of appending malicious components to an archive directly supports the technique ID T1560: Archive Collected Data""}, {""behavior"": ""Initialize as a daemon in the background"", ""evidence"": ""initialize itself as a daemon to run persistently in the background"", ""technique_id"": ""T1547"", ""justification"": ""The behavior of initializing as a daemon in the background directly supports the technique ID T1547: Boot or Logon Autostart Execution""}, {""behavior"": ""Communicate over SSL using a private key"", ""evidence"": ""communicate over SSL using the private key from the Ivanti Connect Secure web server"", ""technique_id"": ""T1092"", ""justification"": ""The behavior of communicating over SSL using a private key directly supports the technique ID T1092: Communication Through Removable Media""}, {""behavior"": ""Monitor system upgrade events"", ""evidence"": ""monitor for system upgrade events by checking for the presence of /tmp/data/root/dev"", ""technique_id"": ""T1039"", ""justification"": ""The behavior of monitoring system upgrade events directly supports the technique ID T1039: Data from Network Shared Drive""}, {""behavior"": ""Function as a stand-alone backdoor over a socket"", ""evidence"": ""function as a stand-alone backdoor communicating over the /tmp/clientsDownload.sock socket"", ""technique_id"": ""T1217"", ""justification"": ""The behavior of functioning as a stand-alone backdoor over a socket directly supports the technique ID T1217: Browser Information Discovery""}, {""behavior"": ""Act as a SOCKS proxy"", ""evidence"": ""LITTLELAMB.WOOLTEA has the ability to function as a SOCKS proxy"", ""technique_id"": ""T1090"", ""justification"": ""The behavior of acting as a SOCKS proxy directly supports the technique ID T1090: Proxy""}, {""behavior"": ""Check the type of Ivanti VPN device"", ""evidence"": ""check the type of Ivanti VPN device it is running on by executing first_run() to identify the first four bytes of the motherboard serial number"", ""technique_id"": ""T1018"", ""justification"": ""The behavior of checking the type of Ivanti VPN device directly supports the technique ID T1018: Remote System Discovery""}]","T1018, T1039, T1090, T1092, T1217, T1547",,T1090,"T1018, T1039, T1092, T1217, T1547","T1082, T1083, T1095, T1543, T1554, T1573",0.1666666666666666,0.1428571428571428,0.1538461538461538,,7,6,0,1,7,5,7,6,"T1087, T1098, T1134, T1531, T1548, T1583, T1650",7,"T1018, T1039, T1092, T1217, T1547",5,T1090,1,,0,T1090,1,,0,0.1666666666666666,0.1428571428571428,0.1538461538461538,high,large_fp_reduction; new_false_positives; gold_ids_recovered; many_remaining_false_positives,,,,,
56,Enterprise,"SLOWPULSE is a malware that was used by APT5 as early as 2020 including against U.S. Defense Industrial Base (DIB) companies. SLOWPULSE has several variants and can modify legitimate Pulse Secure VPN files in order to log credentials and bypass single and two-factor authentication flows. SLOWPULSE is applied in compromised environments through modifications to legitimate Pulse Secure files. SLOWPULSE can write logged ACE credentials to /home/perl/PAUS.pm in append mode, using the format string %s:%s\n. SLOWPULSE can modify LDAP and two factor authentication flows by inspecting login credentials and forcing successful authentication if the provided password matches a chosen backdoor password. SLOWPULSE can insert malicious logic to bypass RADIUS and ACE two factor authentication (2FA) flows if a designated attacker-supplied password is provided. SLOWPULSE can log credentials on compromised Pulse Secure VPNs during the DSAuth::AceAuthServer::checkUsernamePasswordACE-2FA authentication procedure. SLOWPULSE can hide malicious code in the padding regions between legitimate functions in the Pulse Secure libdsplibs.so file.","T1027, T1074, T1111, T1554, T1556","After analyzing the provided text, I have identified several MITRE Enterprise attack patterns and mapped them to their corresponding technique IDs. Here are the extracted techniques:

1. **T1548**: Abuse Elevation Control Mechanism - SLOWPULSE modifies legitimate Pulse Secure VPN files to bypass single and two-factor authentication flows.
2. **T1134**: Access Token Manipulation - SLOWPULSE writes logged ACE credentials to /home/perl/PAUS.pm in append mode, using the format string %s:%s\n.
3. **T1531**: Account Access Removal - SLOWPULSE can modify LDAP and two-factor authentication flows by inspecting login credentials and forcing successful authentication if the provided password matches a chosen backdoor password.
4. **T1087**: Account Discovery - SLOWPULSE can log credentials on compromised Pulse Secure VPNs during the DSAuth::AceAuthServer::checkUsernamePasswordACE-2FA authentication procedure.
5. **T1098**: Account Manipulation - SLOWPULSE can insert malicious logic to bypass RADIUS and ACE two-factor authentication (2FA) flows if a designated attacker-supplied password is provided.
6. **T1650**: Acquire Access - SLOWPULSE is applied in compromised environments through modifications to legitimate Pulse Secure files.
7. **T1583**: Acquire Infrastructure - SLOWPULSE can hide malicious code in the padding regions between legitimate functions in the Pulse Secure libdsplibs.so file.

Here are the main technique IDs, excluding subtechnique IDs:

T1548, T1134, T1531, T1087, T1098, T1650, T1583","T1087, T1098, T1134, T1531, T1548, T1583, T1650",,"T1087, T1098, T1134, T1531, T1548, T1583, T1650","T1027, T1074, T1111, T1554, T1556",0.0,0.0,0.0,extra predicted IDs / false positives; missed gold IDs / false negatives,"{
  ""behaviors"": [
    {
      ""behavior"": ""Modify legitimate Pulse Secure VPN files"",
      ""evidence"": ""modify legitimate Pulse Secure files""
    },
    {
      ""behavior"": ""Write logged ACE credentials to /home/perl/PAUS.pm in append mode"",
      ""evidence"": ""write logged ACE credentials to /home/perl/PAUS.pm in append mode, using the format string %s:%s\n.""
    },
    {
      ""behavior"": ""Modify LDAP and two factor authentication flows"",
      ""evidence"": ""modify LDAP and two factor authentication flows by inspecting login credentials and forcing successful authentication if the provided password matches a chosen backdoor password""
    },
    {
      ""behavior"": ""Insert malicious logic to bypass RADIUS and ACE two factor authentication (2FA) flows"",
      ""evidence"": ""insert malicious logic to bypass RADIUS and ACE two factor authentication (2FA) flows if a designated attacker-supplied password is provided""
    },
    {
      ""behavior"": ""Log credentials on compromised Pulse Secure VPNs during the DSAuth::AceAuthServer::checkUsernamePasswordACE-2FA authentication procedure"",
      ""evidence"": ""log credentials on compromised Pulse Secure VPNs during the DSAuth::AceAuthServer::checkUsernamePasswordACE-2FA authentication procedure""
    },
    {
      ""behavior"": ""Hide malicious code in the padding regions between legitimate functions in the Pulse Secure libdsplibs.so file"",
      ""evidence"": ""hide malicious code in the padding regions between legitimate functions in the Pulse Secure libdsplibs.so file""
    }
  ]
}",valid,"[{""behavior"": ""Modify legitimate Pulse Secure VPN files"", ""evidence"": ""modify legitimate Pulse Secure files""}, {""behavior"": ""Write logged ACE credentials to /home/perl/PAUS.pm in append mode"", ""evidence"": ""write logged ACE credentials to /home/perl/PAUS.pm in append mode, using the format string %s:%s\n.""}, {""behavior"": ""Modify LDAP and two factor authentication flows"", ""evidence"": ""modify LDAP and two factor authentication flows by inspecting login credentials and forcing successful authentication if the provided password matches a chosen backdoor password""}, {""behavior"": ""Insert malicious logic to bypass RADIUS and ACE two factor authentication (2FA) flows"", ""evidence"": ""insert malicious logic to bypass RADIUS and ACE two factor authentication (2FA) flows if a designated attacker-supplied password is provided""}, {""behavior"": ""Log credentials on compromised Pulse Secure VPNs during the DSAuth::AceAuthServer::checkUsernamePasswordACE-2FA authentication procedure"", ""evidence"": ""log credentials on compromised Pulse Secure VPNs during the DSAuth::AceAuthServer::checkUsernamePasswordACE-2FA authentication procedure""}, {""behavior"": ""Hide malicious code in the padding regions between legitimate functions in the Pulse Secure libdsplibs.so file"", ""evidence"": ""hide malicious code in the padding regions between legitimate functions in the Pulse Secure libdsplibs.so file""}]","{
  ""mappings"": [
    {
      ""behavior"": ""Modify legitimate Pulse Secure VPN files"",
      ""evidence"": ""modify legitimate Pulse Secure files"",
      ""technique_id"": ""T1543"",
      ""justification"": ""The behavior directly supports modifying system processes, which is equivalent to T1543: Create or Modify System Process.""
    },
    {
      ""behavior"": ""Write logged ACE credentials to /home/perl/PAUS.pm in append mode"",
      ""evidence"": ""write logged ACE credentials to /home/perl/PAUS.pm in append mode, using the format string %s:%s\n."",
      ""technique_id"": ""T1059"",
      ""justification"": ""The behavior directly supports command and scripting interpreter activity, which is equivalent to T1059: Command and Scripting Interpreter.""
    },
    {
      ""behavior"": ""Modify LDAP and two factor authentication flows"",
      ""evidence"": ""modify LDAP and two factor authentication flows by inspecting login credentials and forcing successful authentication if the provided password matches a chosen backdoor password"",
      ""technique_id"": ""T1556"",
      ""justification"": ""The behavior directly supports modifying authentication processes, which is equivalent to T1556: Modify Authentication Process.""
    },
    {
      ""behavior"": ""Insert malicious logic to bypass RADIUS and ACE two factor authentication (2FA) flows"",
      ""evidence"": ""insert malicious logic to bypass RADIUS and ACE two factor authentication (2FA) flows if a designated attacker-supplied password is provided"",
      ""technique_id"": ""T1556"",
      ""justification"": ""The behavior directly supports modifying authentication processes, which is equivalent to T1556: Modify Authentication Process.""
    },
    {
      ""behavior"": ""Log credentials on compromised Pulse Secure VPNs during the DSAuth::AceAuthServer::checkUsernamePasswordACE-2FA authentication procedure"",
      ""evidence"": ""log credentials on compromised Pulse Secure VPNs during the DSAuth::AceAuthServer::checkUsernamePasswordACE-2FA authentication procedure"",
      ""technique_id"": ""T1555"",
      ""justification"": ""The behavior directly supports obtaining credentials from password stores, which is equivalent to T1555: Credentials from Password Stores.""
    },
    {
      ""behavior"": ""Hide malicious code in the padding regions between legitimate functions in the Pulse Secure libdsplibs.so file"",
      ""evidence"": ""hide malicious code in the padding regions between legitimate functions in the Pulse Secure libdsplibs.so file"",
      ""technique_id"": ""T1622"",
      ""justification"": ""The behavior directly supports debugger evasion, which is equivalent to T1622: Debugger Evasion.""
    }
  ],
  ""predicted_ids"": [
    ""T1543"", 
    ""T1059"", 
    ""T1556"", 
    ""T1555"", 
    ""T1622""
  ]
}",valid,"[{""behavior"": ""Modify legitimate Pulse Secure VPN files"", ""evidence"": ""modify legitimate Pulse Secure files"", ""technique_id"": ""T1543"", ""justification"": ""The behavior directly supports modifying system processes, which is equivalent to T1543: Create or Modify System Process.""}, {""behavior"": ""Write logged ACE credentials to /home/perl/PAUS.pm in append mode"", ""evidence"": ""write logged ACE credentials to /home/perl/PAUS.pm in append mode, using the format string %s:%s\n."", ""technique_id"": ""T1059"", ""justification"": ""The behavior directly supports command and scripting interpreter activity, which is equivalent to T1059: Command and Scripting Interpreter.""}, {""behavior"": ""Modify LDAP and two factor authentication flows"", ""evidence"": ""modify LDAP and two factor authentication flows by inspecting login credentials and forcing successful authentication if the provided password matches a chosen backdoor password"", ""technique_id"": ""T1556"", ""justification"": ""The behavior directly supports modifying authentication processes, which is equivalent to T1556: Modify Authentication Process.""}, {""behavior"": ""Insert malicious logic to bypass RADIUS and ACE two factor authentication (2FA) flows"", ""evidence"": ""insert malicious logic to bypass RADIUS and ACE two factor authentication (2FA) flows if a designated attacker-supplied password is provided"", ""technique_id"": ""T1556"", ""justification"": ""The behavior directly supports modifying authentication processes, which is equivalent to T1556: Modify Authentication Process.""}, {""behavior"": ""Log credentials on compromised Pulse Secure VPNs during the DSAuth::AceAuthServer::checkUsernamePasswordACE-2FA authentication procedure"", ""evidence"": ""log credentials on compromised Pulse Secure VPNs during the DSAuth::AceAuthServer::checkUsernamePasswordACE-2FA authentication procedure"", ""technique_id"": ""T1555"", ""justification"": ""The behavior directly supports obtaining credentials from password stores, which is equivalent to T1555: Credentials from Password Stores.""}, {""behavior"": ""Hide malicious code in the padding regions between legitimate functions in the Pulse Secure libdsplibs.so file"", ""evidence"": ""hide malicious code in the padding regions between legitimate functions in the Pulse Secure libdsplibs.so file"", ""technique_id"": ""T1622"", ""justification"": ""The behavior directly supports debugger evasion, which is equivalent to T1622: Debugger Evasion.""}]","T1059, T1543, T1555, T1556, T1622",,T1556,"T1059, T1543, T1555, T1622","T1027, T1074, T1111, T1554",0.2,0.2,0.2,,7,5,0,1,7,4,5,4,"T1087, T1098, T1134, T1531, T1548, T1583, T1650",7,"T1059, T1543, T1555, T1622",4,T1556,1,,0,T1556,1,,0,0.2,0.2,0.2,high,large_fp_reduction; new_false_positives; gold_ids_recovered; many_remaining_false_positives,,,,,
40,Enterprise,"COATHANGER is a remote access tool (RAT) designed to target FortiGate networking appliances. It was first deployed in 2023 in targeted intrusions against military and government entities in the Netherlands and other locations. Disclosed in early 2024, COATHANGER has been attributed with high confidence to a state-sponsored entity in the People's Republic of China. The malware uses an HTTP GET request to establish a follow-on TLS tunnel for command and control (C2) communication. COATHANGER provides a BusyBox reverse shell for C2 operations and creates a daemon for timed check-ins with the C2 infrastructure. It decodes configuration items from a bundled file to facilitate C2 activity and connects to the C2 infrastructure using SSL. The malware is installed after exploiting a vulnerable FortiGate device and surveys the contents of system files during installation. COATHANGER sets the GID of `httpsd` to 90 upon infection, installs itself into a hidden directory, and removes and writes malicious shared objects that replace legitimate system functions such as `read(2)`.","T1059, T1071, T1083, T1140, T1190, T1222, T1543, T1564, T1573, T1574","After analyzing the text, I have identified the following MITRE Enterprise attack patterns and mapped them to their corresponding technique IDs:

1. **T1134**: Access Token Manipulation - The malware sets the GID of `httpsd` to 90 upon infection.
2. **T1548**: Abuse Elevation Control Mechanism - The malware exploits a vulnerable FortiGate device to gain access.
3. **T1059**: Command and Scripting Interpreter - The malware uses an HTTP GET request to establish a follow-on TLS tunnel for command and control (C2) communication.
4. **T1092**: Communication Through Removable Media - Not explicitly mentioned, but the use of SSL/TLS suggests this technique might be applicable.
5. **T1557**: Adversary-in-the-Middle - The malware connects to the C2 infrastructure using SSL, which could imply a man-in-the-middle scenario.
6. **T1071**: Application Layer Protocol - The malware uses HTTP GET requests for communication.
7. **T1543**: Create or Modify System Process - The malware creates a daemon for timed check-ins with the C2 infrastructure.
8. **T1555**: Credentials from Password Stores - Not explicitly mentioned, but the use of SSL/TLS suggests that credentials might be stored securely.
9. **T1486**: Data Encrypted for Impact - The malware uses encryption (SSL/TLS) for communication.
10. **T1567**: Exfiltration Over Web Service - The malware connects to the C2 infrastructure using SSL, which could imply exfiltration of data over a web service.

Here are the main technique IDs, excluding subtechnique IDs:

T1134, T1548, T1059, T1557, T1071","T1059, T1071, T1092, T1134, T1486, T1543, T1548, T1555, T1557, T1567","T1059, T1071, T1543","T1092, T1134, T1486, T1548, T1555, T1557, T1567","T1083, T1140, T1190, T1222, T1564, T1573, T1574",0.3,0.3,0.3,extra predicted IDs / false positives; missed gold IDs / false negatives,"{
  ""behaviors"": [
    {
      ""behavior"": ""Establishes a follow-on TLS tunnel for C2 communication"",
      ""evidence"": ""The malware uses an HTTP GET request to establish a follow-on TLS tunnel for command and control (C2) communication.""
    },
    {
      ""behavior"": ""Provides a BusyBox reverse shell for C2 operations"",
      ""evidence"": ""COATHANGER provides a BusyBox reverse shell for C2 operations""
    },
    {
      ""behavior"": ""Creates a daemon for timed check-ins with the C2 infrastructure"",
      ""evidence"": ""COATHANGER creates a daemon for timed check-ins with the C2 infrastructure.""
    },
    {
      ""behavior"": ""Decodes configuration items from a bundled file to facilitate C2 activity"",
      ""evidence"": ""It decodes configuration items from a bundled file to facilitate C2 activity""
    },
    {
      ""behavior"": ""Connects to the C2 infrastructure using SSL"",
      ""evidence"": ""COATHANGER connects to the C2 infrastructure using SSL.""
    },
    {
      ""behavior"": ""Exploits a vulnerable FortiGate device"",
      ""evidence"": ""The malware is installed after exploiting a vulnerable FortiGate device""
    },
    {
      ""behavior"": ""Surveys the contents of system files during installation"",
      ""evidence"": ""surveys the contents of system files during installation""
    },
    {
      ""behavior"": ""Sets the GID of `httpsd` to 90 upon infection"",
      ""evidence"": ""COATHANGER sets the GID of `httpsd` to 90 upon infection,""
    },
    {
      ""behavior"": ""Installs itself into a hidden directory"",
      ""evidence"": ""installs itself into a hidden directory""
    },
    {
      ""behavior"": ""Removes and writes malicious shared objects that replace legitimate system functions"",
      ""evidence"": ""removes and writes malicious shared objects that replace legitimate system functions such as `read(2)`.""
    }
  ]
}",valid,"[{""behavior"": ""Establishes a follow-on TLS tunnel for C2 communication"", ""evidence"": ""The malware uses an HTTP GET request to establish a follow-on TLS tunnel for command and control (C2) communication.""}, {""behavior"": ""Provides a BusyBox reverse shell for C2 operations"", ""evidence"": ""COATHANGER provides a BusyBox reverse shell for C2 operations""}, {""behavior"": ""Creates a daemon for timed check-ins with the C2 infrastructure"", ""evidence"": ""COATHANGER creates a daemon for timed check-ins with the C2 infrastructure.""}, {""behavior"": ""Decodes configuration items from a bundled file to facilitate C2 activity"", ""evidence"": ""It decodes configuration items from a bundled file to facilitate C2 activity""}, {""behavior"": ""Connects to the C2 infrastructure using SSL"", ""evidence"": ""COATHANGER connects to the C2 infrastructure using SSL.""}, {""behavior"": ""Exploits a vulnerable FortiGate device"", ""evidence"": ""The malware is installed after exploiting a vulnerable FortiGate device""}, {""behavior"": ""Surveys the contents of system files during installation"", ""evidence"": ""surveys the contents of system files during installation""}, {""behavior"": ""Sets the GID of `httpsd` to 90 upon infection"", ""evidence"": ""COATHANGER sets the GID of `httpsd` to 90 upon infection,""}, {""behavior"": ""Installs itself into a hidden directory"", ""evidence"": ""installs itself into a hidden directory""}, {""behavior"": ""Removes and writes malicious shared objects that replace legitimate system functions"", ""evidence"": ""removes and writes malicious shared objects that replace legitimate system functions such as `read(2)`.""}]","{
  ""mappings"": [
    {
      ""behavior"": ""Establishes a follow-on TLS tunnel for C2 communication"",
      ""evidence"": ""The malware uses an HTTP GET request to establish a follow-on TLS tunnel for command and control (C2) communication."",
      ""technique_id"": ""T1046"",
      ""justification"": ""Network Service Discovery""
    },
    {
      ""behavior"": ""Provides a BusyBox reverse shell for C2 operations"",
      ""evidence"": ""COATHANGER provides a BusyBox reverse shell for C2 operations"",
      ""technique_id"": ""T1219"",
      ""justification"": ""Remote Access Software""
    },
    {
      ""behavior"": ""Creates a daemon for timed check-ins with the C2 infrastructure"",
      ""evidence"": ""COATHANGER creates a daemon for timed check-ins with the C2 infrastructure."",
      ""technique_id"": ""T1584"",
      ""justification"": ""Compromise Infrastructure""
    },
    {
      ""behavior"": ""Decodes configuration items from a bundled file to facilitate C2 activity"",
      ""evidence"": ""It decodes configuration items from a bundled file to facilitate C2 activity"",
      ""technique_id"": ""T1134"",
      ""justification"": ""Access Token Manipulation""
    },
    {
      ""behavior"": ""Connects to the C2 infrastructure using SSL"",
      ""evidence"": ""COATHANGER connects to the C2 infrastructure using SSL."",
      ""technique_id"": ""T1046"",
      ""justification"": ""Network Service Discovery""
    },
    {
      ""behavior"": ""Exploits a vulnerable FortiGate device"",
      ""evidence"": ""The malware is installed after exploiting a vulnerable FortiGate device"",
      ""technique_id"": ""T1203"",
      ""justification"": ""Exploitation for Client Execution""
    },
    {
      ""behavior"": ""Surveys the contents of system files during installation"",
      ""evidence"": ""surveys the contents of system files during installation"",
      ""technique_id"": ""T1083"",
      ""justification"": ""File and Directory Discovery""
    },
    {
      ""behavior"": ""Sets the GID of `httpsd` to 90 upon infection"",
      ""evidence"": ""COATHANGER sets the GID of `httpsd` to 90 upon infection,""
      },
      ""technique_id"" 
    ],
    ""predicted_ids"": [
      ""T1046"",
      ""T1219"",
      ""T1584"",
      ""T1134"",
      ""T1203"",
      ""T1083""
    ]
}",valid,"[{""behavior"": ""Establishes a follow-on TLS tunnel for C2 communication"", ""evidence"": ""The malware uses an HTTP GET request to establish a follow-on TLS tunnel for command and control (C2) communication."", ""technique_id"": ""T1046"", ""justification"": ""Network Service Discovery""}, {""behavior"": ""Provides a BusyBox reverse shell for C2 operations"", ""evidence"": ""COATHANGER provides a BusyBox reverse shell for C2 operations"", ""technique_id"": ""T1219"", ""justification"": ""Remote Access Software""}, {""behavior"": ""Creates a daemon for timed check-ins with the C2 infrastructure"", ""evidence"": ""COATHANGER creates a daemon for timed check-ins with the C2 infrastructure."", ""technique_id"": ""T1584"", ""justification"": ""Compromise Infrastructure""}, {""behavior"": ""Decodes configuration items from a bundled file to facilitate C2 activity"", ""evidence"": ""It decodes configuration items from a bundled file to facilitate C2 activity"", ""technique_id"": ""T1134"", ""justification"": ""Access Token Manipulation""}, {""behavior"": ""Connects to the C2 infrastructure using SSL"", ""evidence"": ""COATHANGER connects to the C2 infrastructure using SSL."", ""technique_id"": ""T1046"", ""justification"": ""Network Service Discovery""}, {""behavior"": ""Exploits a vulnerable FortiGate device"", ""evidence"": ""The malware is installed after exploiting a vulnerable FortiGate device"", ""technique_id"": ""T1203"", ""justification"": ""Exploitation for Client Execution""}, {""behavior"": ""Surveys the contents of system files during installation"", ""evidence"": ""surveys the contents of system files during installation"", ""technique_id"": ""T1083"", ""justification"": ""File and Directory Discovery""}, {""behavior"": ""Sets the GID of `httpsd` to 90 upon infection"", ""evidence"": ""COATHANGER sets the GID of `httpsd` to 90 upon infection,""}, ""technique_id""]","T1046, T1083, T1134, T1203, T1219, T1584",,T1083,"T1046, T1134, T1203, T1219, T1584","T1059, T1071, T1140, T1190, T1222, T1543, T1564, T1573, T1574",0.1666666666666666,0.1,0.125,,10,6,3,1,7,5,7,9,"T1092, T1486, T1548, T1555, T1557, T1567",6,"T1046, T1203, T1219, T1584",4,T1083,1,"T1059, T1071, T1543",3,T1083,1,"T1059, T1071, T1543",3,-0.1333333333333334,-0.19999999999999998,-0.175,high,large_fp_reduction; new_false_positives; gold_ids_recovered; new_false_negatives; f1_worsened; many_remaining_false_positives,,,,,
9,Enterprise,"Agent Smith is mobile malware that generates financial profit by replacing legitimate apps on infected devices with malicious versions that contain fraudulent ads. By July 2019, Agent Smith had infected approximately 25 million devices, primarily targeting users in India, but also impacting other Asian countries, Saudi Arabia, the United Kingdom, and the United States. Agent Smith can inject fraudulent ad modules into existing applications on a device and exploits known OS vulnerabilities, such as Janus, to replace legitimate apps with malicious versions. The malware is designed to display fraudulent ads to generate revenue. It can also hide its icon from the application launcher and delete update packages of infected apps to prevent them from being updated. The malware can impersonate any popular application on an infected device, with its core component disguising itself as a legitimate Google app. The dropper used to deliver Agent Smith is a weaponized version of a legitimate Feng Shui Bundle. Additionally, the core malware is disguised as a JPG file and encrypted with an XOR cipher.","T1404, T1406, T1577, T1628, T1630, T1643, T1655","After analyzing the text, I have identified the following MITRE Enterprise attack patterns and mapped them to their corresponding technique IDs:

1. **T1195: Supply Chain Compromise** - The dropper used to deliver Agent Smith is a weaponized version of a legitimate Feng Shui Bundle.
2. **T1203: Exploitation for Client Execution** - Agent Smith exploits known OS vulnerabilities, such as Janus, to replace legitimate apps with malicious versions.
3. **T1190: Exploit Public-Facing Application** - The malware injects fraudulent ad modules into existing applications on a device and replaces legitimate apps with malicious versions.
4. **T1557: Adversary-in-the-Middle** - Agent Smith can impersonate any popular application on an infected device, disguising its core component as a legitimate Google app.
5. **T1562: Impair Defenses** - The malware hides its icon from the application launcher and deletes update packages of infected apps to prevent them from being updated.
6. **T1048: Exfiltration Over Alternative Protocol** - Agent Smith generates financial profit by displaying fraudulent ads, which implies data exfiltration over an alternative protocol (e.g., ad networks).
7. **T1052: Exfiltration Over Physical Medium** - The malware is disguised as a JPG file and encrypted with an XOR cipher, suggesting that it can be transmitted over physical media.

Here are the main technique IDs, excluding subtechnique IDs:

T1195, T1203, T1190, T1557, T1562, T1048, T1052","T1048, T1052, T1190, T1195, T1203, T1557, T1562",,"T1048, T1052, T1190, T1195, T1203, T1557, T1562","T1404, T1406, T1577, T1628, T1630, T1643, T1655",0.0,0.0,0.0,extra predicted IDs / false positives; missed gold IDs / false negatives,"{
  ""behaviors"": [
    {
      ""behavior"": ""Inject fraudulent ad modules into existing applications"",
      ""evidence"": ""injects fraudulent ad modules into existing applications on a device""
    },
    {
      ""behavior"": ""Exploit known OS vulnerabilities to replace legitimate apps with malicious versions"",
      ""evidence"": ""exploits known OS vulnerabilities, such as Janus, to replace legitimate apps with malicious versions""
    },
    {
      ""behavior"": ""Display fraudulent ads to generate revenue"",
      ""evidence"": ""The malware is designed to display fraudulent ads to generate revenue.""
    },
    {
      ""behavior"": ""Hide its icon from the application launcher"",
      ""evidence"": ""hide its icon from the application launcher""
    },
    {
      ""behavior"": ""Delete update packages of infected apps to prevent them from being updated"",
      ""evidence"": ""delete update packages of infected apps to prevent them from being updated""
    },
    {
      ""behavior"": ""Impersonate any popular application on an infected device"",
      ""evidence"": ""The malware can impersonate any popular application on an infected device,""
    },
    {
      ""behavior"": ""Disguise itself as a legitimate Google app"",
      ""evidence"": ""with its core component disguising itself as a legitimate Google app""
    }
  ]
}",valid,"[{""behavior"": ""Inject fraudulent ad modules into existing applications"", ""evidence"": ""injects fraudulent ad modules into existing applications on a device""}, {""behavior"": ""Exploit known OS vulnerabilities to replace legitimate apps with malicious versions"", ""evidence"": ""exploits known OS vulnerabilities, such as Janus, to replace legitimate apps with malicious versions""}, {""behavior"": ""Display fraudulent ads to generate revenue"", ""evidence"": ""The malware is designed to display fraudulent ads to generate revenue.""}, {""behavior"": ""Hide its icon from the application launcher"", ""evidence"": ""hide its icon from the application launcher""}, {""behavior"": ""Delete update packages of infected apps to prevent them from being updated"", ""evidence"": ""delete update packages of infected apps to prevent them from being updated""}, {""behavior"": ""Impersonate any popular application on an infected device"", ""evidence"": ""The malware can impersonate any popular application on an infected device,""}, {""behavior"": ""Disguise itself as a legitimate Google app"", ""evidence"": ""with its core component disguising itself as a legitimate Google app""}]","{
  ""mappings"": [
    {
      ""behavior"": ""Inject fraudulent ad modules into existing applications"",
      ""evidence"": ""injects fraudulent ad modules into existing applications on a device"",
      ""technique_id"": ""T1055"",
      ""justification"": ""Process Injection: The malware injects fraudulent ad modules into existing applications, which is a form of process injection.""
    },
    {
      ""behavior"": ""Exploit known OS vulnerabilities to replace legitimate apps with malicious versions"",
      ""evidence"": ""exploits known OS vulnerabilities, such as Janus, to replace legitimate apps with malicious versions"",
      ""technique_id"": ""T1203"",
      ""justification"": ""Exploitation for Client Execution: The malware exploits known OS vulnerabilities to execute malicious code, replacing legitimate apps.""
    },
    {
      ""behavior"": ""Display fraudulent ads to generate revenue"",
      ""evidence"": ""The malware is designed to display fraudulent ads to generate revenue."",
      ""technique_id"": """",
      ""justification"": """"
    },
    {
      ""behavior"": ""Hide its icon from the application launcher"",
      ""evidence"": ""hide its icon from the application launcher"",
      ""technique_id"": ""T1036"",
      ""justification"": ""Masquerading: The malware hides its icon, making it difficult to detect and masquerading as a legitimate app.""
    },
    {
      ""behavior"": ""Delete update packages of infected apps to prevent them from being updated"",
      ""evidence"": ""delete update packages of infected apps to prevent them from being updated"",
      ""technique_id"": ""T1554"",
      ""justification"": ""Compromise Host Software Binary: The malware deletes update packages, compromising the host software binary and preventing updates.""
    },
    {
      ""behavior"": ""Impersonate any popular application on an infected device"",
      ""evidence"": ""The malware can impersonate any popular application on an infected device,""
      },
    {
      ""behavior"": ""Disguise itself as a legitimate Google app"",
      ""evidence"": ""with its core component disguising itself as a legitimate Google app""
      }
  ],
  ""predicted_ids"": [
    ""T1055"",
    ""T1203"",
    """",
    ""T1036"",
    ""T1554""
  ]
}",valid,"[{""behavior"": ""Inject fraudulent ad modules into existing applications"", ""evidence"": ""injects fraudulent ad modules into existing applications on a device"", ""technique_id"": ""T1055"", ""justification"": ""Process Injection: The malware injects fraudulent ad modules into existing applications, which is a form of process injection.""}, {""behavior"": ""Exploit known OS vulnerabilities to replace legitimate apps with malicious versions"", ""evidence"": ""exploits known OS vulnerabilities, such as Janus, to replace legitimate apps with malicious versions"", ""technique_id"": ""T1203"", ""justification"": ""Exploitation for Client Execution: The malware exploits known OS vulnerabilities to execute malicious code, replacing legitimate apps.""}, {""behavior"": ""Display fraudulent ads to generate revenue"", ""evidence"": ""The malware is designed to display fraudulent ads to generate revenue."", ""technique_id"": """", ""justification"": """"}, {""behavior"": ""Hide its icon from the application launcher"", ""evidence"": ""hide its icon from the application launcher"", ""technique_id"": ""T1036"", ""justification"": ""Masquerading: The malware hides its icon, making it difficult to detect and masquerading as a legitimate app.""}, {""behavior"": ""Delete update packages of infected apps to prevent them from being updated"", ""evidence"": ""delete update packages of infected apps to prevent them from being updated"", ""technique_id"": ""T1554"", ""justification"": ""Compromise Host Software Binary: The malware deletes update packages, compromising the host software binary and preventing updates.""}, {""behavior"": ""Impersonate any popular application on an infected device"", ""evidence"": ""The malware can impersonate any popular application on an infected device,""}, {""behavior"": ""Disguise itself as a legitimate Google app"", ""evidence"": ""with its core component disguising itself as a legitimate Google app""}]","T1036, T1055, T1203, T1554",,,"T1036, T1055, T1203, T1554","T1404, T1406, T1577, T1628, T1630, T1643, T1655",0.0,0.0,0.0,,7,4,0,0,7,4,7,7,"T1048, T1052, T1190, T1195, T1557, T1562",6,"T1036, T1055, T1554",3,,0,,0,,0,,0,0.0,0.0,0.0,high,large_fp_reduction; new_false_positives; many_remaining_false_positives,,,,,
57,Enterprise,"RAPIDPULSE is a web shell that exists as a modification to a legitimate Pulse Secure file that has been used by APT5 since at least 2021. RAPIDPULSE retrieves files from the victim system via encrypted commands sent to the web shell. RAPIDPULSE listens for specific HTTP query parameters in received communications. If specific parameters match, a hard-coded RC4 key is used to decrypt the HTTP query paremter hmacTime. This decrypts to a filename that is then open, read, encrypted with the same RC4 key, base64-encoded, written to standard out, then passed as a response to the HTTP request. RAPIDPULSE has the ability to RC4 encrypt and base64 encode decrypted files on compromised servers prior to writing them to stdout. RAPIDPULSE is a web shell that is capable of arbitrary file read on targeted web servers to exfiltrate items of interest on the victim device.[1]","T1005, T1027, T1140, T1505","After analyzing the provided text, I have identified several MITRE Enterprise attack patterns and mapped them to their corresponding technique IDs. Here are the extracted techniques with reasoning for each identification:

1. **T1052: Exfiltration Over Physical Medium** - The text mentions that RAPIDPULSE retrieves files from the victim system via encrypted commands sent to the web shell, which implies exfiltration of data over a physical medium (e.g., USB drive).
2. **T1048: Exfiltration Over Alternative Protocol** - Similar to T1052, this technique is applicable as RAPIDPULSE uses HTTP query parameters to retrieve files from the victim system.
3. **T1010: Application Window Discovery** - The text mentions that RAPIDPULSE listens for specific HTTP query parameters in received communications, which implies discovery of application windows (e.g., web servers).
4. **T1071: Application Layer Protocol** - RAPIDPULSE uses HTTP to communicate with the victim system, making this technique applicable.
5. **T1557: Adversary-in-the-Middle** - The text describes RAPIDPULSE as a web shell that exists as a modification to a legitimate Pulse Secure file, which implies an adversary-in-the-middle (AitM) scenario.
6. **T1548: Abuse Elevation Control Mechanism** - RAPIDPULSE uses hard-coded RC4 keys and base64 encoding to decrypt and encrypt files, which may be considered abuse of elevation control mechanisms.

Here are the main technique IDs extracted from the text, excluding subtechnique IDs:

T1052, T1048, T1010, T1071, T1557, T1548","T1010, T1048, T1052, T1071, T1548, T1557",,"T1010, T1048, T1052, T1071, T1548, T1557","T1005, T1027, T1140, T1505",0.0,0.0,0.0,extra predicted IDs / false positives; missed gold IDs / false negatives,"{
  ""behaviors"": [
    {
      ""behavior"": ""Retrieve files from the victim system"",
      ""evidence"": ""RAPIDPULSE retrieves files from the victim system via encrypted commands sent to the web shell.""
    },
    {
      ""behavior"": ""Listen for specific HTTP query parameters in received communications"",
      ""evidence"": ""RAPIDPULSE listens for specific HTTP query parameters in received communications.""
    },
    {
      ""behavior"": ""Decrypt an HTTP query parameter using a hard-coded RC4 key"",
      ""evidence"": ""a hard-coded RC4 key is used to decrypt the HTTP query paremter hmacTime""
    },
    {
      ""behavior"": ""Open and read a file based on a decrypted filename"",
      ""evidence"": ""This decrypts to a filename that is then open, read,""
    },
    {
      ""behavior"": ""RC4 encrypt files on compromised servers"",
      ""evidence"": ""RAPIDPULSE has the ability to RC4 encrypt and base64 encode decrypted files on compromised servers prior to writing them to stdout.""
    },
    {
      ""behavior"": ""Base64 encode encrypted files"",
      ""evidence"": ""base64-encoded, written to standard out""
    },
    {
      ""behavior"": ""Write encrypted files to stdout"",
      ""evidence"": ""written to standard out""
    },
    {
      ""behavior"": ""Pass a response to an HTTP request"",
      ""evidence"": ""then passed as a response to the HTTP request.""
    },
    {
      ""behavior"": ""Read arbitrary files on targeted web servers"",
      ""evidence"": ""RAPIDPULSE is a web shell that is capable of arbitrary file read on targeted web servers""
    }
  ]
}",valid,"[{""behavior"": ""Retrieve files from the victim system"", ""evidence"": ""RAPIDPULSE retrieves files from the victim system via encrypted commands sent to the web shell.""}, {""behavior"": ""Listen for specific HTTP query parameters in received communications"", ""evidence"": ""RAPIDPULSE listens for specific HTTP query parameters in received communications.""}, {""behavior"": ""Decrypt an HTTP query parameter using a hard-coded RC4 key"", ""evidence"": ""a hard-coded RC4 key is used to decrypt the HTTP query paremter hmacTime""}, {""behavior"": ""Open and read a file based on a decrypted filename"", ""evidence"": ""This decrypts to a filename that is then open, read,""}, {""behavior"": ""RC4 encrypt files on compromised servers"", ""evidence"": ""RAPIDPULSE has the ability to RC4 encrypt and base64 encode decrypted files on compromised servers prior to writing them to stdout.""}, {""behavior"": ""Base64 encode encrypted files"", ""evidence"": ""base64-encoded, written to standard out""}, {""behavior"": ""Write encrypted files to stdout"", ""evidence"": ""written to standard out""}, {""behavior"": ""Pass a response to an HTTP request"", ""evidence"": ""then passed as a response to the HTTP request.""}, {""behavior"": ""Read arbitrary files on targeted web servers"", ""evidence"": ""RAPIDPULSE is a web shell that is capable of arbitrary file read on targeted web servers""}]","{
  ""mappings"": [
    {
      ""behavior"": ""Retrieve files from the victim system"",
      ""evidence"": ""RAPIDPULSE retrieves files from the victim system via encrypted commands sent to the web shell."",
      ""technique_id"": ""T1059"",
      ""justification"": ""The behavior of retrieving files matches the technique ID for Command and Scripting Interpreter.""
    },
    {
      ""behavior"": ""Listen for specific HTTP query parameters in received communications"",
      ""evidence"": ""RAPIDPULSE listens for specific HTTP query parameters in received communications."",
      ""technique_id"": ""T1010"",
      ""justification"": ""The behavior of listening for HTTP query parameters matches the technique ID for Application Window Discovery.""
    },
    {
      ""behavior"": ""Decrypt an HTTP query parameter using a hard-coded RC4 key"",
      ""evidence"": ""a hard-coded RC4 key is used to decrypt the HTTP query paremter hmacTime"",
      ""technique_id"": ""T1025"",
      ""justification"": ""The behavior of decrypting files matches the technique ID for Data from Removable Media.""
    },
    {
      ""behavior"": ""Open and read a file based on a decrypted filename"",
      ""evidence"": ""This decrypts to a filename that is then open, read,""
      },
      ""technique_id"" 	] 
    }",valid,"[{""behavior"": ""Retrieve files from the victim system"", ""evidence"": ""RAPIDPULSE retrieves files from the victim system via encrypted commands sent to the web shell."", ""technique_id"": ""T1059"", ""justification"": ""The behavior of retrieving files matches the technique ID for Command and Scripting Interpreter.""}, {""behavior"": ""Listen for specific HTTP query parameters in received communications"", ""evidence"": ""RAPIDPULSE listens for specific HTTP query parameters in received communications."", ""technique_id"": ""T1010"", ""justification"": ""The behavior of listening for HTTP query parameters matches the technique ID for Application Window Discovery.""}, {""behavior"": ""Decrypt an HTTP query parameter using a hard-coded RC4 key"", ""evidence"": ""a hard-coded RC4 key is used to decrypt the HTTP query paremter hmacTime"", ""technique_id"": ""T1025"", ""justification"": ""The behavior of decrypting files matches the technique ID for Data from Removable Media.""}, {""behavior"": ""Open and read a file based on a decrypted filename"", ""evidence"": ""This decrypts to a filename that is then open, read,""}, ""technique_id""]",,,,,"T1005, T1027, T1140, T1505",0.0,0.0,0.0,,6,0,0,0,6,0,4,4,"T1010, T1048, T1052, T1071, T1548, T1557",6,,0,,0,,0,,0,,0,0.0,0.0,0.0,high,large_fp_reduction; empty_staged_prediction,,,,,
34,Enterprise,"SocGholish is a JavaScript-based loader malware that has been active since at least 2017. It has been used in global attacks across various sectors, primarily gaining initial access through drive-by downloads disguised as software updates. Operated by Mustard Tempest, SocGholish’s access has been sold to groups like Indrik Spider for deploying secondary payloads, including remote access Trojans (RATs) and ransomware. SocGholish is executed as a JavaScript payload and can write the output of the `whoami` command to a local temp file using the naming convention `rad<5-hex-chars>.tmp`. It profiles compromised systems to identify domain trust relationships and is often distributed through compromised websites that present malicious content as browser updates.  The malware can exfiltrate data directly to its command and control (C2) server via HTTP and is capable of downloading additional malware onto infected hosts. SocGholish has been named `AutoUpdater.js` to mimic legitimate update files and is frequently delivered within compressed ZIP archives. It also employs single or double Base64 encoding for references to its second-stage server URLs. Additionally, SocGholish has been spread via emails containing malicious links.","T1027, T1036, T1048, T1059, T1074, T1105, T1189, T1482, T1566","After analyzing the provided text, I have identified several MITRE Enterprise attack patterns and mapped them to their corresponding technique IDs. Here are the extracted techniques:

1. **T1134**: Access Token Manipulation - SocGholish can write the output of the `whoami` command to a local temp file using the naming convention `rad<5-hex-chars>.tmp`, which suggests it is manipulating access tokens.
2. **T1010**: Application Window Discovery - The malware profiles compromised systems to identify domain trust relationships, indicating it discovers application windows or processes.
3. **T1059**: Command and Scripting Interpreter - SocGholish is executed as a JavaScript payload, which implies the use of a command and scripting interpreter.
4. **T1041**: Exfiltration Over C2 Channel - The malware can exfiltrate data directly to its command and control (C2) server via HTTP, indicating exfiltration over a C2 channel.
5. **T1190**: Exploit Public-Facing Application - SocGholish is often distributed through compromised websites that present malicious content as browser updates, which suggests it exploits public-facing applications.
6. **T1211**: Exploitation for Defense Evasion - The malware employs single or double Base64 encoding for references to its second-stage server URLs, indicating exploitation of defense evasion techniques.
7. **T1070**: Indicator Removal - SocGholish profiles compromised systems to identify domain trust relationships and is often distributed through compromised websites, which suggests it removes indicators of compromise.
8. **T1204**: User Execution - The malware can be spread via emails containing malicious links, indicating user execution as a delivery mechanism.
9. **T1552**: Unsecured Credentials - SocGholish has been sold to groups like Indrik Spider for deploying secondary payloads, which implies the use of unsecured credentials.

Here are the main technique IDs, excluding subtechnique IDs, separated by commas:

T1134, T1010, T1059, T1041, T1190, T1211, T1070, T1204, T1552","T1010, T1041, T1059, T1070, T1134, T1190, T1204, T1211, T1552",T1059,"T1010, T1041, T1070, T1134, T1190, T1204, T1211, T1552","T1027, T1036, T1048, T1074, T1105, T1189, T1482, T1566",0.1111111111111111,0.1111111111111111,0.1111111111111111,extra predicted IDs / false positives; missed gold IDs / false negatives,"{
  ""behaviors"": [
    {
      ""behavior"": ""Write output of whoami command to a local temp file"",
      ""evidence"": ""write the output of the `whoami` command to a local temp file using the naming convention `rad<5-hex-chars>.tmp`""
    },
    {
      ""behavior"": ""Profile compromised systems for domain trust relationships"",
      ""evidence"": ""profiles compromised systems to identify domain trust relationships""
    },
    {
      ""behavior"": ""Exfiltrate data directly to C2 server via HTTP"",
      ""evidence"": ""exfiltrate data directly to its command and control (C2) server via HTTP""
    },
    {
      ""behavior"": ""Download additional malware onto infected hosts"",
      ""evidence"": ""capable of downloading additional malware onto infected hosts""
    },
    {
      ""behavior"": ""Present malicious content as browser updates on compromised websites"",
      ""evidence"": ""distributed through compromised websites that present malicious content as browser updates""
    },
    {
      ""behavior"": ""Deliver via compressed ZIP archives"",
      ""evidence"": ""Frequently delivered within compressed ZIP archives""
    },
    {
      ""behavior"": ""Employ single or double Base64 encoding for server URLs"",
      ""evidence"": ""employs single or double Base64 encoding for references to its second-stage server URLs""
    },
    {
      ""behavior"": ""Spread via emails containing malicious links"",
      ""evidence"": ""Also spread via emails containing malicious links""
    }
  ]
}",valid,"[{""behavior"": ""Write output of whoami command to a local temp file"", ""evidence"": ""write the output of the `whoami` command to a local temp file using the naming convention `rad<5-hex-chars>.tmp`""}, {""behavior"": ""Profile compromised systems for domain trust relationships"", ""evidence"": ""profiles compromised systems to identify domain trust relationships""}, {""behavior"": ""Exfiltrate data directly to C2 server via HTTP"", ""evidence"": ""exfiltrate data directly to its command and control (C2) server via HTTP""}, {""behavior"": ""Download additional malware onto infected hosts"", ""evidence"": ""capable of downloading additional malware onto infected hosts""}, {""behavior"": ""Present malicious content as browser updates on compromised websites"", ""evidence"": ""distributed through compromised websites that present malicious content as browser updates""}, {""behavior"": ""Deliver via compressed ZIP archives"", ""evidence"": ""Frequently delivered within compressed ZIP archives""}, {""behavior"": ""Employ single or double Base64 encoding for server URLs"", ""evidence"": ""employs single or double Base64 encoding for references to its second-stage server URLs""}, {""behavior"": ""Spread via emails containing malicious links"", ""evidence"": ""Also spread via emails containing malicious links""}]","{
  ""mappings"": [
    {
      ""behavior"": ""Write output of whoami command to a local temp file"",
      ""evidence"": ""write the output of the `whoami` command to a local temp file using the naming convention `rad<5-hex-chars>.tmp`"",
      ""technique_id"": ""T1003"",
      ""justification"": ""OS Credential Dumping: The behavior involves writing the output of the whoami command, which is related to OS credentials.""
    },
    {
      ""behavior"": ""Profile compromised systems for domain trust relationships"",
      ""evidence"": ""profiles compromised systems to identify domain trust relationships"",
      ""technique_id"": ""T1482"",
      ""justification"": ""Domain Trust Discovery: The behavior involves profiling compromised systems to identify domain trust relationships.""
    },
    {
      ""behavior"": ""Exfiltrate data directly to C2 server via HTTP"",
      ""evidence"": ""exfiltrate data directly to its command and control (C2) server via HTTP"",
      ""technique_id"": ""T1041"",
      ""justification"": ""Exfiltration Over C2 Channel: The behavior involves exfiltrating data directly to a C2 server via HTTP.""
    },
    {
      ""behavior"": ""Download additional malware onto infected hosts"",
      ""evidence"": ""capable of downloading additional malware onto infected hosts"",
      ""technique_id"": ""T1052"",
      ""justification"": ""Exfiltration Over Physical Medium: The behavior involves downloading additional malware, which is related to exfiltrating data over a physical medium.""
    },
    {
      ""behavior"": ""Present malicious content as browser updates on compromised websites"",
      ""evidence"": ""distributed through compromised websites that present malicious content as browser updates"",
      ""technique_id"": ""T1190"",
      ""justification"": ""Exploit Public-Facing Application: The behavior involves presenting malicious content as browser updates, which is related to exploiting public-facing applications.""
    },
    {
      ""behavior"": ""Deliver via compressed ZIP archives"",
      ""evidence"": ""Frequently delivered within compressed ZIP archives"",
      ""technique_id"": ""T1052"",
      ""justification"": ""Exfiltration Over Physical Medium: The behavior involves delivering malware within compressed ZIP archives, which is related to exfiltrating data over a physical medium.""
    },
    {
      ""behavior"": ""Employ single or double Base64 encoding for server URLs"",
      ""evidence"": ""employs single or double Base64 encoding for references to its second-stage server URLs"",
      ""technique_id"": ""T1041"",
      ""justification"": ""Exfiltration Over C2 Channel: The behavior involves employing Base64 encoding, which is related to exfiltrating data over a C2 channel.""
    },
    {
      ""behavior"": ""Spread via emails containing malicious links"",
      ""evidence"": ""Also spread via emails containing malicious links"",
      ""technique_id"": ""T1114"",
      ""justification"": ""Email Collection: The behavior involves spreading malware through emails, which is related to collecting email data.""
    }
  ],
  ""predicted_ids"": [
    ""T1003"", ""T1482"", ""T1041"", ""T1052"", ""T1190""
  ]
}",valid,"[{""behavior"": ""Write output of whoami command to a local temp file"", ""evidence"": ""write the output of the `whoami` command to a local temp file using the naming convention `rad<5-hex-chars>.tmp`"", ""technique_id"": ""T1003"", ""justification"": ""OS Credential Dumping: The behavior involves writing the output of the whoami command, which is related to OS credentials.""}, {""behavior"": ""Profile compromised systems for domain trust relationships"", ""evidence"": ""profiles compromised systems to identify domain trust relationships"", ""technique_id"": ""T1482"", ""justification"": ""Domain Trust Discovery: The behavior involves profiling compromised systems to identify domain trust relationships.""}, {""behavior"": ""Exfiltrate data directly to C2 server via HTTP"", ""evidence"": ""exfiltrate data directly to its command and control (C2) server via HTTP"", ""technique_id"": ""T1041"", ""justification"": ""Exfiltration Over C2 Channel: The behavior involves exfiltrating data directly to a C2 server via HTTP.""}, {""behavior"": ""Download additional malware onto infected hosts"", ""evidence"": ""capable of downloading additional malware onto infected hosts"", ""technique_id"": ""T1052"", ""justification"": ""Exfiltration Over Physical Medium: The behavior involves downloading additional malware, which is related to exfiltrating data over a physical medium.""}, {""behavior"": ""Present malicious content as browser updates on compromised websites"", ""evidence"": ""distributed through compromised websites that present malicious content as browser updates"", ""technique_id"": ""T1190"", ""justification"": ""Exploit Public-Facing Application: The behavior involves presenting malicious content as browser updates, which is related to exploiting public-facing applications.""}, {""behavior"": ""Deliver via compressed ZIP archives"", ""evidence"": ""Frequently delivered within compressed ZIP archives"", ""technique_id"": ""T1052"", ""justification"": ""Exfiltration Over Physical Medium: The behavior involves delivering malware within compressed ZIP archives, which is related to exfiltrating data over a physical medium.""}, {""behavior"": ""Employ single or double Base64 encoding for server URLs"", ""evidence"": ""employs single or double Base64 encoding for references to its second-stage server URLs"", ""technique_id"": ""T1041"", ""justification"": ""Exfiltration Over C2 Channel: The behavior involves employing Base64 encoding, which is related to exfiltrating data over a C2 channel.""}, {""behavior"": ""Spread via emails containing malicious links"", ""evidence"": ""Also spread via emails containing malicious links"", ""technique_id"": ""T1114"", ""justification"": ""Email Collection: The behavior involves spreading malware through emails, which is related to collecting email data.""}]","T1003, T1041, T1052, T1190, T1482",,T1482,"T1003, T1041, T1052, T1190","T1027, T1036, T1048, T1059, T1074, T1105, T1189, T1566",0.2,0.1111111111111111,0.1428571428571428,,9,5,1,1,8,4,8,8,"T1010, T1070, T1134, T1204, T1211, T1552",6,"T1003, T1052",2,T1482,1,T1059,1,T1482,1,T1059,1,0.0888888888888889,0.0,0.03174603174603169,high,large_fp_reduction; new_false_positives; gold_ids_recovered; new_false_negatives; many_remaining_false_positives,,,,,
20,Enterprise,"ANDROMEDA is a widely recognized commodity malware that was prevalent in the early 2010s and continues to be detected in various industries. During the 2022 C0026 campaign, threat actors re-registered expired ANDROMEDA command and control (C2) domains to deliver malware to targeted entities in Ukraine. ANDROMEDA possesses the capability to make GET requests to download files from its C2 server and can establish persistence by copying itself to `C:\ProgramData\Local Settings\Temp\mskmde.com` and creating a Registry run key to ensure it executes at each user logon. It can also download additional payloads from its C2 server. The malware has been observed installing itself to `C:\Temp\TrustedInstaller.exe`, masquerading as a legitimate Windows installer service, and has been delivered through LNK files disguised as folders. ANDROMEDA can inject itself into the `wuauclt.exe` process to execute C2 commands and has also been spread via infected USB drives.","T1036, T1055, T1071, T1091, T1105, T1547","After analyzing the text, I have identified the following MITRE Enterprise attack patterns and mapped them to their corresponding technique IDs:

1. **T1134**: Access Token Manipulation - ANDROMEDA can inject itself into the `wuauclt.exe` process to execute C2 commands.
2. **T1548**: Abuse Elevation Control Mechanism - ANDROMEDA possesses the capability to make GET requests to download files from its C2 server and can establish persistence by copying itself to a specific location on the system.
3. **T1557**: Adversary-in-the-Middle - The malware has been delivered through LNK files disguised as folders, which could be considered an adversary-in-the-middle attack.
4. **T1071**: Application Layer Protocol - ANDROMEDA can make GET requests to download files from its C2 server.
5. **T1547**: Boot or Logon Autostart Execution - ANDROMEDA establishes persistence by creating a Registry run key to ensure it executes at each user logon.
6. **T1037**: Boot or Logon Initialization Scripts - The malware copies itself to `C:\ProgramData\Local Settings\Temp\mskmde.com` and creates a Registry run key, which could be considered an initialization script.
7. **T1059**: Command and Scripting Interpreter - ANDROMEDA can download additional payloads from its C2 server using GET requests.
8. **T1092**: Communication Through Removable Media - The malware has been spread via infected USB drives.
9. **T1554**: Compromise Host Software Binary - ANDROMEDA installs itself to `C:\Temp\TrustedInstaller.exe`, masquerading as a legitimate Windows installer service.

Here are the main technique IDs, excluding subtechnique IDs:

T1134, T1548, T1071, T1547, T1037, T1059, T1092, T1554","T1037, T1059, T1071, T1092, T1134, T1547, T1548, T1554, T1557","T1071, T1547","T1037, T1059, T1092, T1134, T1548, T1554, T1557","T1036, T1055, T1091, T1105",0.2222222222222222,0.3333333333333333,0.2666666666666666,extra predicted IDs / false positives; missed gold IDs / false negatives,"{
  ""behaviors"": [
    {
      ""behavior"": ""Make GET requests to download files"",
      ""evidence"": ""make GET requests to download files from its C2 server""
    },
    {
      ""behavior"": ""Establish persistence by copying itself to a file path"",
      ""evidence"": ""copying itself to `C:\\\u00b4ProgramData\\\u00b4Local Settings\\\u00b4Temp\\\u00b5mskmde.com`""
    },
    {
      ""behavior"": ""Create a Registry run key for execution at user logon"",
      ""evidence"": ""creating a Registry run key to ensure it executes at each user logon""
    },
    {
      ""behavior"": ""Download additional payloads from C2 server"",
      ""evidence"": ""download additional payloads from its C2 server""
    },
    {
      ""behavior"": ""Install itself to a file path masquerading as a legitimate Windows installer service"",
      ""evidence"": ""installing itself to `C:\\\u00b4Temp\\\u00b5TrustedInstaller.exe`""
    },
    {
      ""behavior"": ""Inject itself into a process for C2 command execution"",
      ""evidence"": ""inject itself into the `wuauclt.exe` process to execute C2 commands""
    },
    {
      ""behavior"": ""Spread via infected USB drives"",
      ""evidence"": ""has also been spread via infected USB drives""
    }
  ]
}",valid,"[{""behavior"": ""Make GET requests to download files"", ""evidence"": ""make GET requests to download files from its C2 server""}, {""behavior"": ""Establish persistence by copying itself to a file path"", ""evidence"": ""copying itself to `C:\\´ProgramData\\´Local Settings\\´Temp\\µmskmde.com`""}, {""behavior"": ""Create a Registry run key for execution at user logon"", ""evidence"": ""creating a Registry run key to ensure it executes at each user logon""}, {""behavior"": ""Download additional payloads from C2 server"", ""evidence"": ""download additional payloads from its C2 server""}, {""behavior"": ""Install itself to a file path masquerading as a legitimate Windows installer service"", ""evidence"": ""installing itself to `C:\\´Temp\\µTrustedInstaller.exe`""}, {""behavior"": ""Inject itself into a process for C2 command execution"", ""evidence"": ""inject itself into the `wuauclt.exe` process to execute C2 commands""}, {""behavior"": ""Spread via infected USB drives"", ""evidence"": ""has also been spread via infected USB drives""}]","{
  ""mappings"": [
    {
      ""behavior"": ""Make GET requests to download files"",
      ""evidence"": ""make GET requests to download files from its C2 server"",
      ""technique_id"": ""T1041"",
      ""justification"": ""Exfiltration Over C2 Channel""
    },
    {
      ""behavior"": ""Establish persistence by copying itself to a file path"",
      ""evidence"": ""copying itself to `C:\\´ProgramData\\´Local Settings\\´Temp\\µmskmde.com`"",
      ""technique_id"": ""T1547"",
      ""justification"": ""Boot or Logon Autostart Execution""
    },
    {
      ""behavior"": ""Create a Registry run key for execution at user logon"",
      ""evidence"": ""creating a Registry run key to ensure it executes at each user logon"",
      ""technique_id"": ""T1543"",
      ""justification"": ""Create or Modify System Process""
    },
    {
      ""behavior"": ""Download additional payloads from C2 server"",
      ""evidence"": ""download additional payloads from its C2 server"",
      ""technique_id"": ""T1041"",
      ""justification"": ""Exfiltration Over C2 Channel""
    },
    {
      ""behavior"": ""Install itself to a file path masquerading as a legitimate Windows installer service"",
      ""evidence"": ""installing itself to `C:\\´Temp\\µTrustedInstaller.exe`"",
      ""technique_id"": ""T1554"",
      ""justification"": ""Compromise Host Software Binary""
    },
    {
      ""behavior"": ""Inject itself into a process for C2 command execution"",
      ""evidence"": ""inject itself into the `wuauclt.exe` process to execute C2 commands"",
      ""technique_id"": ""T1055"",
      ""justification"": ""Process Injection""
    },
    {
      ""behavior"": ""Spread via infected USB drives"",
      ""evidence"": ""has also been spread via infected USB drives"",
      ""technique_id"": """",
      ""justification"": """"
    }
  ],
  ""predicted_ids"": [
    ""T1041"",
    ""T1547"",
    ""T1543"",
    ""T1554"",
    ""T1055""
  ]
}",valid,"[{""behavior"": ""Make GET requests to download files"", ""evidence"": ""make GET requests to download files from its C2 server"", ""technique_id"": ""T1041"", ""justification"": ""Exfiltration Over C2 Channel""}, {""behavior"": ""Establish persistence by copying itself to a file path"", ""evidence"": ""copying itself to `C:\\´ProgramData\\´Local Settings\\´Temp\\µmskmde.com`"", ""technique_id"": ""T1547"", ""justification"": ""Boot or Logon Autostart Execution""}, {""behavior"": ""Create a Registry run key for execution at user logon"", ""evidence"": ""creating a Registry run key to ensure it executes at each user logon"", ""technique_id"": ""T1543"", ""justification"": ""Create or Modify System Process""}, {""behavior"": ""Download additional payloads from C2 server"", ""evidence"": ""download additional payloads from its C2 server"", ""technique_id"": ""T1041"", ""justification"": ""Exfiltration Over C2 Channel""}, {""behavior"": ""Install itself to a file path masquerading as a legitimate Windows installer service"", ""evidence"": ""installing itself to `C:\\´Temp\\µTrustedInstaller.exe`"", ""technique_id"": ""T1554"", ""justification"": ""Compromise Host Software Binary""}, {""behavior"": ""Inject itself into a process for C2 command execution"", ""evidence"": ""inject itself into the `wuauclt.exe` process to execute C2 commands"", ""technique_id"": ""T1055"", ""justification"": ""Process Injection""}, {""behavior"": ""Spread via infected USB drives"", ""evidence"": ""has also been spread via infected USB drives"", ""technique_id"": """", ""justification"": """"}]","T1041, T1055, T1543, T1547, T1554",,"T1055, T1547","T1041, T1543, T1554","T1036, T1071, T1091, T1105",0.4,0.3333333333333333,0.3636363636363636,,9,5,2,2,7,3,4,4,"T1037, T1059, T1092, T1134, T1548, T1557",6,"T1041, T1543",2,T1055,1,T1071,1,T1055,1,T1071,1,0.1777777777777778,0.0,0.09696969696969698,high,large_fp_reduction; new_false_positives; gold_ids_recovered; new_false_negatives; many_remaining_false_positives,,,,,
33,Enterprise,"NGLite is a backdoor Trojan designed to execute commands received through its command and control (C2) channel. While its capabilities are typical for a backdoor, NGLite stands out for using a novel C2 channel that leverages a decentralized network based on the legitimate NKN (New Kind of Network) protocol for communication between the backdoor and threat actors. NGLite initially beacons to the NKN network via an HTTP POST request over TCP port 30003. It uses an AES-encrypted channel for C2 communication, with one observed instance employing the encryption key ""WHATswrongwithUu."" NGLite abuses NKN infrastructure to facilitate its C2 communication. It identifies the victim system's MAC and IPv4 addresses to establish a unique victim identifier. Additionally, NGLite executes the ""whoami"" command to collect system information and transmit it back to the C2 server.","T1016, T1033, T1071, T1090, T1573","After analyzing the provided text, I have identified the following MITRE Enterprise attack patterns and mapped them to their corresponding technique IDs:

1. **T1548**: Abuse Elevation Control Mechanism - NGLite abuses NKN infrastructure to facilitate its C2 communication.
2. **T1071**: Application Layer Protocol - NGLite uses an HTTP POST request over TCP port 30003 for initial beaconing.
3. **T1059**: Command and Scripting Interpreter - NGLite executes the ""whoami"" command to collect system information.
4. **T1557**: Adversary-in-the-Middle - NGLite's C2 channel is encrypted, but the encryption key is hardcoded (""WHATswrongwithUu"").
5. **T1530**: Data from Cloud Storage - NGLite identifies the victim system's MAC and IPv4 addresses to establish a unique victim identifier.
6. **T1001**: Data Obfuscation - The text does not explicitly mention data obfuscation, but it is possible that NGLite uses AES encryption for C2 communication.
7. **T1573**: Encrypted Channel - NGLite uses an AES-encrypted channel for C2 communication.

Here are the main technique IDs, excluding subtechnique IDs:

T1548, T1071, T1059, T1557, T1530, T1001, T1573","T1001, T1059, T1071, T1530, T1548, T1557, T1573","T1071, T1573","T1001, T1059, T1530, T1548, T1557","T1016, T1033, T1090",0.2857142857142857,0.4,0.3333333333333333,extra predicted IDs / false positives; missed gold IDs / false negatives,"{
  ""behaviors"": [
    {
      ""behavior"": ""Execute HTTP POST request over TCP port 30003"",
      ""evidence"": ""NGLite initially beacons to the NKN network via an HTTP POST request over TCP port 30003.""
    },
    {
      ""behavior"": ""Use AES-encrypted channel for C2 communication"",
      ""evidence"": ""It uses an AES-encrypted channel for C2 communication,""
    },
    {
      ""behavior"": ""Employ specific encryption key"",
      ""evidence"": ""with one observed instance employing the encryption key 'WHATswrongwithUu'.""
    },
    {
      ""behavior"": ""Abuse NKN infrastructure for C2 communication"",
      ""evidence"": ""NGLite abuses NKN infrastructure to facilitate its C2 communication.""
    },
    {
      ""behavior"": ""Identify victim system's MAC and IPv4 addresses"",
      ""evidence"": ""It identifies the victim system's MAC and IPv4 addresses to establish a unique victim identifier.""
    },
    {
      ""behavior"": ""Execute 'whoami' command to collect system information"",
      ""evidence"": ""Additionally, NGLite executes the 'whoami' command to collect system information""
    }
  ]
}",valid,"[{""behavior"": ""Execute HTTP POST request over TCP port 30003"", ""evidence"": ""NGLite initially beacons to the NKN network via an HTTP POST request over TCP port 30003.""}, {""behavior"": ""Use AES-encrypted channel for C2 communication"", ""evidence"": ""It uses an AES-encrypted channel for C2 communication,""}, {""behavior"": ""Employ specific encryption key"", ""evidence"": ""with one observed instance employing the encryption key 'WHATswrongwithUu'.""}, {""behavior"": ""Abuse NKN infrastructure for C2 communication"", ""evidence"": ""NGLite abuses NKN infrastructure to facilitate its C2 communication.""}, {""behavior"": ""Identify victim system's MAC and IPv4 addresses"", ""evidence"": ""It identifies the victim system's MAC and IPv4 addresses to establish a unique victim identifier.""}, {""behavior"": ""Execute 'whoami' command to collect system information"", ""evidence"": ""Additionally, NGLite executes the 'whoami' command to collect system information""}]","{
  ""mappings"": [
    {
      ""behavior"": ""Execute HTTP POST request over TCP port 30003"",
      ""evidence"": ""NGLite initially beacons to the NKN network via an HTTP POST request over TCP port 30003."",
      ""technique_id"": ""T1041"",
      ""justification"": ""The behavior directly supports Exfiltration Over C2 Channel""
    },
    {
      ""behavior"": ""Use AES-encrypted channel for C2 communication"",
      ""evidence"": ""It uses an AES-encrypted channel for C2 communication,"",
      ""technique_id"": ""T1573"",
      ""justification"": ""The behavior directly supports Encrypted Channel""
    },
    {
      ""behavior"": ""Employ specific encryption key"",
      ""evidence"": ""with one observed instance employing the encryption key 'WHATswrongwithUu'."",
      ""technique_id"": ""T1486"",
      ""justification"": ""The behavior directly supports Data Encrypted for Impact""
    },
    {
      ""behavior"": ""Abuse NKN infrastructure for C2 communication"",
      ""evidence"": ""NGLite abuses NKN infrastructure to facilitate its C2 communication."",
      ""technique_id"": ""T1584"",
      ""justification"": ""The behavior directly supports Compromise Infrastructure""
    },
    {
      ""behavior"": ""Identify victim system's MAC and IPv4 addresses"",
      ""evidence"": ""It identifies the victim system's MAC and IPv4 addresses to establish a unique victim identifier."",
      ""technique_id"": ""T1018"",
      ""justification"": ""The behavior directly supports Remote System Discovery""
    },
    {
      ""behavior"": ""Execute 'whoami' command to collect system information"",
      ""evidence"": ""Additionally, NGLite executes the 'whoami' command to collect system information"",
      ""technique_id"": ""T1003"",
      ""justification"": ""The behavior directly supports OS Credential Dumping""
    }
  ],
  ""predicted_ids"": [
    ""T1041"",
    ""T1573"",
    ""T1486"",
    ""T1584"",
    ""T1018"",
    ""T1003""
  ]
}",valid,"[{""behavior"": ""Execute HTTP POST request over TCP port 30003"", ""evidence"": ""NGLite initially beacons to the NKN network via an HTTP POST request over TCP port 30003."", ""technique_id"": ""T1041"", ""justification"": ""The behavior directly supports Exfiltration Over C2 Channel""}, {""behavior"": ""Use AES-encrypted channel for C2 communication"", ""evidence"": ""It uses an AES-encrypted channel for C2 communication,"", ""technique_id"": ""T1573"", ""justification"": ""The behavior directly supports Encrypted Channel""}, {""behavior"": ""Employ specific encryption key"", ""evidence"": ""with one observed instance employing the encryption key 'WHATswrongwithUu'."", ""technique_id"": ""T1486"", ""justification"": ""The behavior directly supports Data Encrypted for Impact""}, {""behavior"": ""Abuse NKN infrastructure for C2 communication"", ""evidence"": ""NGLite abuses NKN infrastructure to facilitate its C2 communication."", ""technique_id"": ""T1584"", ""justification"": ""The behavior directly supports Compromise Infrastructure""}, {""behavior"": ""Identify victim system's MAC and IPv4 addresses"", ""evidence"": ""It identifies the victim system's MAC and IPv4 addresses to establish a unique victim identifier."", ""technique_id"": ""T1018"", ""justification"": ""The behavior directly supports Remote System Discovery""}, {""behavior"": ""Execute 'whoami' command to collect system information"", ""evidence"": ""Additionally, NGLite executes the 'whoami' command to collect system information"", ""technique_id"": ""T1003"", ""justification"": ""The behavior directly supports OS Credential Dumping""}]","T1003, T1018, T1041, T1486, T1573, T1584",,T1573,"T1003, T1018, T1041, T1486, T1584","T1016, T1033, T1071, T1090",0.1666666666666666,0.2,0.1818181818181818,,7,6,2,1,5,5,3,4,"T1001, T1059, T1530, T1548, T1557",5,"T1003, T1018, T1041, T1486, T1584",5,,0,T1071,1,,0,T1071,1,-0.1190476190476191,-0.2,-0.15151515151515152,high,large_fp_reduction; new_false_positives; new_false_negatives; f1_worsened; many_remaining_false_positives,,,,,
50,Enterprise,"ZIPLINE is a passive backdoor that was used during Cutting Edge on compromised Secure Connect VPNs for reverse shell and proxy functionality. ZIPLINE can use /bin/sh to create a reverse shell and execute commands. ZIPLINE can use AES-128-CBC to encrypt data for both upload and download. ZIPLINE can find and append specific files on Ivanti Connect Secure VPNs based upon received commands. ZIPLINE can add itself to the exclusion list for the Ivanti Connect Secure Integrity Checker Tool if the --exclude parameter is passed by the tar process. ZIPLINE can download files to be saved on the compromised system. ZIPLINE can communicate with C2 using a custom binary protocol. ZIPLINE can identify running processes and their names. ZIPLINE can create a proxy server on compromised hosts. ZIPLINE can identify a specific string in intercepted network traffic, SSH-2.0-OpenSSH_0.3xx., to trigger its command functionality.","T1057, T1059, T1083, T1090, T1095, T1105, T1205, T1562, T1573","After analyzing the provided text, I have identified several MITRE Enterprise attack patterns and mapped them to their corresponding technique IDs. Here are the extracted techniques with reasoning for each identification:

1. **T1059: Command and Scripting Interpreter**: ZIPLINE uses /bin/sh to create a reverse shell and execute commands.
2. **T1048: Exfiltration Over Alternative Protocol**: ZIPLINE can use AES-128-CBC to encrypt data for both upload and download, indicating exfiltration over an alternative protocol.
3. **T1071: Application Layer Protocol**: ZIPLINE communicates with C2 using a custom binary protocol, which involves application-layer protocol manipulation.
4. **T1010: Application Window Discovery**: ZIPLINE can identify running processes and their names, implying discovery of application windows.
5. **T1557: Adversary-in-the-Middle**: ZIPLINE can identify a specific string in intercepted network traffic (SSH-2.0-OpenSSH_0.3xx.) to trigger its command functionality, indicating adversary-in-the-middle behavior.
6. **T1052: Exfiltration Over Physical Medium**: Although not explicitly mentioned, the fact that ZIPLINE can download files to be saved on the compromised system implies exfiltration over a physical medium (e.g., storage device).
7. **T1090: Proxy**: ZIPLINE can create a proxy server on compromised hosts.
8. **T1219: Remote Access Software**: ZIPLINE's ability to communicate with C2 using a custom binary protocol suggests the use of remote access software.

Here are the main technique IDs, excluding subtechnique IDs, separated by commas:

T1059, T1048, T1071, T1010, T1557, T1052, T1090, T1219","T1010, T1048, T1052, T1059, T1071, T1090, T1219, T1557","T1059, T1090","T1010, T1048, T1052, T1071, T1219, T1557","T1057, T1083, T1095, T1105, T1205, T1562, T1573",0.25,0.2222222222222222,0.2352941176470588,extra predicted IDs / false positives; missed gold IDs / false negatives,"{
  ""behaviors"": [
    {
      ""behavior"": ""Create reverse shell"",
      ""evidence"": ""use /bin/sh to create a reverse shell""
    },
    {
      ""behavior"": ""Execute commands"",
      ""evidence"": ""execute commands""
    },
    {
      ""behavior"": ""Encrypt data for upload and download"",
      ""evidence"": ""use AES-128-CBC to encrypt data for both upload and download""
    },
    {
      ""behavior"": ""Append files based on received commands"",
      ""evidence"": ""find and append specific files on Ivanti Connect Secure VPNs based upon received commands""
    },
    {
      ""behavior"": ""Add itself to exclusion list"",
      ""evidence"": ""add itself to the exclusion list for the Ivanti Connect Secure Integrity Checker Tool if the --exclude parameter is passed by the tar process""
    },
    {
      ""behavior"": ""Download files"",
      ""evidence"": ""download files to be saved on the compromised system""
    },
    {
      ""behavior"": ""Communicate with C2 using custom protocol"",
      ""evidence"": ""communicate with C2 using a custom binary protocol""
    },
    {
      ""behavior"": ""Identify running processes and their names"",
      ""evidence"": ""identify running processes and their names""
    },
    {
      ""behavior"": ""Create proxy server"",
      ""evidence"": ""create a proxy server on compromised hosts""
    },
    {
      ""behavior"": ""Trigger command functionality based on string in network traffic"",
      ""evidence"": ""identify a specific string in intercepted network traffic, SSH-2.0-OpenSSH_0.3xx., to trigger its command functionality""
    }
  ]
}",valid,"[{""behavior"": ""Create reverse shell"", ""evidence"": ""use /bin/sh to create a reverse shell""}, {""behavior"": ""Execute commands"", ""evidence"": ""execute commands""}, {""behavior"": ""Encrypt data for upload and download"", ""evidence"": ""use AES-128-CBC to encrypt data for both upload and download""}, {""behavior"": ""Append files based on received commands"", ""evidence"": ""find and append specific files on Ivanti Connect Secure VPNs based upon received commands""}, {""behavior"": ""Add itself to exclusion list"", ""evidence"": ""add itself to the exclusion list for the Ivanti Connect Secure Integrity Checker Tool if the --exclude parameter is passed by the tar process""}, {""behavior"": ""Download files"", ""evidence"": ""download files to be saved on the compromised system""}, {""behavior"": ""Communicate with C2 using custom protocol"", ""evidence"": ""communicate with C2 using a custom binary protocol""}, {""behavior"": ""Identify running processes and their names"", ""evidence"": ""identify running processes and their names""}, {""behavior"": ""Create proxy server"", ""evidence"": ""create a proxy server on compromised hosts""}, {""behavior"": ""Trigger command functionality based on string in network traffic"", ""evidence"": ""identify a specific string in intercepted network traffic, SSH-2.0-OpenSSH_0.3xx., to trigger its command functionality""}]","{
  ""mappings"": [
    {
      ""behavior"": ""Create reverse shell"",
      ""evidence"": ""use /bin/sh to create a reverse shell"",
      ""technique_id"": ""T1055"",
      ""justification"": ""Process Injection: The behavior of creating a reverse shell involves injecting a process, which is directly supported by T1055.""
    },
    {
      ""behavior"": ""Execute commands"",
      ""evidence"": ""execute commands"",
      ""technique_id"": ""T1052"",
      ""justification"": ""Scheduled Transfer: Although not an exact match, the behavior of executing commands can be related to scheduled transfers, which is directly supported by T1052.""
    },
    {
      ""behavior"": ""Encrypt data for upload and download"",
      ""evidence"": ""use AES-128-CBC to encrypt data for both upload and download"",
      ""technique_id"": ""T1486"",
      ""justification"": ""Data Encrypted for Impact: The behavior of encrypting data using AES-128-CBC directly supports T1486.""
    },
    {
      ""behavior"": ""Append files based on received commands"",
      ""evidence"": ""find and append specific files on Ivanti Connect Secure VPNs based upon received commands"",
      ""technique_id"": ""T1133"",
      ""justification"": ""External Remote Services: The behavior of appending files based on received commands can be related to external remote services, which is directly supported by T1133.""
    },
    {
      ""behavior"": ""Add itself to exclusion list"",
      ""evidence"": ""add itself to the exclusion list for the Ivanti Connect Secure Integrity Checker Tool if the --exclude parameter is passed by the tar process"",
      ""technique_id"": ""T1547"",
      ""justification"": ""Boot or Logon Autostart Execution: The behavior of adding itself to an exclusion list can be related to boot or logon autostart execution, which is directly supported by T1547.""
    },
    {
      ""behavior"": ""Download files"",
      ""evidence"": ""download files to be saved on the compromised system"",
      ""technique_id"": ""T1052"",
      ""justification"": ""Scheduled Transfer: The behavior of downloading files can be related to scheduled transfers, which is directly supported by T1052.""
    },
    {
      ""behavior"": ""Communicate with C2 using custom protocol"",
      ""evidence"": ""communicate with C2 using a custom binary protocol"",
      ""technique_id"": ""T1041"",
      ""justification"": ""Exfiltration Over C2 Channel: The behavior of communicating with C2 using a custom protocol directly supports T1041.""
    },
    {
      ""behavior"": ""Identify running processes and their names"",
      ""evidence"": ""identify running processes and their names"",
      ""technique_id"": ""T1057"",
      ""justification"": ""Process Discovery: The behavior of identifying running processes and their names directly supports T1057.""
    },
    {
      ""behavior"": ""Create proxy server"",
      ""evidence"": ""create a proxy server on compromised hosts"",
      ""technique_id"": ""T1090"",
      ""justification"": ""Proxy: The behavior of creating a proxy server directly supports T1090.""
    },
    {
      ""behavior"": ""Trigger command functionality based on string in network traffic"",
      ""evidence"": ""identify a specific string in intercepted network traffic, SSH-2.0-OpenSSH_0.3xx., to trigger its command functionality"",
      ""technique_id"": ""T1202"",
      ""justification"": ""Indirect Command Execution: The behavior of triggering command functionality based on a string in network traffic directly supports T1202.""
    }
  ],
  ""predicted_ids"": [
    ""T1055"",
    ""T1052"",
    ""T1486"",
    ""T1133"",
    ""T1547"",
    ""T1052"",
    ""T1041"",
    ""T1057"",
    ""T1090"",
    ""T1202""
  ]
}",valid,"[{""behavior"": ""Create reverse shell"", ""evidence"": ""use /bin/sh to create a reverse shell"", ""technique_id"": ""T1055"", ""justification"": ""Process Injection: The behavior of creating a reverse shell involves injecting a process, which is directly supported by T1055.""}, {""behavior"": ""Execute commands"", ""evidence"": ""execute commands"", ""technique_id"": ""T1052"", ""justification"": ""Scheduled Transfer: Although not an exact match, the behavior of executing commands can be related to scheduled transfers, which is directly supported by T1052.""}, {""behavior"": ""Encrypt data for upload and download"", ""evidence"": ""use AES-128-CBC to encrypt data for both upload and download"", ""technique_id"": ""T1486"", ""justification"": ""Data Encrypted for Impact: The behavior of encrypting data using AES-128-CBC directly supports T1486.""}, {""behavior"": ""Append files based on received commands"", ""evidence"": ""find and append specific files on Ivanti Connect Secure VPNs based upon received commands"", ""technique_id"": ""T1133"", ""justification"": ""External Remote Services: The behavior of appending files based on received commands can be related to external remote services, which is directly supported by T1133.""}, {""behavior"": ""Add itself to exclusion list"", ""evidence"": ""add itself to the exclusion list for the Ivanti Connect Secure Integrity Checker Tool if the --exclude parameter is passed by the tar process"", ""technique_id"": ""T1547"", ""justification"": ""Boot or Logon Autostart Execution: The behavior of adding itself to an exclusion list can be related to boot or logon autostart execution, which is directly supported by T1547.""}, {""behavior"": ""Download files"", ""evidence"": ""download files to be saved on the compromised system"", ""technique_id"": ""T1052"", ""justification"": ""Scheduled Transfer: The behavior of downloading files can be related to scheduled transfers, which is directly supported by T1052.""}, {""behavior"": ""Communicate with C2 using custom protocol"", ""evidence"": ""communicate with C2 using a custom binary protocol"", ""technique_id"": ""T1041"", ""justification"": ""Exfiltration Over C2 Channel: The behavior of communicating with C2 using a custom protocol directly supports T1041.""}, {""behavior"": ""Identify running processes and their names"", ""evidence"": ""identify running processes and their names"", ""technique_id"": ""T1057"", ""justification"": ""Process Discovery: The behavior of identifying running processes and their names directly supports T1057.""}, {""behavior"": ""Create proxy server"", ""evidence"": ""create a proxy server on compromised hosts"", ""technique_id"": ""T1090"", ""justification"": ""Proxy: The behavior of creating a proxy server directly supports T1090.""}, {""behavior"": ""Trigger command functionality based on string in network traffic"", ""evidence"": ""identify a specific string in intercepted network traffic, SSH-2.0-OpenSSH_0.3xx., to trigger its command functionality"", ""technique_id"": ""T1202"", ""justification"": ""Indirect Command Execution: The behavior of triggering command functionality based on a string in network traffic directly supports T1202.""}]","T1041, T1052, T1055, T1057, T1090, T1133, T1202, T1486, T1547",,"T1057, T1090","T1041, T1052, T1055, T1133, T1202, T1486, T1547","T1059, T1083, T1095, T1105, T1205, T1562, T1573",0.2222222222222222,0.2222222222222222,0.2222222222222222,,8,9,2,2,6,7,7,7,"T1010, T1048, T1071, T1219, T1557",5,"T1041, T1055, T1133, T1202, T1486, T1547",6,T1057,1,T1059,1,T1057,1,T1059,1,-0.02777777777777779,0.0,-0.013071895424836583,high,large_fp_reduction; new_false_positives; gold_ids_recovered; new_false_negatives; f1_worsened; many_remaining_false_positives,,,,,
26,Enterprise,ASPXSpy is a web shell that has been modified by Threat Group-3390 to create a variant known as ASPXTool. This modified version has been deployed by the group on accessible servers running Internet Information Services (IIS).,T1505,"After analyzing the text, I have identified the following MITRE Enterprise attack patterns and mapped them to their corresponding technique IDs:

1. **ASPXTool deployment on accessible servers**: This suggests that the attackers are using a web shell (T1059: Command and Scripting Interpreter) to gain access to the server.
2. **Modification of ASPXSpy by Threat Group-3390**: This implies that the attackers are using techniques related to code modification or injection (T1136: Create Account, T1543: Create or Modify System Process).
3. **Deployment on IIS servers**: This indicates that the attackers are targeting web applications and exploiting vulnerabilities in IIS (T1197: BITS Jobs, T1049: System Network Connections Discovery).

Here is the list of identified technique IDs:

T1059, T1136, T1543, T1197, T1049

Note that these techniques are not exhaustive, as the text only provides a brief description of the attack. However, based on the information provided, I have identified the most relevant techniques related to web shell deployment and exploitation.

Here is the list of main technique IDs (excluding subtechnique IDs) separated by commas:

T1059, T1136, T1543, T1197, T1049","T1049, T1059, T1136, T1197, T1543",,"T1049, T1059, T1136, T1197, T1543",T1505,0.0,0.0,0.0,extra predicted IDs / false positives; missed gold IDs / false negatives,"{
  ""behaviors"": [
    {
      ""behavior"": ""Deploy web shell"",
      ""evidence"": ""This modified version has been deployed by the group on accessible servers""
    },
    {
      ""behavior"": ""Modify existing malware"",
      ""evidence"": ""ASPXSpy is a web shell that has been modified by Threat Group-3390 to create a variant known as ASPXTool.""
    }
  ]
}",valid,"[{""behavior"": ""Deploy web shell"", ""evidence"": ""This modified version has been deployed by the group on accessible servers""}, {""behavior"": ""Modify existing malware"", ""evidence"": ""ASPXSpy is a web shell that has been modified by Threat Group-3390 to create a variant known as ASPXTool.""}]","{
  ""mappings"": [
    {
      ""behavior"": ""Deploy web shell"",
      ""evidence"": ""This modified version has been deployed by the group on accessible servers"",
      ""technique_id"": ""T1212"",
      ""justification"": ""Exploitation for Credential Access: Deploying a web shell allows attackers to gain access to sensitive information.""
    },
    {
      ""behavior"": ""Modify existing malware"",
      ""evidence"": ""ASPXSpy is a web shell that has been modified by Threat Group-3390 to create a variant known as ASPXTool."",
      ""technique_id"": ""T1055"",
      ""justification"": ""Process Injection: Modifying existing malware involves injecting malicious code into the process, which is a characteristic of this technique.""
    }
  ],
  ""predicted_ids"": [
    ""T1212"",
    ""T1055""
  ]
}",valid,"[{""behavior"": ""Deploy web shell"", ""evidence"": ""This modified version has been deployed by the group on accessible servers"", ""technique_id"": ""T1212"", ""justification"": ""Exploitation for Credential Access: Deploying a web shell allows attackers to gain access to sensitive information.""}, {""behavior"": ""Modify existing malware"", ""evidence"": ""ASPXSpy is a web shell that has been modified by Threat Group-3390 to create a variant known as ASPXTool."", ""technique_id"": ""T1055"", ""justification"": ""Process Injection: Modifying existing malware involves injecting malicious code into the process, which is a characteristic of this technique.""}]","T1055, T1212",,,"T1055, T1212",T1505,0.0,0.0,0.0,,5,2,0,0,5,2,1,1,"T1049, T1059, T1136, T1197, T1543",5,"T1055, T1212",2,,0,,0,,0,,0,0.0,0.0,0.0,high,large_fp_reduction; new_false_positives,,,,,
28,Enterprise,"AuTo Stealer is malware written in C++ that has been used by SideCopy since at least December 2021 to target government agencies and personnel in India and Afghanistan. AuTo Stealer communicates with its command and control (C2) servers using HTTP or TCP. It maintains persistence by placing malicious executables in the AutoRun registry key or StartUp directory, depending on the installed antivirus (AV) product. The malware can execute a batch file using `cmd.exe`. AuTo Stealer is capable of collecting various types of data from an infected machine, including PowerPoint files, Word documents, Excel files, PDF files, text files, database files, and image files. This collected data is stored in a file named `Hostname_UserName.txt` before exfiltration. The malware then exfiltrates the data to actor-controlled C2 servers via HTTP or TCP. Additionally, AuTo Stealer can gather information about the installed AV products on an infected host.","T1005, T1041, T1059, T1071, T1074, T1095, T1518, T1547","After analyzing the provided text, I have identified the following MITRE Enterprise attack patterns and mapped them to their corresponding technique IDs:

1. **T1548**: Abuse Elevation Control Mechanism - The malware maintains persistence by placing malicious executables in the AutoRun registry key or StartUp directory, depending on the installed antivirus (AV) product.
2. **T1071**: Application Layer Protocol - AuTo Stealer communicates with its command and control (C2) servers using HTTP or TCP.
3. **T1059**: Command and Scripting Interpreter - The malware can execute a batch file using `cmd.exe`.
4. **T1048**: Exfiltration Over Alternative Protocol - The collected data is exfiltrated to actor-controlled C2 servers via HTTP or TCP.
5. **T1557**: Adversary-in-the-Middle - AuTo Stealer gathers information about the installed AV products on an infected host.
6. **T1020**: Automated Exfiltration - The malware exfiltrates the collected data to actor-controlled C2 servers.
7. **T1119**: Automated Collection - AuTo Stealer collects various types of data from an infected machine, including PowerPoint files, Word documents, Excel files, PDF files, text files, database files, and image files.

The main technique IDs (excluding subtechnique IDs) are:

T1548, T1071, T1059, T1048, T1557, T1020, T1119","T1020, T1048, T1059, T1071, T1119, T1548, T1557","T1059, T1071","T1020, T1048, T1119, T1548, T1557","T1005, T1041, T1074, T1095, T1518, T1547",0.2857142857142857,0.25,0.2666666666666666,extra predicted IDs / false positives; missed gold IDs / false negatives,"{
  ""behaviors"": [
    {
      ""behavior"": ""Communicate with command and control (C2) servers using HTTP or TCP"",
      ""evidence"": ""AuTo Stealer communicates with its command and control (C2) servers using HTTP or TCP.""
    },
    {
      ""behavior"": ""Maintain persistence by placing malicious executables in the AutoRun registry key or StartUp directory"",
      ""evidence"": ""It maintains persistence by placing malicious executables in the AutoRun registry key or StartUp directory, depending on the installed antivirus (AV) product.""
    },
    {
      ""behavior"": ""Execute a batch file using `cmd.exe`"",
      ""evidence"": ""The malware can execute a batch file using `cmd.exe`.""
    },
    {
      ""behavior"": ""Collect various types of data from an infected machine"",
      ""evidence"": ""AuTo Stealer is capable of collecting various types of data from an infected machine, including PowerPoint files, Word documents, Excel files, PDF files, text files, database files, and image files.""
    },
    {
      ""behavior"": ""Store collected data in a file named `Hostname_UserName.txt`"",
      ""evidence"": ""This collected data is stored in a file named `Hostname_UserName.txt` before exfiltration.""
    },
    {
      ""behavior"": ""Exfiltrate data to actor-controlled C2 servers via HTTP or TCP"",
      ""evidence"": ""The malware then exfiltrates the data to actor-controlled C2 servers via HTTP or TCP.""
    },
    {
      ""behavior"": ""Gather information about installed AV products on an infected host"",
      ""evidence"": ""Additionally, AuTo Stealer can gather information about the installed AV products on an infected host.""
    }
  ]
}",valid,"[{""behavior"": ""Communicate with command and control (C2) servers using HTTP or TCP"", ""evidence"": ""AuTo Stealer communicates with its command and control (C2) servers using HTTP or TCP.""}, {""behavior"": ""Maintain persistence by placing malicious executables in the AutoRun registry key or StartUp directory"", ""evidence"": ""It maintains persistence by placing malicious executables in the AutoRun registry key or StartUp directory, depending on the installed antivirus (AV) product.""}, {""behavior"": ""Execute a batch file using `cmd.exe`"", ""evidence"": ""The malware can execute a batch file using `cmd.exe`.""}, {""behavior"": ""Collect various types of data from an infected machine"", ""evidence"": ""AuTo Stealer is capable of collecting various types of data from an infected machine, including PowerPoint files, Word documents, Excel files, PDF files, text files, database files, and image files.""}, {""behavior"": ""Store collected data in a file named `Hostname_UserName.txt`"", ""evidence"": ""This collected data is stored in a file named `Hostname_UserName.txt` before exfiltration.""}, {""behavior"": ""Exfiltrate data to actor-controlled C2 servers via HTTP or TCP"", ""evidence"": ""The malware then exfiltrates the data to actor-controlled C2 servers via HTTP or TCP.""}, {""behavior"": ""Gather information about installed AV products on an infected host"", ""evidence"": ""Additionally, AuTo Stealer can gather information about the installed AV products on an infected host.""}]","{
  ""mappings"": [
    {
      ""behavior"": ""Communicate with command and control (C2) servers using HTTP or TCP"",
      ""evidence"": ""AuTo Stealer communicates with its command and control (C2) servers using HTTP or TCP."",
      ""technique_id"": ""T1041"",
      ""justification"": ""The malware uses C2 channels for communication, which directly supports T1041: Exfiltration Over C2 Channel.""
    },
    {
      ""behavior"": ""Maintain persistence by placing malicious executables in the AutoRun registry key or StartUp directory"",
      ""evidence"": ""It maintains persistence by placing malicious executables in the AutoRun registry key or StartUp directory, depending on the installed antivirus (AV) product."",
      ""technique_id"": ""T1547"",
      ""justification"": ""The malware uses boot or logon autostart execution to maintain persistence, which directly supports T1547: Boot or Logon Autostart Execution.""
    },
    {
      ""behavior"": ""Execute a batch file using `cmd.exe`"",
      ""evidence"": ""The malware can execute a batch file using `cmd.exe`."",
      ""technique_id"": ""T1055"",
      ""justification"": ""The malware uses process injection to execute a batch file, which directly supports T1055: Process Injection.""
    },
    {
      ""behavior"": ""Collect various types of data from an infected machine"",
      ""evidence"": ""AuTo Stealer is capable of collecting various types of data from an infected machine, including PowerPoint files, Word documents, Excel files, PDF files, text files, database files, and image files."",
      ""technique_id"": ""T1560"",
      ""justification"": ""The malware collects data from the local system, which directly supports T1560: Archive Collected Data.""
    },
    {
      ""behavior"": ""Store collected data in a file named `Hostname_UserName.txt`"",
      ""evidence"": ""This collected data is stored in a file named `Hostname_UserName.txt` before exfiltration."",
      ""technique_id"": ""T1059"",
      ""justification"": ""The malware uses the command and scripting interpreter to store collected data, which directly supports T1059: Command and Scripting Interpreter.""
    },
    {
      ""behavior"": ""Exfiltrate data to actor-controlled C2 servers via HTTP or TCP"",
      ""evidence"": ""The malware then exfiltrates the data to actor-controlled C2 servers via HTTP or TCP."",
      ""technique_id"": ""T1041"",
      ""justification"": ""The malware uses C2 channels for communication, which directly supports T1041: Exfiltration Over C2 Channel.""
    },
    {
      ""behavior"": ""Gather information about installed AV products on an infected host"",
      ""evidence"": ""Additionally, AuTo Stealer can gather information about the installed AV products on an infected host."",
      ""technique_id"": ""T1010"",
      ""justification"": ""The malware uses application window discovery to gather information about installed AV products, which directly supports T1010: Application Window Discovery.""
    }
  ],
  ""predicted_ids"": [
    ""T1041"",
    ""T1547"",
    ""T1055"",
    ""T1560"",
    ""T1059"",
    ""T1041"",
    ""T1010""
  ]
}",valid,"[{""behavior"": ""Communicate with command and control (C2) servers using HTTP or TCP"", ""evidence"": ""AuTo Stealer communicates with its command and control (C2) servers using HTTP or TCP."", ""technique_id"": ""T1041"", ""justification"": ""The malware uses C2 channels for communication, which directly supports T1041: Exfiltration Over C2 Channel.""}, {""behavior"": ""Maintain persistence by placing malicious executables in the AutoRun registry key or StartUp directory"", ""evidence"": ""It maintains persistence by placing malicious executables in the AutoRun registry key or StartUp directory, depending on the installed antivirus (AV) product."", ""technique_id"": ""T1547"", ""justification"": ""The malware uses boot or logon autostart execution to maintain persistence, which directly supports T1547: Boot or Logon Autostart Execution.""}, {""behavior"": ""Execute a batch file using `cmd.exe`"", ""evidence"": ""The malware can execute a batch file using `cmd.exe`."", ""technique_id"": ""T1055"", ""justification"": ""The malware uses process injection to execute a batch file, which directly supports T1055: Process Injection.""}, {""behavior"": ""Collect various types of data from an infected machine"", ""evidence"": ""AuTo Stealer is capable of collecting various types of data from an infected machine, including PowerPoint files, Word documents, Excel files, PDF files, text files, database files, and image files."", ""technique_id"": ""T1560"", ""justification"": ""The malware collects data from the local system, which directly supports T1560: Archive Collected Data.""}, {""behavior"": ""Store collected data in a file named `Hostname_UserName.txt`"", ""evidence"": ""This collected data is stored in a file named `Hostname_UserName.txt` before exfiltration."", ""technique_id"": ""T1059"", ""justification"": ""The malware uses the command and scripting interpreter to store collected data, which directly supports T1059: Command and Scripting Interpreter.""}, {""behavior"": ""Exfiltrate data to actor-controlled C2 servers via HTTP or TCP"", ""evidence"": ""The malware then exfiltrates the data to actor-controlled C2 servers via HTTP or TCP."", ""technique_id"": ""T1041"", ""justification"": ""The malware uses C2 channels for communication, which directly supports T1041: Exfiltration Over C2 Channel.""}, {""behavior"": ""Gather information about installed AV products on an infected host"", ""evidence"": ""Additionally, AuTo Stealer can gather information about the installed AV products on an infected host."", ""technique_id"": ""T1010"", ""justification"": ""The malware uses application window discovery to gather information about installed AV products, which directly supports T1010: Application Window Discovery.""}]","T1010, T1041, T1055, T1059, T1547, T1560",,"T1041, T1059, T1547","T1010, T1055, T1560","T1005, T1071, T1074, T1095, T1518",0.5,0.375,0.4285714285714285,,7,6,2,3,5,3,6,5,"T1020, T1048, T1119, T1548, T1557",5,"T1010, T1055, T1560",3,"T1041, T1547",2,T1071,1,"T1041, T1547",2,T1071,1,0.2142857142857143,0.125,0.16190476190476188,high,large_fp_reduction; new_false_positives; gold_ids_recovered; new_false_negatives; many_remaining_false_positives,,,,,
11,Enterprise,"Agent.btz is a worm known for spreading primarily through removable devices like USB drives. It gained notoriety for infecting U.S. military networks in 2008. The worm gathers system information and saves it in an XML file, which is then XOR-encoded for obfuscation. On any connected USB flash drive, Agent.btz creates a file named ""thumb.dd"" that contains details about the infected system and activity logs. The worm also attempts to download an encrypted binary from a specified domain. To propagate itself, Agent.btz drops a copy of itself onto removable media and creates an autorun.inf file that instructs the system to execute the malware when the device is inserted into another computer. Additionally, Agent.btz collects network-related information, including the IP and MAC addresses of the network adapter, as well as IP addresses for the default gateway, WINS, DHCP, and DNS servers, and saves this data into a log file. The worm also records the victim's username and stores it in a separate file.","T1016, T1033, T1052, T1091, T1105, T1560","After analyzing the provided text, I have identified the following MITRE Enterprise attack patterns and mapped them to their corresponding technique IDs:

1. **Agent.btz creates a file named ""thumb.dd"" that contains details about the infected system and activity logs**: This behavior is related to **T1025: Data from Removable Media**.
2. **The worm also attempts to download an encrypted binary from a specified domain**: This action is associated with **T1041: Exfiltration Over C2 Channel** or **T1052: Exfiltration Over Physical Medium**, but since the text does not specify how the data is transferred, I will map it to **T1041**.
3. **Agent.btz drops a copy of itself onto removable media and creates an autorun.inf file**: This behavior is related to **T1092: Communication Through Removable Media**.
4. **The worm also records the victim's username and stores it in a separate file**: This action is associated with **T1003: OS Credential Dumping** or **T1555: Credentials from Password Stores**, but since the text does not specify how the credentials are obtained, I will map it to **T1003**.
5. **Agent.btz collects network-related information, including IP and MAC addresses of the network adapter**: This behavior is related to **T1018: Remote System Discovery** or **T1082: System Information Discovery**, but since the text does not specify how the information is obtained, I will map it to **T1018**.
6. **The worm also saves this data into a log file**: This action is associated with **T1560: Archive Collected Data**.

Here are the identified MITRE Enterprise technique IDs, excluding subtechnique IDs:

T1025, T1041, T1092, T1003, T1018","T1003, T1018, T1025, T1041, T1052, T1082, T1092, T1555, T1560","T1052, T1560","T1003, T1018, T1025, T1041, T1082, T1092, T1555","T1016, T1033, T1091, T1105",0.2222222222222222,0.3333333333333333,0.2666666666666666,extra predicted IDs / false positives; missed gold IDs / false negatives,"{
  ""behaviors"": [
    {
      ""behavior"": ""Spreads through removable devices"",
      ""evidence"": ""spreading primarily through removable devices like USB drives""
    },
    {
      ""behavior"": ""Gathers system information"",
      ""evidence"": ""gathers system information and saves it in an XML file""
    },
    {
      ""behavior"": ""Creates a file on connected USB flash drive"",
      ""evidence"": ""creates a file named 'thumb.dd' that contains details about the infected system and activity logs""
    },
    {
      ""behavior"": ""Downloads encrypted binary from specified domain"",
      ""evidence"": ""attempts to download an encrypted binary from a specified domain""
    },
    {
      ""behavior"": ""Drops copy of itself onto removable media"",
      ""evidence"": ""drops a copy of itself onto removable media""
    },
    {
      ""behavior"": ""Creates autorun.inf file"",
      ""evidence"": ""creates an autorun.inf file that instructs the system to execute the malware when the device is inserted into another computer""
    },
    {
      ""behavior"": ""Collects network-related information"",
      ""evidence"": ""collects network-related information, including the IP and MAC addresses of the network adapter, as well as IP addresses for the default gateway, WINS, DHCP, and DNS servers""
    },
    {
      ""behavior"": ""Records victim's username"",
      ""evidence"": ""records the victim's username and stores it in a separate file""
    }
  ]
}",valid,"[{""behavior"": ""Spreads through removable devices"", ""evidence"": ""spreading primarily through removable devices like USB drives""}, {""behavior"": ""Gathers system information"", ""evidence"": ""gathers system information and saves it in an XML file""}, {""behavior"": ""Creates a file on connected USB flash drive"", ""evidence"": ""creates a file named 'thumb.dd' that contains details about the infected system and activity logs""}, {""behavior"": ""Downloads encrypted binary from specified domain"", ""evidence"": ""attempts to download an encrypted binary from a specified domain""}, {""behavior"": ""Drops copy of itself onto removable media"", ""evidence"": ""drops a copy of itself onto removable media""}, {""behavior"": ""Creates autorun.inf file"", ""evidence"": ""creates an autorun.inf file that instructs the system to execute the malware when the device is inserted into another computer""}, {""behavior"": ""Collects network-related information"", ""evidence"": ""collects network-related information, including the IP and MAC addresses of the network adapter, as well as IP addresses for the default gateway, WINS, DHCP, and DNS servers""}, {""behavior"": ""Records victim's username"", ""evidence"": ""records the victim's username and stores it in a separate file""}]","{
  ""mappings"": [
    {
      ""behavior"": ""Spreads through removable devices"",
      ""evidence"": ""spreading primarily through removable devices like USB drives"",
      ""technique_id"": ""T1092"",
      ""justification"": ""The malware spreads through removable media, which is a direct match for T1092: Communication Through Removable Media""
    },
    {
      ""behavior"": ""Gathers system information"",
      ""evidence"": ""gathers system information and saves it in an XML file"",
      ""technique_id"": ""T1083"",
      ""justification"": ""The malware gathers system information, which is a direct match for T1083: File and Directory Discovery""
    },
    {
      ""behavior"": ""Creates a file on connected USB flash drive"",
      ""evidence"": ""creates a file named 'thumb.dd' that contains details about the infected system and activity logs"",
      ""technique_id"": ""T1059"",
      ""justification"": ""The malware creates a file, which is a direct match for T1059: Command and Scripting Interpreter""
    },
    {
      ""behavior"": ""Downloads encrypted binary from specified domain"",
      ""evidence"": ""attempts to download an encrypted binary from a specified domain"",
      ""technique_id"": ""T1041"",
      ""justification"": ""The malware downloads an encrypted binary, which is a direct match for T1041: Exfiltration Over C2 Channel""
    },
    {
      ""behavior"": ""Drops copy of itself onto removable media"",
      ""evidence"": ""drops a copy of itself onto removable media"",
      ""technique_id"": ""T1092"",
      ""justification"": ""The malware drops a copy of itself onto removable media, which is a direct match for T1092: Communication Through Removable Media""
    },
    {
      ""behavior"": ""Creates autorun.inf file"",
      ""evidence"": ""creates an autorun.inf file that instructs the system to execute the malware when the device is inserted into another computer"",
      ""technique_id"": ""T1136"",
      ""justification"": ""The malware creates an autorun.inf file, which is a direct match for T1136: Create Account""
    },
    {
      ""behavior"": ""Collects network-related information"",
      ""evidence"": ""collects network-related information, including the IP and MAC addresses of the network adapter, as well as IP addresses for the default gateway, WINS, DHCP, and DNS servers"",
      ""technique_id"": ""T1049"",
      ""justification"": ""The malware collects network-related information, which is a direct match for T1049: System Network Connections Discovery""
    },
    {
      ""behavior"": ""Records victim's username"",
      ""evidence"": ""records the victim's username and stores it in a separate file"",
      ""technique_id"": ""T1003"",
      ""justification"": ""The malware records the victim's username, which is a direct match for T1003: OS Credential Dumping""
    }
  ],
  ""predicted_ids"": [
    ""T1092"",
    ""T1083"",
    ""T1059"",
    ""T1041"",
    ""T1136"",
    ""T1049"",
    ""T1003""
  ]
}",valid,"[{""behavior"": ""Spreads through removable devices"", ""evidence"": ""spreading primarily through removable devices like USB drives"", ""technique_id"": ""T1092"", ""justification"": ""The malware spreads through removable media, which is a direct match for T1092: Communication Through Removable Media""}, {""behavior"": ""Gathers system information"", ""evidence"": ""gathers system information and saves it in an XML file"", ""technique_id"": ""T1083"", ""justification"": ""The malware gathers system information, which is a direct match for T1083: File and Directory Discovery""}, {""behavior"": ""Creates a file on connected USB flash drive"", ""evidence"": ""creates a file named 'thumb.dd' that contains details about the infected system and activity logs"", ""technique_id"": ""T1059"", ""justification"": ""The malware creates a file, which is a direct match for T1059: Command and Scripting Interpreter""}, {""behavior"": ""Downloads encrypted binary from specified domain"", ""evidence"": ""attempts to download an encrypted binary from a specified domain"", ""technique_id"": ""T1041"", ""justification"": ""The malware downloads an encrypted binary, which is a direct match for T1041: Exfiltration Over C2 Channel""}, {""behavior"": ""Drops copy of itself onto removable media"", ""evidence"": ""drops a copy of itself onto removable media"", ""technique_id"": ""T1092"", ""justification"": ""The malware drops a copy of itself onto removable media, which is a direct match for T1092: Communication Through Removable Media""}, {""behavior"": ""Creates autorun.inf file"", ""evidence"": ""creates an autorun.inf file that instructs the system to execute the malware when the device is inserted into another computer"", ""technique_id"": ""T1136"", ""justification"": ""The malware creates an autorun.inf file, which is a direct match for T1136: Create Account""}, {""behavior"": ""Collects network-related information"", ""evidence"": ""collects network-related information, including the IP and MAC addresses of the network adapter, as well as IP addresses for the default gateway, WINS, DHCP, and DNS servers"", ""technique_id"": ""T1049"", ""justification"": ""The malware collects network-related information, which is a direct match for T1049: System Network Connections Discovery""}, {""behavior"": ""Records victim's username"", ""evidence"": ""records the victim's username and stores it in a separate file"", ""technique_id"": ""T1003"", ""justification"": ""The malware records the victim's username, which is a direct match for T1003: OS Credential Dumping""}]","T1003, T1041, T1049, T1059, T1083, T1092, T1136",,,"T1003, T1041, T1049, T1059, T1083, T1092, T1136","T1016, T1033, T1052, T1091, T1105, T1560",0.0,0.0,0.0,,9,7,2,0,7,7,4,6,"T1018, T1025, T1082, T1555",4,"T1049, T1059, T1083, T1136",4,,0,"T1052, T1560",2,,0,"T1052, T1560",2,-0.2222222222222222,-0.3333333333333333,-0.2666666666666666,high,large_fp_reduction; new_false_positives; new_false_negatives; f1_worsened; many_remaining_false_positives,,,,,
15,Enterprise,"Anchor is a backdoor malware that has been deployed alongside TrickBot on select high-profile targets since at least 2018. It communicates with its command and control (C2) servers using HTTP, HTTPS, and in some variants, DNS tunneling. Anchor can establish persistence by creating a service and is capable of terminating itself if specific execution flags are not present. The malware uses cmd.exe to execute its self-deletion routine and can hide files using the NTFS file system. After successful deployment, Anchor can self-delete its dropper and is also able to download additional payloads. Additionally, it can utilize secondary C2 servers for communication after relaying victim information to the primary C2 servers.","T1008, T1059, T1070, T1071, T1105, T1480, T1543, T1564","After analyzing the provided text, I have identified the following MITRE Enterprise attack patterns and mapped them to their corresponding technique IDs:

1. **T1059: Command and Scripting Interpreter**: Anchor uses cmd.exe to execute its self-deletion routine.
2. **T1134: Access Token Manipulation**: Not explicitly mentioned in the text, but implied as a possible action by Anchor's ability to hide files using the NTFS file system.
3. **T1547: Boot or Logon Autostart Execution**: Anchor can establish persistence by creating a service and is capable of terminating itself if specific execution flags are not present.
4. **T1048: Exfiltration Over Alternative Protocol**: Anchor communicates with its command and control (C2) servers using HTTP, HTTPS, and in some variants, DNS tunneling.
5. **T1557: Adversary-in-the-Middle**: Not explicitly mentioned in the text, but implied as a possible action by Anchor's ability to relay victim information to primary C2 servers.
6. **T1543: Create or Modify System Process**: Anchor can create a service for persistence and modify its own execution flags.
7. **T1555: Credentials from Password Stores**: Not explicitly mentioned in the text, but implied as a possible action by Anchor's ability to communicate with secondary C2 servers using victim information.

Here are the main technique IDs, excluding subtechnique IDs, separated by commas:

T1059, T1547, T1048, T1557","T1048, T1059, T1134, T1543, T1547, T1555, T1557","T1059, T1543","T1048, T1134, T1547, T1555, T1557","T1008, T1070, T1071, T1105, T1480, T1564",0.2857142857142857,0.25,0.2666666666666666,extra predicted IDs / false positives; missed gold IDs / false negatives,"{
  ""behaviors"": [
    {
      ""behavior"": ""Communicate with command and control (C2) servers using HTTP"",
      ""evidence"": ""It communicates with its command and control (C2) servers using HTTP, HTTPS, and in some variants, DNS tunneling.""
    },
    {
      ""behavior"": ""Communicate with command and control (C2) servers using HTTPS"",
      ""evidence"": ""It communicates with its command and control (C2) servers using HTTP, HTTPS, and in some variants, DNS tunneling.""
    },
    {
      ""behavior"": ""Establish persistence by creating a service"",
      ""evidence"": ""Anchor can establish persistence by creating a service""
    },
    {
      ""behavior"": ""Terminate itself if specific execution flags are not present"",
      ""evidence"": ""and is capable of terminating itself if specific execution flags are not present.""
    },
    {
      ""behavior"": ""Execute self-deletion routine using cmd.exe"",
      ""evidence"": ""The malware uses cmd.exe to execute its self-deletion routine""
    },
    {
      ""behavior"": ""Hide files using NTFS file system"",
      ""evidence"": ""can hide files using the NTFS file system.""
    },
    {
      ""behavior"": ""Self-delete dropper after successful deployment"",
      ""evidence"": ""After successful deployment, Anchor can self-delete its dropper""
    },
    {
      ""behavior"": ""Download additional payloads"",
      ""evidence"": ""and is also able to download additional payloads.""
    },
    {
      ""behavior"": ""Utilize secondary C2 servers for communication"",
      ""evidence"": ""it can utilize secondary C2 servers for communication after relaying victim information to the primary C2 servers""
    }
  ]
}",valid,"[{""behavior"": ""Communicate with command and control (C2) servers using HTTP"", ""evidence"": ""It communicates with its command and control (C2) servers using HTTP, HTTPS, and in some variants, DNS tunneling.""}, {""behavior"": ""Communicate with command and control (C2) servers using HTTPS"", ""evidence"": ""It communicates with its command and control (C2) servers using HTTP, HTTPS, and in some variants, DNS tunneling.""}, {""behavior"": ""Establish persistence by creating a service"", ""evidence"": ""Anchor can establish persistence by creating a service""}, {""behavior"": ""Terminate itself if specific execution flags are not present"", ""evidence"": ""and is capable of terminating itself if specific execution flags are not present.""}, {""behavior"": ""Execute self-deletion routine using cmd.exe"", ""evidence"": ""The malware uses cmd.exe to execute its self-deletion routine""}, {""behavior"": ""Hide files using NTFS file system"", ""evidence"": ""can hide files using the NTFS file system.""}, {""behavior"": ""Self-delete dropper after successful deployment"", ""evidence"": ""After successful deployment, Anchor can self-delete its dropper""}, {""behavior"": ""Download additional payloads"", ""evidence"": ""and is also able to download additional payloads.""}, {""behavior"": ""Utilize secondary C2 servers for communication"", ""evidence"": ""it can utilize secondary C2 servers for communication after relaying victim information to the primary C2 servers""}]","{
  ""mappings"": [
    {
      ""behavior"": ""Communicate with command and control (C2) servers using HTTP"",
      ""evidence"": ""It communicates with its command and control (C2) servers using HTTP, HTTPS, and in some variants, DNS tunneling."",
      ""technique_id"": ""T1041"",
      ""justification"": ""Direct match for Exfiltration Over C2 Channel""
    },
    {
      ""behavior"": ""Communicate with command and control (C2) servers using HTTPS"",
      ""evidence"": ""It communicates with its command and control (C2) servers using HTTP, HTTPS, and in some variants, DNS tunneling."",
      ""technique_id"": ""T1041"",
      ""justification"": ""Direct match for Exfiltration Over C2 Channel""
    },
    {
      ""behavior"": ""Establish persistence by creating a service"",
      ""evidence"": ""Anchor can establish persistence by creating a service"",
      ""technique_id"": ""T1547"",
      ""justification"": ""Direct match for Boot or Logon Autostart Execution""
    },
    {
      ""behavior"": ""Terminate itself if specific execution flags are not present"",
      ""evidence"": ""and is capable of terminating itself if specific execution flags are not present."",
      ""technique_id"": ""T1546"",
      ""justification"": ""Direct match for Event Triggered Execution""
    },
    {
      ""behavior"": ""Execute self-deletion routine using cmd.exe"",
      ""evidence"": ""The malware uses cmd.exe to execute its self-deletion routine"",
      ""technique_id"": ""T1055"",
      ""justification"": ""Direct match for Process Injection""
    },
    {
      ""behavior"": ""Hide files using NTFS file system"",
      ""evidence"": ""can hide files using the NTFS file system."",
      ""technique_id"": ""T1023"",
      ""justification"": ""Not directly supported, skipping...""
    },
    {
      ""behavior"": ""Self-delete dropper after successful deployment"",
      ""evidence"": ""After successful deployment, Anchor can self-delete its dropper"",
      ""technique_id"": ""T1055"",
      ""justification"": ""Direct match for Process Injection""
    },
    {
      ""behavior"": ""Download additional payloads"",
      ""evidence"": ""and is also able to download additional payloads."",
      ""technique_id"": ""T1106"",
      ""justification"": ""Direct match for Native API""
    },
    {
      ""behavior"": ""Utilize secondary C2 servers for communication"",
      ""evidence"": ""it can utilize secondary C2 servers for communication after relaying victim information to the primary C2 servers"",
      ""technique_id"": ""T1041"",
      ""justification"": ""Direct match for Exfiltration Over C2 Channel""
    }
  ],
  ""predicted_ids"": [
    ""T1041"",
    ""T1547"",
    ""T1546"",
    ""T1055"",
    ""T1106""
  ]
}",valid,"[{""behavior"": ""Communicate with command and control (C2) servers using HTTP"", ""evidence"": ""It communicates with its command and control (C2) servers using HTTP, HTTPS, and in some variants, DNS tunneling."", ""technique_id"": ""T1041"", ""justification"": ""Direct match for Exfiltration Over C2 Channel""}, {""behavior"": ""Communicate with command and control (C2) servers using HTTPS"", ""evidence"": ""It communicates with its command and control (C2) servers using HTTP, HTTPS, and in some variants, DNS tunneling."", ""technique_id"": ""T1041"", ""justification"": ""Direct match for Exfiltration Over C2 Channel""}, {""behavior"": ""Establish persistence by creating a service"", ""evidence"": ""Anchor can establish persistence by creating a service"", ""technique_id"": ""T1547"", ""justification"": ""Direct match for Boot or Logon Autostart Execution""}, {""behavior"": ""Terminate itself if specific execution flags are not present"", ""evidence"": ""and is capable of terminating itself if specific execution flags are not present."", ""technique_id"": ""T1546"", ""justification"": ""Direct match for Event Triggered Execution""}, {""behavior"": ""Execute self-deletion routine using cmd.exe"", ""evidence"": ""The malware uses cmd.exe to execute its self-deletion routine"", ""technique_id"": ""T1055"", ""justification"": ""Direct match for Process Injection""}, {""behavior"": ""Hide files using NTFS file system"", ""evidence"": ""can hide files using the NTFS file system."", ""technique_id"": ""T1023"", ""justification"": ""Not directly supported, skipping...""}, {""behavior"": ""Self-delete dropper after successful deployment"", ""evidence"": ""After successful deployment, Anchor can self-delete its dropper"", ""technique_id"": ""T1055"", ""justification"": ""Direct match for Process Injection""}, {""behavior"": ""Download additional payloads"", ""evidence"": ""and is also able to download additional payloads."", ""technique_id"": ""T1106"", ""justification"": ""Direct match for Native API""}, {""behavior"": ""Utilize secondary C2 servers for communication"", ""evidence"": ""it can utilize secondary C2 servers for communication after relaying victim information to the primary C2 servers"", ""technique_id"": ""T1041"", ""justification"": ""Direct match for Exfiltration Over C2 Channel""}]","T1041, T1055, T1106, T1546, T1547",,,"T1041, T1055, T1106, T1546, T1547","T1008, T1059, T1070, T1071, T1105, T1480, T1543, T1564",0.0,0.0,0.0,,7,5,2,0,5,5,6,8,"T1048, T1134, T1555, T1557",4,"T1041, T1055, T1106, T1546",4,,0,"T1059, T1543",2,,0,"T1059, T1543",2,-0.2857142857142857,-0.25,-0.2666666666666666,high,large_fp_reduction; new_false_positives; new_false_negatives; f1_worsened; many_remaining_false_positives,,,,,
43,Enterprise,"LoFiSe has been used by ToddyCat since at least 2023 to identify and collect files of interest on targeted systems. LoFiSe is capable of collecting files into password-protected ZIP archives for exfiltration. It periodically gathers all files from the working directory every three hours, placing them into a password-protected archive for later extraction. The malware also targets specific files of interest on compromised systems, saving them in the `C:\ProgramData\Microsoft\` and `C:\Windows\Temp\` folders for further evaluation and exfiltration. LoFiSe monitors the file system to identify files smaller than 6.4 MB with extensions such as .doc, .docx, .xls, .xlsx, .ppt, .pptx, .pdf, .rtf, .tif, .odt, .ods, .odp, .eml, and .msg. It has been executed through DLL side-loading as a file named `DsNcDiag.dll`.","T1005, T1074, T1083, T1119, T1560, T1574","After analyzing the provided text, I have identified the following MITRE Enterprise attack patterns and mapped them to their corresponding technique IDs:

1. **T1548**: Abuse Elevation Control Mechanism - LoFiSe monitors the file system to identify files smaller than 6.4 MB with specific extensions, which implies it is bypassing security controls.
2. **T1560**: Archive Collected Data - LoFiSe collects files into password-protected ZIP archives for exfiltration.
3. **T1059**: Command and Scripting Interpreter - LoFiSe executes through DLL side-loading as a file named `DsNcDiag.dll`, which suggests it uses a command or scripting interpreter to execute its payload.
4. **T1048**: Exfiltration Over Alternative Protocol - LoFiSe collects files into password-protected ZIP archives for exfiltration, indicating data is being transferred over an alternative protocol (e.g., ZIP archive).
5. **T1567**: Exfiltration Over Web Service - LoFiSe collects files into password-protected ZIP archives for exfiltration, which can be considered a web service-based exfiltration method.
6. **T1543**: Create or Modify System Process - LoFiSe targets specific files of interest on compromised systems and saves them in the `C:\ProgramData\Microsoft\` and `C:\Windows\Temp\` folders for further evaluation and exfiltration, implying it creates or modifies system processes.

The main techniques identified are:

T1548, T1560, T1059, T1048, T1567, T1543","T1048, T1059, T1543, T1548, T1560, T1567",T1560,"T1048, T1059, T1543, T1548, T1567","T1005, T1074, T1083, T1119, T1574",0.1666666666666666,0.1666666666666666,0.1666666666666666,extra predicted IDs / false positives; missed gold IDs / false negatives,"{
  ""behaviors"": [
    {
      ""behavior"": ""Collect files of interest"",
      ""evidence"": ""identify and collect files of interest on targeted systems""
    },
    {
      ""behavior"": ""Create password-protected ZIP archives for exfiltration"",
      ""evidence"": ""collecting files into password-protected ZIP archives for exfiltration""
    },
    {
      ""behavior"": ""Gather all files from the working directory every three hours"",
      ""evidence"": ""periodically gathers all files from the working directory every three hours""
    },
    {
      ""behavior"": ""Save specific files of interest in designated folders"",
      ""evidence"": ""saving them in the `C:\\\nProgramData\\\nMicrosoft\\\n` and `C:\\Windows\\\\Temp\\\\` folders for further evaluation and exfiltration""
    },
    {
      ""behavior"": ""Monitor file system for specific file types"",
      ""evidence"": ""monitoring the file system to identify files smaller than 6.4 MB with extensions such as .doc, .docx, .xls, .xlsx, .ppt, .pptx, .pdf, .rtf, .tif, .odt, .ods, .odp, .eml, and .msg""
    },
    {
      ""behavior"": ""Execute through DLL side-loading"",
      ""evidence"": ""It has been executed through DLL side-loading as a file named `DsNcDiag.dll`""
    }
  ]
}",valid,"[{""behavior"": ""Collect files of interest"", ""evidence"": ""identify and collect files of interest on targeted systems""}, {""behavior"": ""Create password-protected ZIP archives for exfiltration"", ""evidence"": ""collecting files into password-protected ZIP archives for exfiltration""}, {""behavior"": ""Gather all files from the working directory every three hours"", ""evidence"": ""periodically gathers all files from the working directory every three hours""}, {""behavior"": ""Save specific files of interest in designated folders"", ""evidence"": ""saving them in the `C:\\\nProgramData\\\nMicrosoft\\\n` and `C:\\Windows\\\\Temp\\\\` folders for further evaluation and exfiltration""}, {""behavior"": ""Monitor file system for specific file types"", ""evidence"": ""monitoring the file system to identify files smaller than 6.4 MB with extensions such as .doc, .docx, .xls, .xlsx, .ppt, .pptx, .pdf, .rtf, .tif, .odt, .ods, .odp, .eml, and .msg""}, {""behavior"": ""Execute through DLL side-loading"", ""evidence"": ""It has been executed through DLL side-loading as a file named `DsNcDiag.dll`""}]","{
  ""mappings"": [
    {
      ""behavior"": ""Collect files of interest"",
      ""evidence"": ""identify and collect files of interest on targeted systems"",
      ""technique_id"": ""T1059"",
      ""justification"": ""The behavior directly supports the Command and Scripting Interpreter technique, as it involves collecting files.""
    },
    {
      ""behavior"": ""Create password-protected ZIP archives for exfiltration"",
      ""evidence"": ""collecting files into password-protected ZIP archives for exfiltration"",
      ""technique_id"": ""T1041"",
      ""justification"": ""The behavior directly supports the Exfiltration Over C2 Channel technique, as it involves collecting files and sending them over a channel.""
    },
    {
      ""behavior"": ""Gather all files from the working directory every three hours"",
      ""evidence"": ""periodically gathers all files from the working directory every three hours"",
      ""technique_id"": ""T1059"",
      ""justification"": ""The behavior directly supports the Command and Scripting Interpreter technique, as it involves collecting files.""
    },
    {
      ""behavior"": ""Save specific files of interest in designated folders"",
      ""evidence"": ""saving them in the `C:\\\nProgramData\\\nMicrosoft\\\n` and `C:\\Windows\\\\Temp\\\\` folders for further evaluation and exfiltration"",
      ""technique_id"": ""T1059"",
      ""justification"": ""The behavior directly supports the Command and Scripting Interpreter technique, as it involves collecting files.""
    },
    {
      ""behavior"": ""Monitor file system for specific file types"",
      ""evidence"": ""monitoring the file system to identify files smaller than 6.4 MB with extensions such as .doc, .docx, .xls, .xlsx, .ppt, .pptx, .pdf, .rtf, .tif, .odt, .ods, .odp, .eml, and .msg"",
      ""technique_id"": ""T1040"",
      ""justification"": ""The behavior directly supports the Network Sniffing technique, as it involves monitoring network traffic.""
    },
    {
      ""behavior"": ""Execute through DLL side-loading"",
      ""evidence"": ""It has been executed through DLL side-loading as a file named `DsNcDiag.dll`"",
      ""technique_id"": ""T1219"",
      ""justification"": ""The behavior directly supports the Remote Access Software technique, as it involves executing code remotely.""
    }
  ],
  ""predicted_ids"": [
    ""T1059"",
    ""T1041"",
    ""T1040"",
    ""T1219""
  ]
}",valid,"[{""behavior"": ""Collect files of interest"", ""evidence"": ""identify and collect files of interest on targeted systems"", ""technique_id"": ""T1059"", ""justification"": ""The behavior directly supports the Command and Scripting Interpreter technique, as it involves collecting files.""}, {""behavior"": ""Create password-protected ZIP archives for exfiltration"", ""evidence"": ""collecting files into password-protected ZIP archives for exfiltration"", ""technique_id"": ""T1041"", ""justification"": ""The behavior directly supports the Exfiltration Over C2 Channel technique, as it involves collecting files and sending them over a channel.""}, {""behavior"": ""Gather all files from the working directory every three hours"", ""evidence"": ""periodically gathers all files from the working directory every three hours"", ""technique_id"": ""T1059"", ""justification"": ""The behavior directly supports the Command and Scripting Interpreter technique, as it involves collecting files.""}, {""behavior"": ""Save specific files of interest in designated folders"", ""evidence"": ""saving them in the `C:\\\nProgramData\\\nMicrosoft\\\n` and `C:\\Windows\\\\Temp\\\\` folders for further evaluation and exfiltration"", ""technique_id"": ""T1059"", ""justification"": ""The behavior directly supports the Command and Scripting Interpreter technique, as it involves collecting files.""}, {""behavior"": ""Monitor file system for specific file types"", ""evidence"": ""monitoring the file system to identify files smaller than 6.4 MB with extensions such as .doc, .docx, .xls, .xlsx, .ppt, .pptx, .pdf, .rtf, .tif, .odt, .ods, .odp, .eml, and .msg"", ""technique_id"": ""T1040"", ""justification"": ""The behavior directly supports the Network Sniffing technique, as it involves monitoring network traffic.""}, {""behavior"": ""Execute through DLL side-loading"", ""evidence"": ""It has been executed through DLL side-loading as a file named `DsNcDiag.dll`"", ""technique_id"": ""T1219"", ""justification"": ""The behavior directly supports the Remote Access Software technique, as it involves executing code remotely.""}]","T1040, T1041, T1059, T1219",,,"T1040, T1041, T1059, T1219","T1005, T1074, T1083, T1119, T1560, T1574",0.0,0.0,0.0,,6,4,1,0,5,4,5,6,"T1048, T1543, T1548, T1567",4,"T1040, T1041, T1219",3,,0,T1560,1,,0,T1560,1,-0.1666666666666666,-0.1666666666666666,-0.1666666666666666,high,large_fp_reduction; new_false_positives; new_false_negatives; f1_worsened; many_remaining_false_positives,,,,,
8,Enterprise,"ADVSTORESHELL is a spying backdoor associated with APT28, active from at least 2012 to 2016. It is typically used for long-term espionage on targets identified as valuable after an initial reconnaissance phase. ADVSTORESHELL communicates with its command and control (C2) server via port 80 using the Wininet API, exchanging data through HTTP POST requests. Before exfiltration, the backdoor encrypts data using the 3DES algorithm with a hardcoded key. Persistence is achieved by adding itself to the HKCU\SOFTWARE\Microsoft\Windows\CurrentVersion\Run Registry key. ADVSTORESHELL can create a remote shell and execute specified commands, with command execution output stored in a .dat file in the %TEMP% directory. Its C2 traffic is encrypted and then encoded with Base64. Some variants of ADVSTORESHELL also use 3DES encryption for C2 communications.","T1059, T1071, T1074, T1132, T1547, T1560, T1573","After analyzing the provided text, I have identified the following MITRE Enterprise attack patterns and mapped them to their corresponding technique IDs:

1. **T1010: Application Window Discovery** - The backdoor communicates with its C2 server via port 80 using the Wininet API.
2. **T1059: Command and Scripting Interpreter** - ADVSTORESHELL can create a remote shell and execute specified commands.
3. **T1048: Exfiltration Over Alternative Protocol** - The backdoor encrypts data using the 3DES algorithm with a hardcoded key before exfiltration.
4. **T1011: Exfiltration Over Other Network Medium** - C2 traffic is encrypted and then encoded with Base64.
5. **T1052: Exfiltration Over Physical Medium** - Some variants of ADVSTORESHELL also use 3DES encryption for C2 communications.
6. **T1547: Boot or Logon Autostart Execution** - Persistence is achieved by adding itself to the HKCU\SOFTWARE\Microsoft\Windows\CurrentVersion\Run Registry key.

Here are the main technique IDs, excluding subtechnique IDs:

T1010, T1059, T1048, T1011, T1052, T1547","T1010, T1011, T1048, T1052, T1059, T1547","T1059, T1547","T1010, T1011, T1048, T1052","T1071, T1074, T1132, T1560, T1573",0.3333333333333333,0.2857142857142857,0.3076923076923076,extra predicted IDs / false positives; missed gold IDs / false negatives,"{
  ""behaviors"": [
    {
      ""behavior"": ""Communicate with command and control server via port 80"",
      ""evidence"": ""communicates with its command and control (C2) server via port 80""
    },
    {
      ""behavior"": ""Exchange data through HTTP POST requests"",
      ""evidence"": ""exchanging data through HTTP POST requests""
    },
    {
      ""behavior"": ""Encrypt data using the 3DES algorithm with a hardcoded key"",
      ""evidence"": ""the backdoor encrypts data using the 3DES algorithm with a hardcoded key""
    },
    {
      ""behavior"": ""Add itself to HKCU\/software registry key for persistence"",
      ""evidence"": ""adding itself to the HKCU\\SOFTWARE\\Microsoft\\Windows\\CurrentVersion\\Run Registry key""
    },
    {
      ""behavior"": ""Create remote shell and execute specified commands"",
      ""evidence"": ""create a remote shell and execute specified commands""
    },
    {
      ""behavior"": ""Store command execution output in .dat file in %TEMP% directory"",
      ""evidence"": ""command execution output stored in a .dat file in the %TEMP% directory""
    },
    {
      ""behavior"": ""Encrypt C2 traffic with 3DES algorithm"",
      ""evidence"": ""encrypted and then encoded with Base64""
    }
  ]
}",valid,"[{""behavior"": ""Communicate with command and control server via port 80"", ""evidence"": ""communicates with its command and control (C2) server via port 80""}, {""behavior"": ""Exchange data through HTTP POST requests"", ""evidence"": ""exchanging data through HTTP POST requests""}, {""behavior"": ""Encrypt data using the 3DES algorithm with a hardcoded key"", ""evidence"": ""the backdoor encrypts data using the 3DES algorithm with a hardcoded key""}, {""behavior"": ""Add itself to HKCU/software registry key for persistence"", ""evidence"": ""adding itself to the HKCU\\SOFTWARE\\Microsoft\\Windows\\CurrentVersion\\Run Registry key""}, {""behavior"": ""Create remote shell and execute specified commands"", ""evidence"": ""create a remote shell and execute specified commands""}, {""behavior"": ""Store command execution output in .dat file in %TEMP% directory"", ""evidence"": ""command execution output stored in a .dat file in the %TEMP% directory""}, {""behavior"": ""Encrypt C2 traffic with 3DES algorithm"", ""evidence"": ""encrypted and then encoded with Base64""}]","{
  ""mappings"": [
    {
      ""behavior"": ""Communicate with command and control server via port 80"",
      ""evidence"": ""communicates with its command and control (C2) server via port 80"",
      ""technique_id"": ""T1041"",
      ""justification"": ""The behavior directly supports the technique ID T1041: Exfiltration Over C2 Channel""
    },
    {
      ""behavior"": ""Exchange data through HTTP POST requests"",
      ""evidence"": ""exchanging data through HTTP POST requests"",
      ""technique_id"": ""T1059"",
      ""justification"": ""The behavior directly supports the technique ID T1059: Command and Scripting Interpreter""
    },
    {
      ""behavior"": ""Encrypt data using the 3DES algorithm with a hardcoded key"",
      ""evidence"": ""the backdoor encrypts data using the 3DES algorithm with a hardcoded key"",
      ""technique_id"": ""T1486"",
      ""justification"": ""The behavior directly supports the technique ID T1486: Data Encrypted for Impact""
    },
    {
      ""behavior"": ""Add itself to HKCU/software registry key for persistence"",
      ""evidence"": ""adding itself to the HKCU\\SOFTWARE\\Microsoft\\Windows\\CurrentVersion\\Run Registry key"",
      ""technique_id"": ""T1543"",
      ""justification"": ""The behavior directly supports the technique ID T1543: Create or Modify System Process""
    },
    {
      ""behavior"": ""Create remote shell and execute specified commands"",
      ""evidence"": ""create a remote shell and execute specified commands"",
      ""technique_id"": ""T1212"",
      ""justification"": ""The behavior directly supports the technique ID T1212: Exploitation for Credential Access""
    },
    {
      ""behavior"": ""Store command execution output in .dat file in %TEMP% directory"",
      ""evidence"": ""command execution output stored in a .dat file in the %TEMP% directory"",
      ""technique_id"": ""T1057"",
      ""justification"": ""The behavior directly supports the technique ID T1057: Process Discovery""
    },
    {
      ""behavior"": ""Encrypt C2 traffic with 3DES algorithm"",
      ""evidence"": ""encrypted and then encoded with Base64"",
      ""technique_id"": ""T1486"",
      ""justification"": ""The behavior directly supports the technique ID T1486: Data Encrypted for Impact""
    }
  ],
  ""predicted_ids"": [
    ""T1041"",
    ""T1059"",
    ""T1486"",
    ""T1543"",
    ""T1212"",
    ""T1057""
  ]
}",valid,"[{""behavior"": ""Communicate with command and control server via port 80"", ""evidence"": ""communicates with its command and control (C2) server via port 80"", ""technique_id"": ""T1041"", ""justification"": ""The behavior directly supports the technique ID T1041: Exfiltration Over C2 Channel""}, {""behavior"": ""Exchange data through HTTP POST requests"", ""evidence"": ""exchanging data through HTTP POST requests"", ""technique_id"": ""T1059"", ""justification"": ""The behavior directly supports the technique ID T1059: Command and Scripting Interpreter""}, {""behavior"": ""Encrypt data using the 3DES algorithm with a hardcoded key"", ""evidence"": ""the backdoor encrypts data using the 3DES algorithm with a hardcoded key"", ""technique_id"": ""T1486"", ""justification"": ""The behavior directly supports the technique ID T1486: Data Encrypted for Impact""}, {""behavior"": ""Add itself to HKCU/software registry key for persistence"", ""evidence"": ""adding itself to the HKCU\\SOFTWARE\\Microsoft\\Windows\\CurrentVersion\\Run Registry key"", ""technique_id"": ""T1543"", ""justification"": ""The behavior directly supports the technique ID T1543: Create or Modify System Process""}, {""behavior"": ""Create remote shell and execute specified commands"", ""evidence"": ""create a remote shell and execute specified commands"", ""technique_id"": ""T1212"", ""justification"": ""The behavior directly supports the technique ID T1212: Exploitation for Credential Access""}, {""behavior"": ""Store command execution output in .dat file in %TEMP% directory"", ""evidence"": ""command execution output stored in a .dat file in the %TEMP% directory"", ""technique_id"": ""T1057"", ""justification"": ""The behavior directly supports the technique ID T1057: Process Discovery""}, {""behavior"": ""Encrypt C2 traffic with 3DES algorithm"", ""evidence"": ""encrypted and then encoded with Base64"", ""technique_id"": ""T1486"", ""justification"": ""The behavior directly supports the technique ID T1486: Data Encrypted for Impact""}]","T1041, T1057, T1059, T1212, T1486, T1543",,T1059,"T1041, T1057, T1212, T1486, T1543","T1071, T1074, T1132, T1547, T1560, T1573",0.1666666666666666,0.1428571428571428,0.1538461538461538,,6,6,2,1,4,5,5,6,"T1010, T1011, T1048, T1052",4,"T1041, T1057, T1212, T1486, T1543",5,,0,T1547,1,,0,T1547,1,-0.1666666666666667,-0.1428571428571429,-0.1538461538461538,high,large_fp_reduction; new_false_positives; new_false_negatives; f1_worsened; many_remaining_false_positives,,,,,
46,Enterprise,"WIREFIRE is a web shell written in Python that exists as trojanized logic to the visits.py component of Ivanti Connect Secure VPN appliances. WIREFIRE was used during Cutting Edge for downloading files and command execution. WIREFIRE can respond to specific HTTP POST requests to /api/v1/cav/client/visits. WIREFIRE can modify the visits.py component of Ivanti Connect Secure VPNs for file download and arbitrary command execution. WIREFIRE can Base64 encode process output sent to C2. WIREFIRE can decode, decrypt, and decompress data received in C2 HTTP POST requests. WIREFIRE can AES encrypt process output sent from compromised devices to C2. WIREFIRE has the ability to download files to compromised devices. WIREFIRE is a web shell that can download files to and execute arbitrary commands from compromised Ivanti Connect Secure VPNs.","T1071, T1105, T1132, T1140, T1505, T1554, T1573","After analyzing the provided text, I have identified several MITRE Enterprise attack patterns and mapped them to their corresponding technique IDs. Here are the extracted techniques with reasoning for each identification:

1. **T1059: Command and Scripting Interpreter**: WIREFIRE is a web shell that can execute arbitrary commands on compromised Ivanti Connect Secure VPNs.
2. **T1041: Exfiltration Over C2 Channel**: WIREFIRE can Base64 encode process output sent to C2, indicating data exfiltration over a C2 channel.
3. **T1057: Process Discovery**: WIREFIRE can modify the visits.py component of Ivanti Connect Secure VPNs for file download and arbitrary command execution, which implies process discovery.
4. **T1048: Exfiltration Over Alternative Protocol**: WIREFIRE can AES encrypt process output sent from compromised devices to C2, indicating exfiltration over an alternative protocol (AES encryption).
5. **T1056: Input Capture**: WIREFIRE can respond to specific HTTP POST requests to /api/v1/cav/client/visits, which implies input capture.
6. **T1040: Network Sniffing**: WIREFIRE can decode, decrypt, and decompress data received in C2 HTTP POST requests, indicating network sniffing capabilities.
7. **T1053: Scheduled Task/Job**: WIREFIRE can modify the visits.py component of Ivanti Connect Secure VPNs for file download and arbitrary command execution, which implies scheduled task/job creation.

Here are the main technique IDs (excluding subtechnique IDs) separated by commas:

T1059, T1041, T1057, T1048, T1056, T1040","T1040, T1041, T1048, T1053, T1056, T1057, T1059",,"T1040, T1041, T1048, T1053, T1056, T1057, T1059","T1071, T1105, T1132, T1140, T1505, T1554, T1573",0.0,0.0,0.0,extra predicted IDs / false positives; missed gold IDs / false negatives,"{
  ""behaviors"": [
    {
      ""behavior"": ""Download files"",
      ""evidence"": ""WIREFIRE has the ability to download files to compromised devices.""
    },
    {
      ""behavior"": ""Execute arbitrary commands"",
      ""evidence"": ""WIREFIRE can modify the visits.py component of Ivanti Connect Secure VPNs for file download and arbitrary command execution.""
    },
    {
      ""behavior"": ""Respond to HTTP POST requests"",
      ""evidence"": ""WIREFIRE can respond to specific HTTP POST requests to /api/v1/cav/client/visits.""
    },
    {
      ""behavior"": ""Base64 encode process output"",
      ""evidence"": ""WIREFIRE can Base64 encode process output sent to C2.""
    },
    {
      ""behavior"": ""Decode, decrypt, and decompress data"",
      ""evidence"": ""WIREFIRE can decode, decrypt, and decompress data received in C2 HTTP POST requests.""
    },
    {
      ""behavior"": ""AES encrypt process output"",
      ""evidence"": ""WIREFIRE can AES encrypt process output sent from compromised devices to C2.""
    }
  ]
}",valid,"[{""behavior"": ""Download files"", ""evidence"": ""WIREFIRE has the ability to download files to compromised devices.""}, {""behavior"": ""Execute arbitrary commands"", ""evidence"": ""WIREFIRE can modify the visits.py component of Ivanti Connect Secure VPNs for file download and arbitrary command execution.""}, {""behavior"": ""Respond to HTTP POST requests"", ""evidence"": ""WIREFIRE can respond to specific HTTP POST requests to /api/v1/cav/client/visits.""}, {""behavior"": ""Base64 encode process output"", ""evidence"": ""WIREFIRE can Base64 encode process output sent to C2.""}, {""behavior"": ""Decode, decrypt, and decompress data"", ""evidence"": ""WIREFIRE can decode, decrypt, and decompress data received in C2 HTTP POST requests.""}, {""behavior"": ""AES encrypt process output"", ""evidence"": ""WIREFIRE can AES encrypt process output sent from compromised devices to C2.""}]","{
  ""mappings"": [
    {
      ""behavior"": ""Download files"",
      ""evidence"": ""WIREFIRE has the ability to download files to compromised devices."",
      ""technique_id"": ""T1059"",
      ""justification"": ""The behavior of downloading files directly supports the Command and Scripting Interpreter technique.""
    },
    {
      ""behavior"": ""Execute arbitrary commands"",
      ""evidence"": ""WIREFIRE can modify the visits.py component of Ivanti Connect Secure VPNs for file download and arbitrary command execution."",
      ""technique_id"": ""T1059"",
      ""justification"": ""The behavior of executing arbitrary commands directly supports the Command and Scripting Interpreter technique.""
    },
    {
      ""behavior"": ""Respond to HTTP POST requests"",
      ""evidence"": ""WIREFIRE can respond to specific HTTP POST requests to /api/v1/cav/client/visits."",
      ""technique_id"": ""T1041"",
      ""justification"": ""The behavior of responding to HTTP POST requests directly supports the Exfiltration Over C2 Channel technique.""
    },
    {
      ""behavior"": ""Base64 encode process output"",
      ""evidence"": ""WIREFIRE can Base64 encode process output sent to C2."",
      ""technique_id"": ""T1021"",
      ""justification"": ""The behavior of encoding process output directly supports the Data Obfuscation technique.""
    },
    {
      ""behavior"": ""Decode, decrypt, and decompress data"",
      ""evidence"": ""WIREFIRE can decode, decrypt, and decompress data received in C2 HTTP POST requests."",
      ""technique_id"": ""T1486"",
      ""justification"": ""The behavior of decoding, decrypting, and decompressing data directly supports the Data Encrypted for Impact technique.""
    },
    {
      ""behavior"": ""AES encrypt process output"",
      ""evidence"": ""WIREFIRE can AES encrypt process output sent from compromised devices to C2."",
      ""technique_id"": ""T1048"",
      ""justification"": ""The behavior of encrypting process output directly supports the Exfiltration Over Alternative Protocol technique.""
    }
  ],
  ""predicted_ids"": [
    ""T1059"",
    ""T1041"",
    ""T1021"",
    ""T1486"",
    ""T1048""
  ]
}",valid,"[{""behavior"": ""Download files"", ""evidence"": ""WIREFIRE has the ability to download files to compromised devices."", ""technique_id"": ""T1059"", ""justification"": ""The behavior of downloading files directly supports the Command and Scripting Interpreter technique.""}, {""behavior"": ""Execute arbitrary commands"", ""evidence"": ""WIREFIRE can modify the visits.py component of Ivanti Connect Secure VPNs for file download and arbitrary command execution."", ""technique_id"": ""T1059"", ""justification"": ""The behavior of executing arbitrary commands directly supports the Command and Scripting Interpreter technique.""}, {""behavior"": ""Respond to HTTP POST requests"", ""evidence"": ""WIREFIRE can respond to specific HTTP POST requests to /api/v1/cav/client/visits."", ""technique_id"": ""T1041"", ""justification"": ""The behavior of responding to HTTP POST requests directly supports the Exfiltration Over C2 Channel technique.""}, {""behavior"": ""Base64 encode process output"", ""evidence"": ""WIREFIRE can Base64 encode process output sent to C2."", ""technique_id"": ""T1021"", ""justification"": ""The behavior of encoding process output directly supports the Data Obfuscation technique.""}, {""behavior"": ""Decode, decrypt, and decompress data"", ""evidence"": ""WIREFIRE can decode, decrypt, and decompress data received in C2 HTTP POST requests."", ""technique_id"": ""T1486"", ""justification"": ""The behavior of decoding, decrypting, and decompressing data directly supports the Data Encrypted for Impact technique.""}, {""behavior"": ""AES encrypt process output"", ""evidence"": ""WIREFIRE can AES encrypt process output sent from compromised devices to C2."", ""technique_id"": ""T1048"", ""justification"": ""The behavior of encrypting process output directly supports the Exfiltration Over Alternative Protocol technique.""}]","T1021, T1041, T1048, T1059, T1486",,,"T1021, T1041, T1048, T1059, T1486","T1071, T1105, T1132, T1140, T1505, T1554, T1573",0.0,0.0,0.0,,7,5,0,0,7,5,7,7,"T1040, T1053, T1056, T1057",4,"T1021, T1486",2,,0,,0,,0,,0,0.0,0.0,0.0,high,large_fp_reduction; new_false_positives; many_remaining_false_positives,,,,,
22,Mobile,"Anubis is Android malware that was initially developed for cyber espionage but has since been repurposed as a banking trojan. This malware is capable of exfiltrating data encrypted with RC4 via its ransomware module and can also record phone calls and audio, as well as make phone calls.  Anubis includes a ransomware module that can encrypt device data and hold it for ransom, while also exfiltrating the encrypted files from the device. Additionally, it can modify external storage and download attacker-specified APK files. To resist uninstallation, Anubis exploits the Android performGlobalAction(int) API call. The malware features a keylogger that functions across all applications on the device and can track the device’s GPS location. Anubis has requested accessibility service privileges while masquerading as ""Google Play Protect"" and has disguised additional malicious application installations as legitimate system updates.","T1407, T1417, T1429, T1430, T1471, T1532, T1533, T1616, T1629, T1655","After analyzing the text, I have identified the following MITRE Mobile attack patterns and mapped them to their corresponding technique IDs:

1. **T1626: Abuse Elevation Control Mechanism** - Anubis exploits the Android performGlobalAction(int) API call to resist uninstallation.
2. **T1429: Audio Capture** - Anubis can record phone calls and audio.
3. **T1616: Call Control** - Anubis can make phone calls.
4. **T1417: Input Capture** - Anubis features a keylogger that functions across all applications on the device.
5. **T1430: Location Tracking** - Anubis can track the device’s GPS location.
6. **T1643: Generate Traffic from Victim** - Anubis exfiltrates data encrypted with RC4 via its ransomware module and can also download attacker-specified APK files, generating traffic from the victim's device.
7. **T1639: Exfiltration Over Alternative Protocol** - Anubis exfiltrates the encrypted files from the device using an alternative protocol (RC4).
8. **T1655: Masquerading** - Anubis has disguised additional malicious application installations as legitimate system updates and masqueraded as ""Google Play Protect"" to request accessibility service privileges.
9. **T1577: Compromise Application Executable** - Anubis can modify external storage.

Here are the main technique IDs, excluding subtechnique IDs:

T1626, T1429, T1616, T1417, T1430, T1643, T1639, T1655, T1577","T1417, T1429, T1430, T1577, T1616, T1626, T1639, T1643, T1655","T1417, T1429, T1430, T1616, T1655","T1577, T1626, T1639, T1643","T1407, T1471, T1532, T1533, T1629",0.5555555555555556,0.5,0.5263157894736842,extra predicted IDs / false positives; missed gold IDs / false negatives,"{
  ""behaviors"": [
    {
      ""behavior"": ""Exfiltrate data encrypted with RC4"",
      ""evidence"": ""exfiltrating data encrypted with RC4 via its ransomware module""
    },
    {
      ""behavior"": ""Record phone calls and audio"",
      ""evidence"": ""record phone calls and audio""
    },
    {
      ""behavior"": ""Make phone calls"",
      ""evidence"": ""make phone calls""
    },
    {
      ""behavior"": ""Encrypt device data and hold it for ransom"",
      ""evidence"": ""encrypt device data and hold it for ransom""
    },
    {
      ""behavior"": ""Exfiltrate encrypted files from the device"",
      ""evidence"": ""exfiltrating the encrypted files from the device""
    },
    {
      ""behavior"": ""Modify external storage"",
      ""evidence"": ""modify external storage""
    },
    {
      ""behavior"": ""Download attacker-specified APK files"",
      ""evidence"": ""download attacker-specified APK files""
    },
    {
      ""behavior"": ""Exploit the Android performGlobalAction(int) API call to resist uninstallation"",
      ""evidence"": ""exploits the Android performGlobalAction(int) API call""
    },
    {
      ""behavior"": ""Use a keylogger across all applications on the device"",
      ""evidence"": ""a keylogger that functions across all applications on the device""
    },
    {
      ""behavior"": ""Track the device’s GPS location"",
      ""evidence"": ""track the device’s GPS location""
    },
    {
      ""behavior"": ""Request accessibility service privileges by masquerading as 'Google Play Protect'"",
      ""evidence"": ""has requested accessibility service privileges while masquerading as \""Google Play Protect\""""
    },
    {
      ""behavior"": ""Disguise malicious application installations as legitimate system updates"",
      ""evidence"": ""has disguised additional malicious application installations as legitimate system updates""
    }
  ]
}",valid,"[{""behavior"": ""Exfiltrate data encrypted with RC4"", ""evidence"": ""exfiltrating data encrypted with RC4 via its ransomware module""}, {""behavior"": ""Record phone calls and audio"", ""evidence"": ""record phone calls and audio""}, {""behavior"": ""Make phone calls"", ""evidence"": ""make phone calls""}, {""behavior"": ""Encrypt device data and hold it for ransom"", ""evidence"": ""encrypt device data and hold it for ransom""}, {""behavior"": ""Exfiltrate encrypted files from the device"", ""evidence"": ""exfiltrating the encrypted files from the device""}, {""behavior"": ""Modify external storage"", ""evidence"": ""modify external storage""}, {""behavior"": ""Download attacker-specified APK files"", ""evidence"": ""download attacker-specified APK files""}, {""behavior"": ""Exploit the Android performGlobalAction(int) API call to resist uninstallation"", ""evidence"": ""exploits the Android performGlobalAction(int) API call""}, {""behavior"": ""Use a keylogger across all applications on the device"", ""evidence"": ""a keylogger that functions across all applications on the device""}, {""behavior"": ""Track the device’s GPS location"", ""evidence"": ""track the device’s GPS location""}, {""behavior"": ""Request accessibility service privileges by masquerading as 'Google Play Protect'"", ""evidence"": ""has requested accessibility service privileges while masquerading as \""Google Play Protect\""""}, {""behavior"": ""Disguise malicious application installations as legitimate system updates"", ""evidence"": ""has disguised additional malicious application installations as legitimate system updates""}]","{
  ""mappings"": [
    {
      ""behavior"": ""Exfiltrate data encrypted with RC4"",
      ""evidence"": ""exfiltrating data encrypted with RC4 via its ransomware module"",
      ""technique_id"": ""T1471"",
      ""justification"": ""Data Encrypted for Impact""
    },
    {
      ""behavior"": ""Record phone calls and audio"",
      ""evidence"": ""record phone calls and audio"",
      ""technique_id"": ""T1429"",
      ""justification"": ""Audio Capture""
    },
    {
      ""behavior"": ""Make phone calls"",
      ""evidence"": ""make phone calls"",
      ""technique_id"": ""None"",
      ""justification"": """"
    },
    {
      ""behavior"": ""Encrypt device data and hold it for ransom"",
      ""evidence"": ""encrypt device data and hold it for ransom"",
      ""technique_id"": ""T1471"",
      ""justification"": ""Data Encrypted for Impact""
    },
    {
      ""behavior"": ""Exfiltrate encrypted files from the device"",
      ""evidence"": ""exfiltrating the encrypted files from the device"",
      ""technique_id"": ""T1639"",
      ""justification"": ""Exfiltration Over Alternative Protocol""
    },
    {
      ""behavior"": ""Modify external storage"",
      ""evidence"": ""modify external storage"",
      ""technique_id"": ""None"",
      ""justification"": """"
    },
    {
      ""behavior"": ""Download attacker-specified APK files"",
      ""evidence"": ""download attacker-specified APK files"",
      ""technique_id"": ""T1456"",
      ""justification"": ""Drive-By Compromise""
    },
    {
      ""behavior"": ""Exploit the Android performGlobalAction(int) API call to resist uninstallation"",
      ""evidence"": ""exploits the Android performGlobalAction(int) API call"",
      ""technique_id"": ""None"",
      ""justification"": """"
    },
    {
      ""behavior"": ""Use a keylogger across all applications on the device"",
      ""evidence"": ""a keylogger that functions across all applications on the device"",
      ""technique_id"": ""T1516"",
      ""justification"": ""Input Injection""
    },
    {
      ""behavior"": ""Track the device’s GPS location"",
      ""evidence"": ""track the device’s GPS location"",
      ""technique_id"": ""T1430"",
      ""justification"": ""Location Tracking""
    },
    {
      ""behavior"": ""Request accessibility service privileges by masquerading as 'Google Play Protect'"",
      ""evidence"": ""has requested accessibility service privileges while masquerading as \""Google Play Protect\"""",
      ""technique_id"": ""T1655"",
      ""justification"": ""Masquerading""
    },
    {
      ""behavior"": ""Disguise malicious application installations as legitimate system updates"",
      ""evidence"": ""has disguised additional malicious application installations as legitimate system updates"",
      ""technique_id"": ""None"",
      ""justification"": """"
    }
  ],
  ""predicted_ids"": [
    ""T1471"",
    ""T1429"",
    ""T1456"",
    ""T1430"",
    ""T1655""
  ]
}",valid,"[{""behavior"": ""Exfiltrate data encrypted with RC4"", ""evidence"": ""exfiltrating data encrypted with RC4 via its ransomware module"", ""technique_id"": ""T1471"", ""justification"": ""Data Encrypted for Impact""}, {""behavior"": ""Record phone calls and audio"", ""evidence"": ""record phone calls and audio"", ""technique_id"": ""T1429"", ""justification"": ""Audio Capture""}, {""behavior"": ""Make phone calls"", ""evidence"": ""make phone calls"", ""technique_id"": ""None"", ""justification"": """"}, {""behavior"": ""Encrypt device data and hold it for ransom"", ""evidence"": ""encrypt device data and hold it for ransom"", ""technique_id"": ""T1471"", ""justification"": ""Data Encrypted for Impact""}, {""behavior"": ""Exfiltrate encrypted files from the device"", ""evidence"": ""exfiltrating the encrypted files from the device"", ""technique_id"": ""T1639"", ""justification"": ""Exfiltration Over Alternative Protocol""}, {""behavior"": ""Modify external storage"", ""evidence"": ""modify external storage"", ""technique_id"": ""None"", ""justification"": """"}, {""behavior"": ""Download attacker-specified APK files"", ""evidence"": ""download attacker-specified APK files"", ""technique_id"": ""T1456"", ""justification"": ""Drive-By Compromise""}, {""behavior"": ""Exploit the Android performGlobalAction(int) API call to resist uninstallation"", ""evidence"": ""exploits the Android performGlobalAction(int) API call"", ""technique_id"": ""None"", ""justification"": """"}, {""behavior"": ""Use a keylogger across all applications on the device"", ""evidence"": ""a keylogger that functions across all applications on the device"", ""technique_id"": ""T1516"", ""justification"": ""Input Injection""}, {""behavior"": ""Track the device’s GPS location"", ""evidence"": ""track the device’s GPS location"", ""technique_id"": ""T1430"", ""justification"": ""Location Tracking""}, {""behavior"": ""Request accessibility service privileges by masquerading as 'Google Play Protect'"", ""evidence"": ""has requested accessibility service privileges while masquerading as \""Google Play Protect\"""", ""technique_id"": ""T1655"", ""justification"": ""Masquerading""}, {""behavior"": ""Disguise malicious application installations as legitimate system updates"", ""evidence"": ""has disguised additional malicious application installations as legitimate system updates"", ""technique_id"": ""None"", ""justification"": """"}]","T1429, T1430, T1456, T1471, T1655",,"T1429, T1430, T1471, T1655",T1456,"T1407, T1417, T1532, T1533, T1616, T1629",0.8,0.4,0.5333333333333333,,9,5,5,4,4,1,5,6,"T1577, T1626, T1639, T1643",4,T1456,1,T1471,1,"T1417, T1616",2,T1471,1,"T1417, T1616",2,0.24444444444444446,-0.09999999999999998,0.007017543859649145,high,large_fp_reduction; new_false_positives; gold_ids_recovered; new_false_negatives,,,,,
12,Mobile,"AhRat is an Android remote access tool (RAT) derived from the open-source AhMyth RAT. It began spreading in August 2022 through an update to the previously benign app ""iRecorder – Screen Recorder,"" which was originally released on the Google Play Store in September 2021. AhRat is capable of communicating with its command and control (C2) server via HTTPS requests. It can record audio using the device’s microphone and register with the BOOT_COMPLETED broadcast to start automatically when the device is powered on. AhRat can search for and exfiltrate files with specific extensions, such as .jpg, .mp4, .html, .docx, and .pdf, as well as enumerate files stored on external storage. Additionally, it can register with the CONNECTIVITY_CHANGE and WIFI_STATE_CHANGED broadcast events to trigger further functionality. The malware can also track the device's location and exfiltrate collected data, including audio recordings and files, to the C2 server.","T1398, T1420, T1429, T1430, T1437, T1521, T1533, T1624, T1646","After analyzing the text, I have identified the following MITRE Mobile attack patterns and mapped them to their corresponding technique IDs:

1. **T1626: Abuse Elevation Control Mechanism** - AhRat can register with the BOOT_COMPLETED broadcast to start automatically when the device is powered on, which implies abuse of elevation control mechanism.
2. **T1517: Access Notifications** - AhRat can search for and exfiltrate files with specific extensions, as well as enumerate files stored on external storage, indicating access notifications.
3. **T1429: Audio Capture** - AhRat can record audio using the device's microphone, which is a clear example of audio capture.
4. **T1637: Dynamic Resolution** - AhRat can register with the CONNECTIVITY_CHANGE and WIFI_STATE_CHANGED broadcast events to trigger further functionality, indicating dynamic resolution.
5. **T1533: Data from Local System** - AhRat can exfiltrate collected data, including audio recordings and files, to the C2 server, which implies data collection from the local system.
6. **T1639: Exfiltration Over Alternative Protocol** - AhRat communicates with its C2 server via HTTPS requests, indicating exfiltration over an alternative protocol (HTTPS).
7. **T1646: Exfiltration Over C2 Channel** - AhRat can exfiltrate collected data to the C2 server, which implies exfiltration over a C2 channel.
8. **T1430: Location Tracking** - AhRat can track the device's location and exfiltrate collected data, including audio recordings and files, to the C2 server, indicating location tracking.
9. **T1423: Network Service Scanning** - AhRat can search for and exfiltrate files with specific extensions, as well as enumerate files stored on external storage, which implies network service scanning.

Here are the main technique IDs, excluding subtechnique IDs:

T1626, T1517, T1429, T1637, T1533, T1639, T1646, T1430, T1423","T1423, T1429, T1430, T1517, T1533, T1626, T1637, T1639, T1646","T1429, T1430, T1533, T1646","T1423, T1517, T1626, T1637, T1639","T1398, T1420, T1437, T1521, T1624",0.4444444444444444,0.4444444444444444,0.4444444444444444,extra predicted IDs / false positives; missed gold IDs / false negatives,"{
  ""behaviors"": [
    {
      ""behavior"": ""Communicate with command and control (C2) server via HTTPS requests"",
      ""evidence"": ""It is capable of communicating with its command and control (C2) server via HTTPS requests.""
    },
    {
      ""behavior"": ""Record audio using device's microphone"",
      ""evidence"": ""It can record audio using the device’s microphone""
    },
    {
      ""behavior"": ""Start automatically when device is powered on"",
      ""evidence"": ""register with the BOOT_COMPLETED broadcast to start automatically when the device is powered on""
    },
    {
      ""behavior"": ""Search for and exfiltrate files with specific extensions"",
      ""evidence"": ""search for and exfiltrate files with specific extensions, such as .jpg, .mp4, .html, .docx, and .pdf,""
    },
    {
      ""behavior"": ""Enumerate files stored on external storage"",
      ""evidence"": ""enumerate files stored on external storage""
    },
    {
      ""behavior"": ""Register with CONNECTIVITY_CHANGE broadcast event"",
      ""evidence"": ""register with the CONNECTIVITY_CHANGE broadcast events to trigger further functionality.""
    },
    {
      ""behavior"": ""Register with WIFI_STATE_CHANGED broadcast event"",
      ""evidence"": ""register with the CONNECTIVITY_CHANGE and WIFI_STATE_CHANGED broadcast events to trigger further functionality""
    },
    {
      ""behavior"": ""Track device's location"",
      ""evidence"": ""track the device's location""
    },
    {
      ""behavior"": ""Exfiltrate collected data, including audio recordings and files"",
      ""evidence"": ""exfiltrate collected data, including audio recordings and files, to the C2 server.""
    }
  ]
}",valid,"[{""behavior"": ""Communicate with command and control (C2) server via HTTPS requests"", ""evidence"": ""It is capable of communicating with its command and control (C2) server via HTTPS requests.""}, {""behavior"": ""Record audio using device's microphone"", ""evidence"": ""It can record audio using the device’s microphone""}, {""behavior"": ""Start automatically when device is powered on"", ""evidence"": ""register with the BOOT_COMPLETED broadcast to start automatically when the device is powered on""}, {""behavior"": ""Search for and exfiltrate files with specific extensions"", ""evidence"": ""search for and exfiltrate files with specific extensions, such as .jpg, .mp4, .html, .docx, and .pdf,""}, {""behavior"": ""Enumerate files stored on external storage"", ""evidence"": ""enumerate files stored on external storage""}, {""behavior"": ""Register with CONNECTIVITY_CHANGE broadcast event"", ""evidence"": ""register with the CONNECTIVITY_CHANGE broadcast events to trigger further functionality.""}, {""behavior"": ""Register with WIFI_STATE_CHANGED broadcast event"", ""evidence"": ""register with the CONNECTIVITY_CHANGE and WIFI_STATE_CHANGED broadcast events to trigger further functionality""}, {""behavior"": ""Track device's location"", ""evidence"": ""track the device's location""}, {""behavior"": ""Exfiltrate collected data, including audio recordings and files"", ""evidence"": ""exfiltrate collected data, including audio recordings and files, to the C2 server.""}]","{
  ""mappings"": [
    {
      ""behavior"": ""Communicate with command and control (C2) server via HTTPS requests"",
      ""evidence"": ""It is capable of communicating with its command and control (C2) server via HTTPS requests."",
      ""technique_id"": ""T1646"",
      ""justification"": ""Direct match to Exfiltration Over C2 Channel""
    },
    {
      ""behavior"": ""Record audio using device's microphone"",
      ""evidence"": ""It can record audio using the device’s microphone"",
      ""technique_id"": ""T1429"",
      ""justification"": ""Direct match to Audio Capture""
    },
    {
      ""behavior"": ""Start automatically when device is powered on"",
      ""evidence"": ""register with the BOOT_COMPLETED broadcast to start automatically when the device is powered on"",
      ""technique_id"": ""T1398"",
      ""justification"": ""Direct match to Boot or Logon Initialization Scripts""
    },
    {
      ""behavior"": ""Search for and exfiltrate files with specific extensions"",
      ""evidence"": ""search for and exfiltrate files with specific extensions, such as .jpg, .mp4, .html, .docx, and .pdf,""
      },
      {
        ""technique_id"": ""T1639"",
        ""justification"": ""Direct match to Exfiltration Over Alternative Protocol""
      }
    ],
    ""predicted_ids"": [
      ""T1646"",
      ""T1429"",
      ""T1398"",
      ""T1639""
    ]
  }",valid,"[{""behavior"": ""Communicate with command and control (C2) server via HTTPS requests"", ""evidence"": ""It is capable of communicating with its command and control (C2) server via HTTPS requests."", ""technique_id"": ""T1646"", ""justification"": ""Direct match to Exfiltration Over C2 Channel""}, {""behavior"": ""Record audio using device's microphone"", ""evidence"": ""It can record audio using the device’s microphone"", ""technique_id"": ""T1429"", ""justification"": ""Direct match to Audio Capture""}, {""behavior"": ""Start automatically when device is powered on"", ""evidence"": ""register with the BOOT_COMPLETED broadcast to start automatically when the device is powered on"", ""technique_id"": ""T1398"", ""justification"": ""Direct match to Boot or Logon Initialization Scripts""}, {""behavior"": ""Search for and exfiltrate files with specific extensions"", ""evidence"": ""search for and exfiltrate files with specific extensions, such as .jpg, .mp4, .html, .docx, and .pdf,""}, {""technique_id"": ""T1639"", ""justification"": ""Direct match to Exfiltration Over Alternative Protocol""}]","T1398, T1429, T1639, T1646",,"T1398, T1429, T1646",T1639,"T1420, T1430, T1437, T1521, T1533, T1624",0.75,0.3333333333333333,0.4615384615384615,,9,4,4,3,5,1,5,6,"T1423, T1517, T1626, T1637",4,,0,T1398,1,"T1430, T1533",2,T1398,1,"T1430, T1533",2,0.3055555555555556,-0.1111111111111111,0.01709401709401709,high,large_fp_reduction; gold_ids_recovered; new_false_negatives,,,,,
48,Mobile,"FlixOnline is an Android malware, first detected in early 2021, believed to target users of WhatsApp. FlixOnline primarily spreads via automatic replies to a device’s incoming WhatsApp messages. FlixOnline requests access to the NotificationListenerService, which can allow it to manipulate a device's notifications. FlixOnline may use the BOOT_COMPLETED action to trigger further scripts on boot. FlixOnline can automatically send replies to a user’s incoming WhatsApp messages. FlixOnline can hide its application icon. FlixOnline requests overlay permissions, which can allow it to create fake Login screens for other apps. FlixOnline can steal data from a user’s WhatsApp account(s).","T1409, T1417, T1517, T1624, T1628, T1643","After analyzing the text, I have identified the following MITRE Mobile attack patterns and mapped them to their corresponding technique IDs:

1. **T1398: Boot or Logon Initialization Scripts** - FlixOnline may use the BOOT_COMPLETED action to trigger further scripts on boot.
2. **T1517: Access Notifications** - FlixOnline requests access to the NotificationListenerService, which can allow it to manipulate a device's notifications.
3. **T1635: Steal Application Access Token** - FlixOnline can steal data from a user’s WhatsApp account(s).
4. **T1409: Stored Application Data** - FlixOnline can steal data from a user’s WhatsApp account(s).
5. **T1421: System Network Connections Discovery** - Not explicitly mentioned, but FlixOnline's ability to manipulate notifications and access stored application data implies it may have discovered system network connections.
6. **T1513: Screen Capture** - Not explicitly mentioned, but FlixOnline's ability to create fake login screens for other apps implies it may be able to capture screen activity.
7. **T1428: Exploitation of Remote Services** - FlixOnline spreads via automatic replies to a device’s incoming WhatsApp messages, which could be considered exploitation of remote services.

Here are the main technique IDs, excluding subtechnique IDs:

T1398, T1517, T1635, T1409, T1421","T1398, T1409, T1421, T1428, T1513, T1517, T1635","T1409, T1517","T1398, T1421, T1428, T1513, T1635","T1417, T1624, T1628, T1643",0.2857142857142857,0.3333333333333333,0.3076923076923076,extra predicted IDs / false positives; missed gold IDs / false negatives,"{
  ""behaviors"": [
    {
      ""behavior"": ""Spreads via automatic replies to incoming WhatsApp messages"",
      ""evidence"": ""FlixOnline primarily spreads via automatic replies to a device’s incoming WhatsApp messages.""
    },
    {
      ""behavior"": ""Requests access to NotificationListenerService"",
      ""evidence"": ""FlixOnline requests access to the NotificationListenerService""
    },
    {
      ""behavior"": ""Uses BOOT_COMPLETED action to trigger further scripts on boot"",
      ""evidence"": ""FlixOnline may use the BOOT_COMPLETED action to trigger further scripts on boot.""
    },
    {
      ""behavior"": ""Sends automatic replies to incoming WhatsApp messages"",
      ""evidence"": ""FlixOnline can automatically send replies to a user’s incoming WhatsApp messages.""
    },
    {
      ""behavior"": ""Hides application icon"",
      ""evidence"": ""FlixOnline can hide its application icon.""
    },
    {
      ""behavior"": ""Requests overlay permissions"",
      ""evidence"": ""FlixOnline requests overlay permissions""
    },
    {
      ""behavior"": ""Steals data from WhatsApp account(s)"",
      ""evidence"": ""FlixOnline can steal data from a user’s WhatsApp account(s).""
    }
  ]
}",valid,"[{""behavior"": ""Spreads via automatic replies to incoming WhatsApp messages"", ""evidence"": ""FlixOnline primarily spreads via automatic replies to a device’s incoming WhatsApp messages.""}, {""behavior"": ""Requests access to NotificationListenerService"", ""evidence"": ""FlixOnline requests access to the NotificationListenerService""}, {""behavior"": ""Uses BOOT_COMPLETED action to trigger further scripts on boot"", ""evidence"": ""FlixOnline may use the BOOT_COMPLETED action to trigger further scripts on boot.""}, {""behavior"": ""Sends automatic replies to incoming WhatsApp messages"", ""evidence"": ""FlixOnline can automatically send replies to a user’s incoming WhatsApp messages.""}, {""behavior"": ""Hides application icon"", ""evidence"": ""FlixOnline can hide its application icon.""}, {""behavior"": ""Requests overlay permissions"", ""evidence"": ""FlixOnline requests overlay permissions""}, {""behavior"": ""Steals data from WhatsApp account(s)"", ""evidence"": ""FlixOnline can steal data from a user’s WhatsApp account(s).""}]","{
  ""mappings"": [
    {
      ""behavior"": ""Spreads via automatic replies to incoming WhatsApp messages"",
      ""evidence"": ""FlixOnline primarily spreads via automatic replies to a device’s incoming WhatsApp messages."",
      ""technique_id"": ""T1437"",
      ""justification"": ""Application Layer Protocol""
    },
    {
      ""behavior"": ""Requests access to NotificationListenerService"",
      ""evidence"": ""FlixOnline requests access to the NotificationListenerService"",
      ""technique_id"": ""T1517"",
      ""justification"": ""Access Notifications""
    },
    {
      ""behavior"": ""Uses BOOT_COMPLETED action to trigger further scripts on boot"",
      ""evidence"": ""FlixOnline may use the BOOT_COMPLETED action to trigger further scripts on boot."",
      ""technique_id"": ""T1398"",
      ""justification"": ""Boot or Logon Initialization Scripts""
    },
    {
      ""behavior"": ""Sends automatic replies to incoming WhatsApp messages"",
      ""evidence"": ""FlixOnline can automatically send replies to a user’s incoming WhatsApp messages."",
      ""technique_id"": ""T1437"",
      ""justification"": ""Application Layer Protocol""
    },
    {
      ""behavior"": ""Hides application icon"",
      ""evidence"": ""FlixOnline can hide its application icon."",
      ""technique_id"": ""T1628"",
      ""justification"": ""Hide Artifacts""
    },
    {
      ""behavior"": ""Requests overlay permissions"",
      ""evidence"": ""FlixOnline requests overlay permissions"",
      ""technique_id"": ""T1634"",
      ""justification"": ""Credentials from Password Store""
    },
    {
      ""behavior"": ""Steals data from WhatsApp account(s)"",
      ""evidence"": ""FlixOnline can steal data from a user’s WhatsApp account(s)."",
      ""technique_id"": ""T1533"",
      ""justification"": ""Data from Local System""
    }
  ],
  ""predicted_ids"": [
    ""T1437"",
    ""T1517"",
    ""T1398"",
    ""T1628"",
    ""T1634"",
    ""T1533""
  ]
}",valid,"[{""behavior"": ""Spreads via automatic replies to incoming WhatsApp messages"", ""evidence"": ""FlixOnline primarily spreads via automatic replies to a device’s incoming WhatsApp messages."", ""technique_id"": ""T1437"", ""justification"": ""Application Layer Protocol""}, {""behavior"": ""Requests access to NotificationListenerService"", ""evidence"": ""FlixOnline requests access to the NotificationListenerService"", ""technique_id"": ""T1517"", ""justification"": ""Access Notifications""}, {""behavior"": ""Uses BOOT_COMPLETED action to trigger further scripts on boot"", ""evidence"": ""FlixOnline may use the BOOT_COMPLETED action to trigger further scripts on boot."", ""technique_id"": ""T1398"", ""justification"": ""Boot or Logon Initialization Scripts""}, {""behavior"": ""Sends automatic replies to incoming WhatsApp messages"", ""evidence"": ""FlixOnline can automatically send replies to a user’s incoming WhatsApp messages."", ""technique_id"": ""T1437"", ""justification"": ""Application Layer Protocol""}, {""behavior"": ""Hides application icon"", ""evidence"": ""FlixOnline can hide its application icon."", ""technique_id"": ""T1628"", ""justification"": ""Hide Artifacts""}, {""behavior"": ""Requests overlay permissions"", ""evidence"": ""FlixOnline requests overlay permissions"", ""technique_id"": ""T1634"", ""justification"": ""Credentials from Password Store""}, {""behavior"": ""Steals data from WhatsApp account(s)"", ""evidence"": ""FlixOnline can steal data from a user’s WhatsApp account(s)."", ""technique_id"": ""T1533"", ""justification"": ""Data from Local System""}]","T1398, T1437, T1517, T1533, T1628, T1634",,"T1517, T1628","T1398, T1437, T1533, T1634","T1409, T1417, T1624, T1643",0.3333333333333333,0.3333333333333333,0.3333333333333333,,7,6,2,2,5,4,4,4,"T1421, T1428, T1513, T1635",4,"T1437, T1533, T1634",3,T1628,1,T1409,1,T1628,1,T1409,1,0.047619047619047616,0.0,0.025641025641025716,high,large_fp_reduction; new_false_positives; gold_ids_recovered; new_false_negatives; many_remaining_false_positives,,,,,
35,Mobile,"HilalRAT is a remote access Android malware developed and used by UNC788. It has the capability to collect various types of data, such as device location and call logs, and can perform actions like activating a device's camera and microphone. HilalRAT can activate a device's microphone and camera, access its location, retrieve contact lists and SMS messages, and access and extract files stored on the device.","T1409, T1429, T1430, T1512, T1636","After analyzing the text, I have identified the following MITRE Mobile attack patterns and mapped them to their corresponding technique IDs:

1. **T1437: Application Layer Protocol** - HilalRAT can access a device's location, which implies it uses an application layer protocol to communicate with its C2 server.
2. **T1429: Audio Capture** - HilalRAT can activate a device's microphone, which is a clear indication of audio capture capabilities.
3. **T1532: Archive Collected Data** - HilalRAT can collect various types of data, such as device location and call logs, which implies it archives collected data for later exfiltration or analysis.
4. **T1407: Download New Code at Runtime** - Although not explicitly mentioned in the text, HilalRAT's ability to perform actions like activating a device's camera and microphone suggests that it may download new code at runtime to execute these actions.
5. **T1639: Exfiltration Over Alternative Protocol** - HilalRAT can access and extract files stored on the device, which implies it exfiltrates data over an alternative protocol (e.g., HTTP or FTP).
6. **T1423: Network Service Scanning** - HilalRAT's ability to access a device's location suggests that it scans for network services to identify potential targets.
7. **T1512: Video Capture** - HilalRAT can activate a device's camera, which is a clear indication of video capture capabilities.

Here are the main technique IDs, excluding subtechnique IDs:

T1437, T1429, T1532, T1407, T1639, T1423, T1512","T1407, T1423, T1429, T1437, T1512, T1532, T1639","T1429, T1512","T1407, T1423, T1437, T1532, T1639","T1409, T1430, T1636",0.2857142857142857,0.4,0.3333333333333333,extra predicted IDs / false positives; missed gold IDs / false negatives,"{
  ""behaviors"": [
    {
      ""behavior"": ""Activate device's camera"",
      ""evidence"": ""activating a device's camera""
    },
    {
      ""behavior"": ""Activate device's microphone"",
      ""evidence"": ""activating a device's microphone""
    },
    {
      ""behavior"": ""Access device location"",
      ""evidence"": ""access its location""
    },
    {
      ""behavior"": ""Retrieve contact lists"",
      ""evidence"": ""retrieve contact lists and SMS messages""
    },
    {
      ""behavior"": ""Retrieve SMS messages"",
      ""evidence"": ""retrieve contact lists and SMS messages""
    },
    {
      ""behavior"": ""Access and extract files stored on the device"",
      ""evidence"": ""access and extract files stored on the device""
    }
  ]
}",valid,"[{""behavior"": ""Activate device's camera"", ""evidence"": ""activating a device's camera""}, {""behavior"": ""Activate device's microphone"", ""evidence"": ""activating a device's microphone""}, {""behavior"": ""Access device location"", ""evidence"": ""access its location""}, {""behavior"": ""Retrieve contact lists"", ""evidence"": ""retrieve contact lists and SMS messages""}, {""behavior"": ""Retrieve SMS messages"", ""evidence"": ""retrieve contact lists and SMS messages""}, {""behavior"": ""Access and extract files stored on the device"", ""evidence"": ""access and extract files stored on the device""}]","{
  ""mappings"": [
    {
      ""behavior"": ""Activate device's camera"",
      ""evidence"": ""activating a device's camera"",
      ""technique_id"": ""T1429"",
      ""justification"": ""Direct match with Audio Capture technique, as activating the camera is related to audio capture""
    },
    {
      ""behavior"": ""Access device location"",
      ""evidence"": ""access its location"",
      ""technique_id"": ""T1430"",
      ""justification"": ""Direct match with Location Tracking technique""
    },
    {
      ""behavior"": ""Retrieve contact lists"",
      ""evidence"": ""retrieve contact lists and SMS messages"",
      ""technique_id"": ""T1417"",
      ""justification"": ""Direct match with Input Capture technique, as retrieving contact lists is related to input capture""
    },
    {
      ""behavior"": ""Retrieve SMS messages"",
      ""evidence"": ""retrieve contact lists and SMS messages"",
      ""technique_id"": ""T1429"",
      ""justification"": ""Direct match with Audio Capture technique, as retrieving SMS messages is related to audio capture""
    },
    {
      ""behavior"": ""Access and extract files stored on the device"",
      ""evidence"": ""access and extract files stored on the device"",
      ""technique_id"": ""T1407"",
      ""justification"": ""Direct match with Download New Code at Runtime technique, as accessing and extracting files is related to downloading new code""
    }
  ],
  ""predicted_ids"": [
    ""T1429"",
    ""T1430"",
    ""T1417"",
    ""T1407""
  ]
}",valid,"[{""behavior"": ""Activate device's camera"", ""evidence"": ""activating a device's camera"", ""technique_id"": ""T1429"", ""justification"": ""Direct match with Audio Capture technique, as activating the camera is related to audio capture""}, {""behavior"": ""Access device location"", ""evidence"": ""access its location"", ""technique_id"": ""T1430"", ""justification"": ""Direct match with Location Tracking technique""}, {""behavior"": ""Retrieve contact lists"", ""evidence"": ""retrieve contact lists and SMS messages"", ""technique_id"": ""T1417"", ""justification"": ""Direct match with Input Capture technique, as retrieving contact lists is related to input capture""}, {""behavior"": ""Retrieve SMS messages"", ""evidence"": ""retrieve contact lists and SMS messages"", ""technique_id"": ""T1429"", ""justification"": ""Direct match with Audio Capture technique, as retrieving SMS messages is related to audio capture""}, {""behavior"": ""Access and extract files stored on the device"", ""evidence"": ""access and extract files stored on the device"", ""technique_id"": ""T1407"", ""justification"": ""Direct match with Download New Code at Runtime technique, as accessing and extracting files is related to downloading new code""}]","T1407, T1417, T1429, T1430",,"T1429, T1430","T1407, T1417","T1409, T1512, T1636",0.5,0.4,0.4444444444444445,,7,4,2,2,5,2,3,3,"T1423, T1437, T1532, T1639",4,T1417,1,T1430,1,T1512,1,T1430,1,T1512,1,0.2142857142857143,0.0,0.11111111111111116,high,large_fp_reduction; new_false_positives; gold_ids_recovered; new_false_negatives,,,,,
4,Mobile,"AbstractEmu is mobile malware that was first detected in October 2021 on Google Play and other third-party app stores. It was found in 19 Android applications, with at least 7 exploiting known Android vulnerabilities to gain root permissions. While primarily affecting users in the United States, AbstractEmu’s reach extends to victims across 17 countries. The malware can modify system settings to grant itself device administrator privileges, monitor notifications, and communicate with its command and control (C2) server via HTTP. AbstractEmu can also grant itself microphone and camera permissions, access location data, and disable Play Protect. Additionally, it can collect extensive device information, including the manufacturer, model, version, serial number, telephone number, IP address, and SIM information. AbstractEmu can download and install additional malware post-infection, access call logs, intercept SMS messages containing two-factor authentication codes, and obtain a list of installed applications. The malware uses encoded shell scripts and exploit binaries to facilitate the rooting process and can silently gain permissions or install additional malware using rooting exploits. To evade detection, AbstractEmu employs code abstraction and anti-emulation checks.","T1404, T1406, T1407, T1418, T1422, T1426, T1429, T1430, T1437, T1512, T1517, T1533, T1544, T1623, T1626, T1629, T1633, T1636, T1646","Here are the MITRE Mobile attack patterns extracted from the text, mapped to their corresponding technique IDs:

1. **T1626: Abuse Elevation Control Mechanism** - AbstractEmu modifies system settings to grant itself device administrator privileges.
2. **T1517: Access Notifications** - The malware monitors notifications.
3. **T1404: Exploitation for Privilege Escalation** - At least 7 Android applications exploiting known vulnerabilities to gain root permissions.
4. **T1429: Audio Capture** - AbstractEmu can grant itself microphone and camera permissions.
5. **T1532: Archive Collected Data** - The malware collects extensive device information, including the manufacturer, model, version, serial number, telephone number, IP address, and SIM information.
6. **T1407: Download New Code at Runtime** - AbstractEmu can download and install additional malware post-infection.
7. **T1513: Screen Capture** - The malware can access call logs and intercept SMS messages containing two-factor authentication codes.
8. **T1582: SMS Control** - The malware can obtain a list of installed applications.
9. **T1625: Hijack Execution Flow** - AbstractEmu uses encoded shell scripts and exploit binaries to facilitate the rooting process.
10. **T1630: Indicator Removal on Host** - To evade detection, AbstractEmu employs code abstraction and anti-emulation checks.

Main techniques (excluding subtechnique IDs), separated by commas:

T1626, T1517, T1404, T1429, T1532, T1407, T1582","T1404, T1407, T1429, T1513, T1517, T1532, T1582, T1625, T1626, T1630","T1404, T1407, T1429, T1517, T1626","T1513, T1532, T1582, T1625, T1630","T1406, T1418, T1422, T1426, T1430, T1437, T1512, T1533, T1544, T1623, T1629, T1633, T1636, T1646",0.5,0.2631578947368421,0.3448275862068966,extra predicted IDs / false positives; missed gold IDs / false negatives,"{
  ""behaviors"": [
    {
      ""behavior"": ""Modify system settings"",
      ""evidence"": ""modify system settings to grant itself device administrator privileges""
    },
    {
      ""behavior"": ""Monitor notifications"",
      ""evidence"": ""monitor notifications""
    },
    {
      ""behavior"": ""Communicate with C2 server via HTTP"",
      ""evidence"": ""communicate with its command and control (C2) server via HTTP""
    },
    {
      ""behavior"": ""Grant microphone permission"",
      ""evidence"": ""grant itself microphone and camera permissions""
    },
    {
      ""behavior"": ""Grant camera permission"",
      ""evidence"": ""grant itself microphone and camera permissions""
    },
    {
      ""behavior"": ""Access location data"",
      ""evidence"": ""access location data""
    },
    {
      ""behavior"": ""Disable Play Protect"",
      ""evidence"": ""disable Play Protect""
    },
    {
      ""behavior"": ""Collect device information"",
      ""evidence"": ""collect extensive device information, including the manufacturer, model, version, serial number, telephone number, IP address, and SIM information""
    },
    {
      ""behavior"": ""Download additional malware"",
      ""evidence"": ""download and install additional malware post-infection""
    },
    {
      ""behavior"": ""Access call logs"",
      ""evidence"": ""access call logs""
    },
    {
      ""behavior"": ""Intercept SMS messages containing two-factor authentication codes"",
      ""evidence"": ""intercept SMS messages containing two-factor authentication codes""
    },
    {
      ""behavior"": ""Obtain list of installed applications"",
      ""evidence"": ""obtain a list of installed applications""
    }
  ]
}",valid,"[{""behavior"": ""Modify system settings"", ""evidence"": ""modify system settings to grant itself device administrator privileges""}, {""behavior"": ""Monitor notifications"", ""evidence"": ""monitor notifications""}, {""behavior"": ""Communicate with C2 server via HTTP"", ""evidence"": ""communicate with its command and control (C2) server via HTTP""}, {""behavior"": ""Grant microphone permission"", ""evidence"": ""grant itself microphone and camera permissions""}, {""behavior"": ""Grant camera permission"", ""evidence"": ""grant itself microphone and camera permissions""}, {""behavior"": ""Access location data"", ""evidence"": ""access location data""}, {""behavior"": ""Disable Play Protect"", ""evidence"": ""disable Play Protect""}, {""behavior"": ""Collect device information"", ""evidence"": ""collect extensive device information, including the manufacturer, model, version, serial number, telephone number, IP address, and SIM information""}, {""behavior"": ""Download additional malware"", ""evidence"": ""download and install additional malware post-infection""}, {""behavior"": ""Access call logs"", ""evidence"": ""access call logs""}, {""behavior"": ""Intercept SMS messages containing two-factor authentication codes"", ""evidence"": ""intercept SMS messages containing two-factor authentication codes""}, {""behavior"": ""Obtain list of installed applications"", ""evidence"": ""obtain a list of installed applications""}]","{
  ""mappings"": [
    {
      ""behavior"": ""Modify system settings"",
      ""evidence"": ""modify system settings to grant itself device administrator privileges"",
      ""technique_id"": ""T1626"",
      ""justification"": ""Abuse Elevation Control Mechanism""
    },
    {
      ""behavior"": ""Monitor notifications"",
      ""evidence"": ""monitor notifications"",
      ""technique_id"": ""T1517"",
      ""justification"": ""Access Notifications""
    },
    {
      ""behavior"": ""Communicate with C2 server via HTTP"",
      ""evidence"": ""communicate with its command and control (C2) server via HTTP"",
      ""technique_id"": ""T1646"",
      ""justification"": ""Exfiltration Over C2 Channel""
    },
    {
      ""behavior"": ""Grant microphone permission"",
      ""evidence"": ""grant itself microphone and camera permissions"",
      ""technique_id"": ""T1429"",
      ""justification"": ""Audio Capture""
    },
    {
      ""behavior"": ""Access location data"",
      ""evidence"": ""access location data"",
      ""technique_id"": ""T1430"",
      ""justification"": ""Location Tracking""
    },
    {
      ""behavior"": ""Disable Play Protect"",
      ""evidence"": ""disable Play Protect"",
      ""technique_id"": ""T1655"",
      ""justification"": ""Masquerading""
    },
    {
      ""behavior"": ""Collect device information"",
      ""evidence"": ""collect extensive device information, including the manufacturer, model, version, serial number, telephone number, IP address, and SIM information"",
      ""technique_id"": ""T1426"",
      ""justification"": ""System Information Discovery""
    },
    {
      ""behavior"": ""Download additional malware"",
      ""evidence"": ""download and install additional malware post-infection"",
      ""technique_id"": ""T1456"",
      ""justification"": ""Drive-By Compromise""
    },
    {
      ""behavior"": ""Access call logs"",
      ""evidence"": ""access call logs"",
      ""technique_id"": ""T1616"",
      ""justification"": ""Call Control""
    },
    {
      ""behavior"": ""Intercept SMS messages containing two-factor authentication codes"",
      ""evidence"": ""intercept SMS messages containing two-factor authentication codes"",
      ""technique_id"": ""T1582"",
      ""justification"": ""SMS Control""
    },
    {
      ""behavior"": ""Obtain list of installed applications"",
      ""evidence"": ""obtain a list of installed applications"",
      ""technique_id"": ""T1418"",
      ""justification"": ""Software Discovery""
    }
  ],
  ""predicted_ids"": [
    ""T1626"", ""T1517"", ""T1646"", ""T1429"", ""T1430"", ""T1655"", ""T1426"", ""T1456"", ""T1616"", ""T1582"", ""T1418""
  ]
}",valid,"[{""behavior"": ""Modify system settings"", ""evidence"": ""modify system settings to grant itself device administrator privileges"", ""technique_id"": ""T1626"", ""justification"": ""Abuse Elevation Control Mechanism""}, {""behavior"": ""Monitor notifications"", ""evidence"": ""monitor notifications"", ""technique_id"": ""T1517"", ""justification"": ""Access Notifications""}, {""behavior"": ""Communicate with C2 server via HTTP"", ""evidence"": ""communicate with its command and control (C2) server via HTTP"", ""technique_id"": ""T1646"", ""justification"": ""Exfiltration Over C2 Channel""}, {""behavior"": ""Grant microphone permission"", ""evidence"": ""grant itself microphone and camera permissions"", ""technique_id"": ""T1429"", ""justification"": ""Audio Capture""}, {""behavior"": ""Access location data"", ""evidence"": ""access location data"", ""technique_id"": ""T1430"", ""justification"": ""Location Tracking""}, {""behavior"": ""Disable Play Protect"", ""evidence"": ""disable Play Protect"", ""technique_id"": ""T1655"", ""justification"": ""Masquerading""}, {""behavior"": ""Collect device information"", ""evidence"": ""collect extensive device information, including the manufacturer, model, version, serial number, telephone number, IP address, and SIM information"", ""technique_id"": ""T1426"", ""justification"": ""System Information Discovery""}, {""behavior"": ""Download additional malware"", ""evidence"": ""download and install additional malware post-infection"", ""technique_id"": ""T1456"", ""justification"": ""Drive-By Compromise""}, {""behavior"": ""Access call logs"", ""evidence"": ""access call logs"", ""technique_id"": ""T1616"", ""justification"": ""Call Control""}, {""behavior"": ""Intercept SMS messages containing two-factor authentication codes"", ""evidence"": ""intercept SMS messages containing two-factor authentication codes"", ""technique_id"": ""T1582"", ""justification"": ""SMS Control""}, {""behavior"": ""Obtain list of installed applications"", ""evidence"": ""obtain a list of installed applications"", ""technique_id"": ""T1418"", ""justification"": ""Software Discovery""}]","T1418, T1426, T1429, T1430, T1456, T1517, T1582, T1616, T1626, T1646, T1655",,"T1418, T1426, T1429, T1430, T1517, T1626, T1646","T1456, T1582, T1616, T1655","T1404, T1406, T1407, T1422, T1437, T1512, T1533, T1544, T1623, T1629, T1633, T1636",0.6363636363636364,0.3684210526315789,0.4666666666666667,,10,11,5,7,5,4,14,12,"T1513, T1532, T1625, T1630",4,"T1456, T1616, T1655",3,"T1418, T1426, T1430, T1646",4,"T1404, T1407",2,"T1418, T1426, T1430, T1646",4,"T1404, T1407",2,0.13636363636363635,0.10526315789473684,0.1218390804597701,high,large_fp_reduction; new_false_positives; gold_ids_recovered; new_false_negatives; many_remaining_false_positives,,,,,
5,Enterprise,"Action RAT is a remote access tool developed in Delphi and has been employed by SideCopy since at least December 2021, targeting government personnel in India and Afghanistan. The malware communicates with command and control (C2) servers via HTTP and can execute commands on an infected host using cmd.exe. Action RAT is capable of collecting local data, as well as drive and file information from compromised machines. It also uses Base64 decoding to process communications from actor-controlled C2 servers and can download additional payloads onto infected systems.","T1005, T1059, T1071, T1083, T1105, T1140","After analyzing the text, I have identified the following MITRE Enterprise attack patterns and mapped them to their corresponding technique IDs:

1. **Action RAT communicates with command and control (C2) servers via HTTP**: This indicates the use of **T1043: Network Service Discovery**.
2. **Action RAT can execute commands on an infected host using cmd.exe**: This suggests the use of **T1055: Process Injection**, as it implies the execution of arbitrary code on the compromised system.
3. **Action RAT collects local data, drive and file information from compromised machines**: This indicates the use of **T1012: Query Registry** and **T1039: Data from Network Shared Drive**.
4. **Action RAT uses Base64 decoding to process communications from actor-controlled C2 servers**: This suggests the use of **T1140: Deobfuscate/Decode Files or Information**.
5. **Action RAT can download additional payloads onto infected systems**: This indicates the use of **T1106: Native API**, as it implies the execution of arbitrary code on the compromised system.

Here are the corresponding MITRE Enterprise technique IDs, excluding subtechnique IDs:

T1043, T1055, T1012, T1039, T1140, T1106","T1012, T1039, T1043, T1055, T1106, T1140",T1140,"T1012, T1039, T1043, T1055, T1106","T1005, T1059, T1071, T1083, T1105",0.1666666666666666,0.1666666666666666,0.1666666666666666,extra predicted IDs / false positives; missed gold IDs / false negatives,"{
  ""behaviors"": [
    {
      ""behavior"": ""Communicate with command and control (C2) servers via HTTP"",
      ""evidence"": ""The malware communicates with command and control (C2) servers via HTTP""
    },
    {
      ""behavior"": ""Execute commands on an infected host using cmd.exe"",
      ""evidence"": ""execute commands on an infected host using cmd.exe""
    },
    {
      ""behavior"": ""Collect local data from compromised machines"",
      ""evidence"": ""collecting local data, as well as drive and file information from compromised machines""
    },
    {
      ""behavior"": ""Process communications from actor-controlled C2 servers using Base64 decoding"",
      ""evidence"": ""uses Base64 decoding to process communications from actor-controlled C2 servers""
    },
    {
      ""behavior"": ""Download additional payloads onto infected systems"",
      ""evidence"": ""can download additional payloads onto infected systems""
    }
  ]
}",valid,"[{""behavior"": ""Communicate with command and control (C2) servers via HTTP"", ""evidence"": ""The malware communicates with command and control (C2) servers via HTTP""}, {""behavior"": ""Execute commands on an infected host using cmd.exe"", ""evidence"": ""execute commands on an infected host using cmd.exe""}, {""behavior"": ""Collect local data from compromised machines"", ""evidence"": ""collecting local data, as well as drive and file information from compromised machines""}, {""behavior"": ""Process communications from actor-controlled C2 servers using Base64 decoding"", ""evidence"": ""uses Base64 decoding to process communications from actor-controlled C2 servers""}, {""behavior"": ""Download additional payloads onto infected systems"", ""evidence"": ""can download additional payloads onto infected systems""}]","{
  ""mappings"": [
    {
      ""behavior"": ""Communicate with command and control (C2) servers via HTTP"",
      ""evidence"": ""The malware communicates with command and control (C2) servers via HTTP"",
      ""technique_id"": ""T1041"",
      ""justification"": ""Direct match to Exfiltration Over C2 Channel""
    },
    {
      ""behavior"": ""Execute commands on an infected host using cmd.exe"",
      ""evidence"": ""execute commands on an infected host using cmd.exe"",
      ""technique_id"": ""T1055"",
      ""justification"": ""Direct match to Process Injection""
    },
    {
      ""behavior"": ""Collect local data from compromised machines"",
      ""evidence"": ""collecting local data, as well as drive and file information from compromised machines"",
      ""technique_id"": ""T1005"",
      ""justification"": ""Direct match to Data from Local System""
    },
    {
      ""behavior"": ""Process communications from actor-controlled C2 servers using Base64 decoding"",
      ""evidence"": ""uses Base64 decoding to process communications from actor-controlled C2 servers"",
      ""technique_id"": ""T1140"",
      ""justification"": ""Direct match to Deobfuscate/Decode Files or Information""
    },
    {
      ""behavior"": ""Download additional payloads onto infected systems"",
      ""evidence"": ""can download additional payloads onto infected systems"",
      ""technique_id"": ""T1052"",
      ""justification"": ""Direct match to Exfiltration Over Physical Medium""
    }
  ],
  ""predicted_ids"": [
    ""T1041"",
    ""T1055"",
    ""T1005"",
    ""T1140"",
    ""T1052""
  ]
}",valid,"[{""behavior"": ""Communicate with command and control (C2) servers via HTTP"", ""evidence"": ""The malware communicates with command and control (C2) servers via HTTP"", ""technique_id"": ""T1041"", ""justification"": ""Direct match to Exfiltration Over C2 Channel""}, {""behavior"": ""Execute commands on an infected host using cmd.exe"", ""evidence"": ""execute commands on an infected host using cmd.exe"", ""technique_id"": ""T1055"", ""justification"": ""Direct match to Process Injection""}, {""behavior"": ""Collect local data from compromised machines"", ""evidence"": ""collecting local data, as well as drive and file information from compromised machines"", ""technique_id"": ""T1005"", ""justification"": ""Direct match to Data from Local System""}, {""behavior"": ""Process communications from actor-controlled C2 servers using Base64 decoding"", ""evidence"": ""uses Base64 decoding to process communications from actor-controlled C2 servers"", ""technique_id"": ""T1140"", ""justification"": ""Direct match to Deobfuscate/Decode Files or Information""}, {""behavior"": ""Download additional payloads onto infected systems"", ""evidence"": ""can download additional payloads onto infected systems"", ""technique_id"": ""T1052"", ""justification"": ""Direct match to Exfiltration Over Physical Medium""}]","T1005, T1041, T1052, T1055, T1140",,"T1005, T1140","T1041, T1052, T1055","T1059, T1071, T1083, T1105",0.4,0.3333333333333333,0.3636363636363636,,6,5,1,2,5,3,5,4,"T1012, T1039, T1043, T1106",4,"T1041, T1052",2,T1005,1,,0,T1005,1,,0,0.23333333333333342,0.1666666666666667,0.196969696969697,high,large_fp_reduction; new_false_positives; gold_ids_recovered; many_remaining_false_positives,,,,,
21,Mobile,"AndroRAT is an open-source remote access tool (RAT) designed for Android devices. It is capable of collecting various types of data, including device location and call logs, as well as executing actions such as sending SMS messages and capturing photos. Originally, AndroRAT was made available through The404Hacking GitHub repository. The tool can gather audio from the device’s microphone, make phone calls, and track the device’s location via GPS or network settings. Additionally, AndroRAT often disguises itself as legitimate applications and can send SMS messages, collect call logs, and capture photos and videos using the device’s cameras.","T1422, T1429, T1430, T1512, T1582, T1616, T1636, T1655","After analyzing the text, I have identified the following MITRE Mobile attack patterns and mapped them to their corresponding technique IDs:

1. **T1429: Audio Capture** - AndroRAT can gather audio from the device's microphone.
2. **T1430: Location Tracking** - The tool can track the device's location via GPS or network settings.
3. **T1516: Input Injection** - AndroRAT can execute actions such as sending SMS messages and capturing photos, which implies input injection.
4. **T1532: Archive Collected Data** - The tool can collect various types of data, including call logs and device location.
5. **T1582: SMS Control** - AndroRAT can send SMS messages.
6. **T1513: Screen Capture** - The tool can capture photos and videos using the device's cameras.
7. **T1421: System Network Connections Discovery** - The tool can gather information about the device's network connections.

Here are the main technique IDs, excluding subtechnique IDs:

T1429, T1430, T1516, T1532, T1582, T1513, T1421","T1421, T1429, T1430, T1513, T1516, T1532, T1582","T1429, T1430, T1582","T1421, T1513, T1516, T1532","T1422, T1512, T1616, T1636, T1655",0.4285714285714285,0.375,0.3999999999999999,extra predicted IDs / false positives; missed gold IDs / false negatives,"{
  ""behaviors"": [
    {
      ""behavior"": ""Collects device location"",
      ""evidence"": ""collecting various types of data, including device location""
    },
    {
      ""behavior"": ""Gathers call logs"",
      ""evidence"": ""collecting call logs""
    },
    {
      ""behavior"": ""Sends SMS messages"",
      ""evidence"": ""executing actions such as sending SMS messages""
    },
    {
      ""behavior"": ""Captures photos"",
      ""evidence"": ""capturing photos and videos using the device’s cameras""
    },
    {
      ""behavior"": ""Makes phone calls"",
      ""evidence"": ""make phone calls""
    },
    {
      ""behavior"": ""Tracks location via GPS or network settings"",
      ""evidence"": ""track the device’s location via GPS or network settings""
    },
    {
      ""behavior"": ""Gathers audio from microphone"",
      ""evidence"": ""gathering audio from the device’s microphone""
    }
  ]
}",valid,"[{""behavior"": ""Collects device location"", ""evidence"": ""collecting various types of data, including device location""}, {""behavior"": ""Gathers call logs"", ""evidence"": ""collecting call logs""}, {""behavior"": ""Sends SMS messages"", ""evidence"": ""executing actions such as sending SMS messages""}, {""behavior"": ""Captures photos"", ""evidence"": ""capturing photos and videos using the device’s cameras""}, {""behavior"": ""Makes phone calls"", ""evidence"": ""make phone calls""}, {""behavior"": ""Tracks location via GPS or network settings"", ""evidence"": ""track the device’s location via GPS or network settings""}, {""behavior"": ""Gathers audio from microphone"", ""evidence"": ""gathering audio from the device’s microphone""}]","{
  ""mappings"": [
    {
      ""behavior"": ""Collects device location"",
      ""evidence"": ""collecting various types of data, including device location"",
      ""technique_id"": ""T1430"",
      ""justification"": ""Direct match: 'Location Tracking'""
    },
    {
      ""behavior"": ""Gathers call logs"",
      ""evidence"": ""collecting call logs"",
      ""technique_id"": ""T1616"",
      ""justification"": ""Direct match: 'Call Control'""
    },
    {
      ""behavior"": ""Sends SMS messages"",
      ""evidence"": ""executing actions such as sending SMS messages"",
      ""technique_id"": ""T1582"",
      ""justification"": ""Direct match: 'SMS Control'""
    },
    {
      ""behavior"": ""Captures photos"",
      ""evidence"": ""capturing photos and videos using the device’s cameras"",
      ""technique_id"": ""T1429"",
      ""justification"": ""Direct match: 'Audio Capture' (also captures video)""
    },
    {
      ""behavior"": ""Makes phone calls"",
      ""evidence"": ""make phone calls"",
      ""technique_id"": ""T1616"",
      ""justification"": ""Direct match: 'Call Control'""
    },
    {
      ""behavior"": ""Tracks location via GPS or network settings"",
      ""evidence"": ""track the device’s location via GPS or network settings"",
      ""technique_id"": ""T1430"",
      ""justification"": ""Direct match: 'Location Tracking'""
    },
    {
      ""behavior"": ""Gathers audio from microphone"",
      ""evidence"": ""gathering audio from the device’s microphone"",
      ""technique_id"": ""T1429"",
      ""justification"": ""Direct match: 'Audio Capture'""
    }
  ],
  ""predicted_ids"": [
    ""T1430"",
    ""T1616"",
    ""T1582"",
    ""T1429""
  ]
}",valid,"[{""behavior"": ""Collects device location"", ""evidence"": ""collecting various types of data, including device location"", ""technique_id"": ""T1430"", ""justification"": ""Direct match: 'Location Tracking'""}, {""behavior"": ""Gathers call logs"", ""evidence"": ""collecting call logs"", ""technique_id"": ""T1616"", ""justification"": ""Direct match: 'Call Control'""}, {""behavior"": ""Sends SMS messages"", ""evidence"": ""executing actions such as sending SMS messages"", ""technique_id"": ""T1582"", ""justification"": ""Direct match: 'SMS Control'""}, {""behavior"": ""Captures photos"", ""evidence"": ""capturing photos and videos using the device’s cameras"", ""technique_id"": ""T1429"", ""justification"": ""Direct match: 'Audio Capture' (also captures video)""}, {""behavior"": ""Makes phone calls"", ""evidence"": ""make phone calls"", ""technique_id"": ""T1616"", ""justification"": ""Direct match: 'Call Control'""}, {""behavior"": ""Tracks location via GPS or network settings"", ""evidence"": ""track the device’s location via GPS or network settings"", ""technique_id"": ""T1430"", ""justification"": ""Direct match: 'Location Tracking'""}, {""behavior"": ""Gathers audio from microphone"", ""evidence"": ""gathering audio from the device’s microphone"", ""technique_id"": ""T1429"", ""justification"": ""Direct match: 'Audio Capture'""}]","T1429, T1430, T1582, T1616",,"T1429, T1430, T1582, T1616",,"T1422, T1512, T1636, T1655",1.0,0.5,0.6666666666666666,,7,4,3,4,4,0,5,4,"T1421, T1513, T1516, T1532",4,,0,T1616,1,,0,T1616,1,,0,0.5714285714285715,0.125,0.2666666666666667,high,large_fp_reduction; gold_ids_recovered,,,,,
19,Mobile,"ANDROIDOS_ANSERVER.A is a distinctive Android malware known for utilizing encrypted content hosted on a blog site as part of its command and control strategy. This malware collects various device-specific information, including the OS version, build version, manufacturer, model, IMEI, and IMSI. The encrypted content within the blog site contains URLs that direct the malware to additional servers for further command and control activities.","T1422, T1426, T1481","After analyzing the text, I have identified the following MITRE Mobile attack patterns and mapped them to their corresponding technique IDs:

1. **T1533: Data from Local System** - The malware collects device-specific information, including OS version, build version, manufacturer, model, IMEI, and IMSI.
2. **T1429: Audio Capture** - Not explicitly mentioned in the text, but since the malware is collecting various device-specific information, it's possible that audio capture might be a part of its capabilities.
3. **T1407: Download New Code at Runtime** - The encrypted content within the blog site contains URLs that direct the malware to additional servers for further command and control activities.
4. **T1428: Exploitation of Remote Services** - Although not explicitly mentioned, the use of URLs from the blog site to connect to additional servers implies exploitation of remote services.

The main techniques (excluding subtechnique IDs) are:

T1533, T1407, T1428","T1407, T1428, T1429, T1533",,"T1407, T1428, T1429, T1533","T1422, T1426, T1481",0.0,0.0,0.0,extra predicted IDs / false positives; missed gold IDs / false negatives,"{
  ""behaviors"": [
    {
      ""behavior"": ""Utilize encrypted content hosted on a blog site"",
      ""evidence"": ""utilizing encrypted content hosted on a blog site as part of its command and control strategy""
    },
    {
      ""behavior"": ""Collect device-specific information"",
      ""evidence"": ""collects various device-specific information, including the OS version, build version, manufacturer, model, IMEI, and IMSI""
    },
    {
      ""behavior"": ""Direct malware to additional servers for command and control activities"",
      ""evidence"": ""URLs that direct the malware to additional servers for further command and control activities""
    }
  ]
}",valid,"[{""behavior"": ""Utilize encrypted content hosted on a blog site"", ""evidence"": ""utilizing encrypted content hosted on a blog site as part of its command and control strategy""}, {""behavior"": ""Collect device-specific information"", ""evidence"": ""collects various device-specific information, including the OS version, build version, manufacturer, model, IMEI, and IMSI""}, {""behavior"": ""Direct malware to additional servers for command and control activities"", ""evidence"": ""URLs that direct the malware to additional servers for further command and control activities""}]","{
  ""mappings"": [
    {
      ""behavior"": ""Utilize encrypted content hosted on a blog site"",
      ""evidence"": ""utilizing encrypted content hosted on a blog site as part of its command and control strategy"",
      ""technique_id"": ""T1521"",
      ""justification"": ""Encrypted Channel""
    },
    {
      ""behavior"": ""Collect device-specific information"",
      ""evidence"": ""collects various device-specific information, including the OS version, build version, manufacturer, model, IMEI, and IMSI"",
      ""technique_id"": ""T1426"",
      ""justification"": ""System Information Discovery""
    },
    {
      ""behavior"": ""Direct malware to additional servers for command and control activities"",
      ""evidence"": ""URLs that direct the malware to additional servers for further command and control activities"",
      ""technique_id"": ""T1639"",
      ""justification"": ""Exfiltration Over Alternative Protocol""
    }
  ],
  ""predicted_ids"": [
    ""T1521"",
    ""T1426"",
    ""T1639""
  ]
}",valid,"[{""behavior"": ""Utilize encrypted content hosted on a blog site"", ""evidence"": ""utilizing encrypted content hosted on a blog site as part of its command and control strategy"", ""technique_id"": ""T1521"", ""justification"": ""Encrypted Channel""}, {""behavior"": ""Collect device-specific information"", ""evidence"": ""collects various device-specific information, including the OS version, build version, manufacturer, model, IMEI, and IMSI"", ""technique_id"": ""T1426"", ""justification"": ""System Information Discovery""}, {""behavior"": ""Direct malware to additional servers for command and control activities"", ""evidence"": ""URLs that direct the malware to additional servers for further command and control activities"", ""technique_id"": ""T1639"", ""justification"": ""Exfiltration Over Alternative Protocol""}]","T1426, T1521, T1639",,T1426,"T1521, T1639","T1422, T1481",0.3333333333333333,0.3333333333333333,0.3333333333333333,,4,3,0,1,4,2,3,2,"T1407, T1428, T1429, T1533",4,"T1521, T1639",2,T1426,1,,0,T1426,1,,0,0.3333333333333333,0.3333333333333333,0.3333333333333333,high,large_fp_reduction; new_false_positives; gold_ids_recovered,,,,,
36,Enterprise,Pcexter is an uploader used by ToddyCat since at least 2023 to exfiltrate stolen files.  Pcexter can upload files from compromised systems and exfiltrate them to OneDrive storage accounts via HTTP POST. It is capable of searching for files within specified directories and has been distributed and executed as a DLL file named `Vspmsg.dll` through DLL side-loading.,"T1005, T1083, T1567, T1574","After analyzing the text, I have identified the following MITRE Enterprise attack patterns and mapped them to their corresponding technique IDs:

1. Pcexter is an uploader used by ToddyCat since at least 2023 to exfiltrate stolen files.
	* T1048: Exfiltration Over Alternative Protocol (Pcexter uploads files via HTTP POST)
2. It can upload files from compromised systems and exfiltrate them to OneDrive storage accounts.
	* T1011: Exfiltration Over Other Network Medium (exfiltrating data over the network)
3. Pcexter is capable of searching for files within specified directories.
	* T1083: File and Directory Discovery (searching for files in specific directories)
4. It has been distributed and executed as a DLL file named `Vspmsg.dll` through DLL side-loading.
	* T1135: Network Share Discovery (DLL side-loading is a form of network share discovery)

The main techniques involved are:

T1048, T1011, T1083, and T1135

Note that these IDs only include the main technique IDs and do not include any subtechnique IDs.","T1011, T1048, T1083, T1135",T1083,"T1011, T1048, T1135","T1005, T1567, T1574",0.25,0.25,0.25,extra predicted IDs / false positives; missed gold IDs / false negatives,"{
  ""behaviors"": [
    {
      ""behavior"": ""Upload files from compromised systems"",
      ""evidence"": ""upload files from compromised systems""
    },
    {
      ""behavior"": ""Exfiltrate files to OneDrive storage accounts via HTTP POST"",
      ""evidence"": ""exfiltrate them to OneDrive storage accounts via HTTP POST""
    },
    {
      ""behavior"": ""Search for files within specified directories"",
      ""evidence"": ""searching for files within specified directories""
    }
  ]
}",valid,"[{""behavior"": ""Upload files from compromised systems"", ""evidence"": ""upload files from compromised systems""}, {""behavior"": ""Exfiltrate files to OneDrive storage accounts via HTTP POST"", ""evidence"": ""exfiltrate them to OneDrive storage accounts via HTTP POST""}, {""behavior"": ""Search for files within specified directories"", ""evidence"": ""searching for files within specified directories""}]","{
  ""mappings"": [
    {
      ""behavior"": ""Upload files from compromised systems"",
      ""evidence"": ""upload files from compromised systems"",
      ""technique_id"": ""T1041"",
      ""justification"": ""Exfiltration Over C2 Channel""
    },
    {
      ""behavior"": ""Exfiltrate files to OneDrive storage accounts via HTTP POST"",
      ""evidence"": ""exfiltrate them to OneDrive storage accounts via HTTP POST"",
      ""technique_id"": ""T1041"",
      ""justification"": ""Exfiltration Over C2 Channel""
    },
    {
      ""behavior"": ""Search for files within specified directories"",
      ""evidence"": ""searching for files within specified directories"",
      ""technique_id"": ""T1083"",
      ""justification"": ""File and Directory Discovery""
    }
  ],
  ""predicted_ids"": [
    ""T1041""
  ]
}",valid,"[{""behavior"": ""Upload files from compromised systems"", ""evidence"": ""upload files from compromised systems"", ""technique_id"": ""T1041"", ""justification"": ""Exfiltration Over C2 Channel""}, {""behavior"": ""Exfiltrate files to OneDrive storage accounts via HTTP POST"", ""evidence"": ""exfiltrate them to OneDrive storage accounts via HTTP POST"", ""technique_id"": ""T1041"", ""justification"": ""Exfiltration Over C2 Channel""}, {""behavior"": ""Search for files within specified directories"", ""evidence"": ""searching for files within specified directories"", ""technique_id"": ""T1083"", ""justification"": ""File and Directory Discovery""}]",T1041,,,T1041,"T1005, T1083, T1567, T1574",0.0,0.0,0.0,,4,1,1,0,3,1,3,4,"T1011, T1048, T1135",3,T1041,1,,0,T1083,1,,0,T1083,1,-0.25,-0.25,-0.25,high,large_fp_reduction; new_false_positives; new_false_negatives; f1_worsened,,,,,
1,Enterprise,"3PARA RAT is a remote access tool (RAT) developed in C++ and associated with the group Putter Panda. It communicates with its command and control (C2) servers via HTTP, with commands encrypted using the DES algorithm in CBC mode. The encryption key is derived from the MD5 hash of the string ""HYF54&%9&jkMCXuiS."" If the DES decryption fails, 3PARA RAT will attempt to decode the commands using an 8-byte XOR key, also derived from the same string. The tool includes commands to retrieve file metadata, list the current working directory, and modify file attributes, such as creation and modification timestamps.","T1070, T1071, T1083, T1573","After analyzing the provided text, I have identified several MITRE Enterprise attack patterns and mapped them to their corresponding technique IDs. Here are the extracted techniques:

1. **T1059: Command and Scripting Interpreter**: 3PARA RAT uses a command interpreter to execute commands from its C2 servers.
2. **T1041: Exfiltration Over C2 Channel**: The tool communicates with its C2 servers via HTTP, which is used for exfiltrating data.
3. **T1557: Adversary-in-the-Middle**: 3PARA RAT can intercept and modify commands sent from the C2 server to the compromised system.
4. **T1071: Application Layer Protocol**: The tool uses HTTP as its communication protocol with the C2 servers.
5. **T1548: Abuse Elevation Control Mechanism**: 3PARA RAT attempts to elevate privileges on the compromised system by modifying file attributes and timestamps.

Here are the main technique IDs, excluding subtechnique IDs, separated by commas:

T1059,T1041,T1557,T1071,T1548","T1041, T1059, T1071, T1548, T1557",T1071,"T1041, T1059, T1548, T1557","T1070, T1083, T1573",0.2,0.25,0.2222222222222222,extra predicted IDs / false positives; missed gold IDs / false negatives,"{
  ""behaviors"": [
    {
      ""behavior"": ""Communicate with C2 servers via HTTP"",
      ""evidence"": ""communicates with its command and control (C2) servers via HTTP""
    },
    {
      ""behavior"": ""Encrypt commands using DES algorithm in CBC mode"",
      ""evidence"": ""commands encrypted using the DES algorithm in CBC mode""
    },
    {
      ""behavior"": ""Derive encryption key from MD5 hash of string 'HYF54&%9&jkMCXuiS'"",
      ""evidence"": ""the encryption key is derived from the MD5 hash of the string \""HYF54&%9&jkMCXuiS.\""""
    },
    {
      ""behavior"": ""Attempt to decode commands using 8-byte XOR key"",
      ""evidence"": ""attempt to decode the commands using an 8-byte XOR key, also derived from the same string""
    },
    {
      ""behavior"": ""Retrieve file metadata"",
      ""evidence"": ""retrieve file metadata""
    },
    {
      ""behavior"": ""List current working directory"",
      ""evidence"": ""list the current working directory""
    },
    {
      ""behavior"": ""Modify file attributes (creation and modification timestamps)"",
      ""evidence"": ""modify file attributes, such as creation and modification timestamps""
    }
  ]
}",valid,"[{""behavior"": ""Communicate with C2 servers via HTTP"", ""evidence"": ""communicates with its command and control (C2) servers via HTTP""}, {""behavior"": ""Encrypt commands using DES algorithm in CBC mode"", ""evidence"": ""commands encrypted using the DES algorithm in CBC mode""}, {""behavior"": ""Derive encryption key from MD5 hash of string 'HYF54&%9&jkMCXuiS'"", ""evidence"": ""the encryption key is derived from the MD5 hash of the string \""HYF54&%9&jkMCXuiS.\""""}, {""behavior"": ""Attempt to decode commands using 8-byte XOR key"", ""evidence"": ""attempt to decode the commands using an 8-byte XOR key, also derived from the same string""}, {""behavior"": ""Retrieve file metadata"", ""evidence"": ""retrieve file metadata""}, {""behavior"": ""List current working directory"", ""evidence"": ""list the current working directory""}, {""behavior"": ""Modify file attributes (creation and modification timestamps)"", ""evidence"": ""modify file attributes, such as creation and modification timestamps""}]","{
  ""mappings"": [
    {
      ""behavior"": ""Communicate with C2 servers via HTTP"",
      ""evidence"": ""communicates with its command and control (C2) servers via HTTP"",
      ""technique_id"": ""T1041"",
      ""justification"": ""The behavior directly supports the technique ID T1041: Exfiltration Over C2 Channel""
    },
    {
      ""behavior"": ""Encrypt commands using DES algorithm in CBC mode"",
      ""evidence"": ""commands encrypted using the DES algorithm in CBC mode"",
      ""technique_id"": ""T1026"",
      ""justification"": ""The behavior directly supports the technique ID T1026: Data Encrypted for Impact""
    },
    {
      ""behavior"": ""Derive encryption key from MD5 hash of string 'HYF54&%9&jkMCXuiS'"",
      ""evidence"": ""the encryption key is derived from the MD5 hash of the string \""HYF54&%9&jkMCXuiS.\"""",
      ""technique_id"": ""T1132"",
      ""justification"": ""The behavior directly supports the technique ID T1132: Data Encoding""
    },
    {
      ""behavior"": ""Attempt to decode commands using 8-byte XOR key"",
      ""evidence"": ""attempt to decode the commands using an 8-byte XOR key, also derived from the same string"",
      ""technique_id"": ""T1140"",
      ""justification"": ""The behavior directly supports the technique ID T1140: Deobfuscate/Decode Files or Information""
    },
    {
      ""behavior"": ""Retrieve file metadata"",
      ""evidence"": ""retrieve file metadata"",
      ""technique_id"": ""T1083"",
      ""justification"": ""The behavior directly supports the technique ID T1083: File and Directory Discovery""
    },
    {
      ""behavior"": ""List current working directory"",
      ""evidence"": ""list the current working directory"",
      ""technique_id"": ""T1057"",
      ""justification"": ""The behavior directly supports the technique ID T1057: Process Discovery""
    },
    {
      ""behavior"": ""Modify file attributes (creation and modification timestamps)"",
      ""evidence"": ""modify file attributes, such as creation and modification timestamps"",
      ""technique_id"": ""T1222"",
      ""justification"": ""The behavior directly supports the technique ID T1222: File and Directory Permissions Modification""
    }
  ],
  ""predicted_ids"": [
    ""T1041"",
    ""T1026"",
    ""T1132"",
    ""T1140"",
    ""T1083"",
    ""T1057"",
    ""T1222""
  ]
}",valid,"[{""behavior"": ""Communicate with C2 servers via HTTP"", ""evidence"": ""communicates with its command and control (C2) servers via HTTP"", ""technique_id"": ""T1041"", ""justification"": ""The behavior directly supports the technique ID T1041: Exfiltration Over C2 Channel""}, {""behavior"": ""Encrypt commands using DES algorithm in CBC mode"", ""evidence"": ""commands encrypted using the DES algorithm in CBC mode"", ""technique_id"": ""T1026"", ""justification"": ""The behavior directly supports the technique ID T1026: Data Encrypted for Impact""}, {""behavior"": ""Derive encryption key from MD5 hash of string 'HYF54&%9&jkMCXuiS'"", ""evidence"": ""the encryption key is derived from the MD5 hash of the string \""HYF54&%9&jkMCXuiS.\"""", ""technique_id"": ""T1132"", ""justification"": ""The behavior directly supports the technique ID T1132: Data Encoding""}, {""behavior"": ""Attempt to decode commands using 8-byte XOR key"", ""evidence"": ""attempt to decode the commands using an 8-byte XOR key, also derived from the same string"", ""technique_id"": ""T1140"", ""justification"": ""The behavior directly supports the technique ID T1140: Deobfuscate/Decode Files or Information""}, {""behavior"": ""Retrieve file metadata"", ""evidence"": ""retrieve file metadata"", ""technique_id"": ""T1083"", ""justification"": ""The behavior directly supports the technique ID T1083: File and Directory Discovery""}, {""behavior"": ""List current working directory"", ""evidence"": ""list the current working directory"", ""technique_id"": ""T1057"", ""justification"": ""The behavior directly supports the technique ID T1057: Process Discovery""}, {""behavior"": ""Modify file attributes (creation and modification timestamps)"", ""evidence"": ""modify file attributes, such as creation and modification timestamps"", ""technique_id"": ""T1222"", ""justification"": ""The behavior directly supports the technique ID T1222: File and Directory Permissions Modification""}]","T1041, T1057, T1083, T1132, T1140, T1222",T1026,T1083,"T1041, T1057, T1132, T1140, T1222","T1070, T1071, T1573",0.1666666666666666,0.25,0.2,,5,6,1,1,4,5,3,3,"T1059, T1548, T1557",3,"T1057, T1132, T1140, T1222",4,T1083,1,T1071,1,T1083,1,T1071,1,-0.03333333333333341,0.0,-0.0222222222222222,high,large_fp_reduction; new_false_positives; gold_ids_recovered; new_false_negatives; f1_worsened; many_remaining_false_positives,,,,,
44,Enterprise,"LIGHTWIRE is a Perl-based web shell used during the Cutting Edge campaign to maintain access and enable command execution by embedding itself into the legitimate `compcheckresult.cgi` component of Ivanti Secure Connect VPNs. LIGHTWIRE communicates with its command and control (C2) server over HTTP and can decrypt RC4-encrypted and Base64-decoded C2 commands. It also encrypts C2 commands using RC4. By embedding into the `compcheckresult.cgi` component, LIGHTWIRE facilitates command execution and establishes persistence on compromised Ivanti Secure Connect VPNs.","T1071, T1140, T1505, T1554, T1573","After analyzing the provided text, I have identified the following MITRE Enterprise attack patterns and mapped them to their corresponding technique IDs:

1. **T1059: Command and Scripting Interpreter**: LIGHTWIRE is a Perl-based web shell that executes commands on compromised Ivanti Secure Connect VPNs.
2. **T1041: Exfiltration Over C2 Channel**: LIGHTWIRE communicates with its command and control (C2) server over HTTP, allowing for exfiltration of data.
3. **T1074: Data Staged**: LIGHTWIRE encrypts C2 commands using RC4, which can be considered as staging data for later execution.
4. **T1048: Exfiltration Over Alternative Protocol**: Although not explicitly mentioned, the fact that LIGHTWIRE communicates with its C2 server over HTTP implies exfiltration of data through an alternative protocol (HTTP).
5. **T1557: Adversary-in-the-Middle**: LIGHTWIRE's ability to decrypt RC4-encrypted and Base64-decoded C2 commands suggests it is positioned as an adversary in the middle, intercepting and modifying communication between the compromised system and the C2 server.

The main techniques identified are:

T1059, T1041, T1074, T1048, T1557","T1041, T1048, T1059, T1074, T1557",,"T1041, T1048, T1059, T1074, T1557","T1071, T1140, T1505, T1554, T1573",0.0,0.0,0.0,extra predicted IDs / false positives; missed gold IDs / false negatives,"{
  ""behaviors"": [
    {
      ""behavior"": ""Embed itself into the legitimate compcheckresult.cgi component"",
      ""evidence"": ""embedding itself into the legitimate `compcheckresult.cgi` component""
    },
    {
      ""behavior"": ""Communicate with its command and control (C2) server over HTTP"",
      ""evidence"": ""communicates with its command and control (C2) server over HTTP""
    },
    {
      ""behavior"": ""Decrypt RC4-encrypted and Base64-decoded C2 commands"",
      ""evidence"": ""decrypt RC4-encrypted and Base64-decoded C2 commands""
    },
    {
      ""behavior"": ""Encrypt C2 commands using RC4"",
      ""evidence"": ""encrypts C2 commands using RC4""
    }
  ]
}",valid,"[{""behavior"": ""Embed itself into the legitimate compcheckresult.cgi component"", ""evidence"": ""embedding itself into the legitimate `compcheckresult.cgi` component""}, {""behavior"": ""Communicate with its command and control (C2) server over HTTP"", ""evidence"": ""communicates with its command and control (C2) server over HTTP""}, {""behavior"": ""Decrypt RC4-encrypted and Base64-decoded C2 commands"", ""evidence"": ""decrypt RC4-encrypted and Base64-decoded C2 commands""}, {""behavior"": ""Encrypt C2 commands using RC4"", ""evidence"": ""encrypts C2 commands using RC4""}]","{
  ""mappings"": [
    {
      ""behavior"": ""Embed itself into the legitimate compcheckresult.cgi component"",
      ""evidence"": ""embedding itself into the legitimate `compcheckresult.cgi` component"",
      ""technique_id"": ""T1137"",
      ""justification"": ""The behavior of embedding itself into a legitimate component matches the technique ID T1137: Office Application Startup""
    },
    {
      ""behavior"": ""Communicate with its command and control (C2) server over HTTP"",
      ""evidence"": ""communicates with its command and control (C2) server over HTTP"",
      ""technique_id"": ""T1041"",
      ""justification"": ""The behavior of communicating with a C2 server over HTTP matches the technique ID T1041: Exfiltration Over C2 Channel""
    },
    {
      ""behavior"": ""Decrypt RC4-encrypted and Base64-decoded C2 commands"",
      ""evidence"": ""decrypt RC4-encrypted and Base64-decoded C2 commands"",
      ""technique_id"": ""T1059"",
      ""justification"": ""The behavior of decrypting C2 commands matches the technique ID T1059: Command and Scripting Interpreter""
    },
    {
      ""behavior"": ""Encrypt C2 commands using RC4"",
      ""evidence"": ""encrypts C2 commands using RC4"",
      ""technique_id"": ""T1046"",
      ""justification"": ""The behavior of encrypting C2 commands matches the technique ID T1046: Network Service Discovery""
    }
  ],
  ""predicted_ids"": [
    ""T1137"",
    ""T1041"",
    ""T1059"",
    ""T1046""
  ]
}",valid,"[{""behavior"": ""Embed itself into the legitimate compcheckresult.cgi component"", ""evidence"": ""embedding itself into the legitimate `compcheckresult.cgi` component"", ""technique_id"": ""T1137"", ""justification"": ""The behavior of embedding itself into a legitimate component matches the technique ID T1137: Office Application Startup""}, {""behavior"": ""Communicate with its command and control (C2) server over HTTP"", ""evidence"": ""communicates with its command and control (C2) server over HTTP"", ""technique_id"": ""T1041"", ""justification"": ""The behavior of communicating with a C2 server over HTTP matches the technique ID T1041: Exfiltration Over C2 Channel""}, {""behavior"": ""Decrypt RC4-encrypted and Base64-decoded C2 commands"", ""evidence"": ""decrypt RC4-encrypted and Base64-decoded C2 commands"", ""technique_id"": ""T1059"", ""justification"": ""The behavior of decrypting C2 commands matches the technique ID T1059: Command and Scripting Interpreter""}, {""behavior"": ""Encrypt C2 commands using RC4"", ""evidence"": ""encrypts C2 commands using RC4"", ""technique_id"": ""T1046"", ""justification"": ""The behavior of encrypting C2 commands matches the technique ID T1046: Network Service Discovery""}]","T1041, T1046, T1059, T1137",,,"T1041, T1046, T1059, T1137","T1071, T1140, T1505, T1554, T1573",0.0,0.0,0.0,,5,4,0,0,5,4,5,5,"T1048, T1074, T1557",3,"T1046, T1137",2,,0,,0,,0,,0,0.0,0.0,0.0,high,large_fp_reduction; new_false_positives; many_remaining_false_positives,,,,,
17,Mobile,"The Android malware known as Android/Chuli.A was distributed to activist groups through a spearphishing email that contained an attachment. This malware utilized HTTP uploads to a specific URL as its command and control mechanism. Android/Chuli.A was capable of stealing various forms of sensitive data, including geo-location information, call logs, contact lists stored both on the phone and the SIM card, and SMS message content. Additionally, it used SMS to receive command and control messages. The malware also gathered system information such as the phone number, OS version, phone model, and SDK version.","T1426, T1430, T1437, T1636, T1644","After analyzing the text, I have identified the following MITRE Mobile attack patterns and mapped them to their corresponding technique IDs:

1. **T1437: Application Layer Protocol** - The malware uses HTTP uploads as its command and control mechanism.
2. **T1533: Data from Local System** - Android/Chuli.A steals various forms of sensitive data, including geo-location information, call logs, contact lists stored both on the phone and the SIM card, and SMS message content.
3. **T1429: Audio Capture** - Although not explicitly mentioned in the text, this technique is related to T1533, as it also involves collecting sensitive data from the device.
4. **T1582: SMS Control** - The malware uses SMS to receive command and control messages.
5. **T1637: Dynamic Resolution** - Android/Chuli.A gathers system information such as the phone number, OS version, phone model, and SDK version.

Here are the main technique IDs, excluding subtechnique IDs:

T1437, T1533, T1582, T1637","T1429, T1437, T1533, T1582, T1637",T1437,"T1429, T1533, T1582, T1637","T1426, T1430, T1636, T1644",0.2,0.2,0.2,extra predicted IDs / false positives; missed gold IDs / false negatives,"{
  ""behaviors"": [
    {
      ""behavior"": ""Distribute malware through spearphishing email"",
      ""evidence"": ""distributed to activist groups through a spearphishing email that contained an attachment""
    },
    {
      ""behavior"": ""Use HTTP uploads for command and control"",
      ""evidence"": ""utilized HTTP uploads to a specific URL as its command and control mechanism""
    },
    {
      ""behavior"": ""Steal geo-location information"",
      ""evidence"": ""stealing various forms of sensitive data, including geo-location information""
    },
    {
      ""behavior"": ""Steal call logs"",
      ""evidence"": ""stealing various forms of sensitive data, including ... call logs""
    },
    {
      ""behavior"": ""Steal contact lists from phone and SIM card"",
      ""evidence"": ""stealing various forms of sensitive data, including ... contact lists stored both on the phone and the SIM card""
    },
    {
      ""behavior"": ""Steal SMS message content"",
      ""evidence"": ""stealing various forms of sensitive data, including ... SMS message content""
    },
    {
      ""behavior"": ""Use SMS for command and control"",
      ""evidence"": ""used SMS to receive command and control messages""
    },
    {
      ""behavior"": ""Gather system information"",
      ""evidence"": ""gathered system information such as the phone number, OS version, phone model, and SDK version""
    }
  ]
}",valid,"[{""behavior"": ""Distribute malware through spearphishing email"", ""evidence"": ""distributed to activist groups through a spearphishing email that contained an attachment""}, {""behavior"": ""Use HTTP uploads for command and control"", ""evidence"": ""utilized HTTP uploads to a specific URL as its command and control mechanism""}, {""behavior"": ""Steal geo-location information"", ""evidence"": ""stealing various forms of sensitive data, including geo-location information""}, {""behavior"": ""Steal call logs"", ""evidence"": ""stealing various forms of sensitive data, including ... call logs""}, {""behavior"": ""Steal contact lists from phone and SIM card"", ""evidence"": ""stealing various forms of sensitive data, including ... contact lists stored both on the phone and the SIM card""}, {""behavior"": ""Steal SMS message content"", ""evidence"": ""stealing various forms of sensitive data, including ... SMS message content""}, {""behavior"": ""Use SMS for command and control"", ""evidence"": ""used SMS to receive command and control messages""}, {""behavior"": ""Gather system information"", ""evidence"": ""gathered system information such as the phone number, OS version, phone model, and SDK version""}]","{
  ""mappings"": [
    {
      ""behavior"": ""Distribute malware through spearphishing email"",
      ""evidence"": ""distributed to activist groups through a spearphishing email that contained an attachment"",
      ""technique_id"": ""T1660"",
      ""justification"": ""Phishing""
    },
    {
      ""behavior"": ""Use HTTP uploads for command and control"",
      ""evidence"": ""utilized HTTP uploads to a specific URL as its command and control mechanism"",
      ""technique_id"": ""T1639"",
      ""justification"": ""Exfiltration Over Alternative Protocol""
    },
    {
      ""behavior"": ""Steal geo-location information"",
      ""evidence"": ""stealing various forms of sensitive data, including geo-location information"",
      ""technique_id"": ""T1430"",
      ""justification"": ""Location Tracking""
    },
    {
      ""behavior"": ""Steal call logs"",
      ""evidence"": ""stealing various forms of sensitive data, including ... call logs"",
      ""technique_id"": ""T1616"",
      ""justification"": ""Call Control""
    },
    {
      ""behavior"": ""Steal contact lists from phone and SIM card"",
      ""evidence"": ""stealing various forms of sensitive data, including ... contact lists stored both on the phone and the SIM card"",
      ""technique_id"": ""T1635"",
      ""justification"": ""Steal Application Access Token""
    },
    {
      ""behavior"": ""Steal SMS message content"",
      ""evidence"": ""stealing various forms of sensitive data, including ... SMS message content"",
      ""technique_id"": ""T1582"",
      ""justification"": ""SMS Control""
    },
    {
      ""behavior"": ""Use SMS for command and control"",
      ""evidence"": ""used SMS to receive command and control messages"",
      ""technique_id"": ""T1639"",
      ""justification"": ""Exfiltration Over Alternative Protocol""
    },
    {
      ""behavior"": ""Gather system information"",
      ""evidence"": ""gathered system information such as the phone number, OS version, phone model, and SDK version"",
      ""technique_id"": ""T1426"",
      ""justification"": ""System Information Discovery""
    }
  ],
  ""predicted_ids"": [
    ""T1660"",
    ""T1639"",
    ""T1430"",
    ""T1616"",
    ""T1635"",
    ""T1582"",
    ""T1639"",
    ""T1426""
  ]
}",valid,"[{""behavior"": ""Distribute malware through spearphishing email"", ""evidence"": ""distributed to activist groups through a spearphishing email that contained an attachment"", ""technique_id"": ""T1660"", ""justification"": ""Phishing""}, {""behavior"": ""Use HTTP uploads for command and control"", ""evidence"": ""utilized HTTP uploads to a specific URL as its command and control mechanism"", ""technique_id"": ""T1639"", ""justification"": ""Exfiltration Over Alternative Protocol""}, {""behavior"": ""Steal geo-location information"", ""evidence"": ""stealing various forms of sensitive data, including geo-location information"", ""technique_id"": ""T1430"", ""justification"": ""Location Tracking""}, {""behavior"": ""Steal call logs"", ""evidence"": ""stealing various forms of sensitive data, including ... call logs"", ""technique_id"": ""T1616"", ""justification"": ""Call Control""}, {""behavior"": ""Steal contact lists from phone and SIM card"", ""evidence"": ""stealing various forms of sensitive data, including ... contact lists stored both on the phone and the SIM card"", ""technique_id"": ""T1635"", ""justification"": ""Steal Application Access Token""}, {""behavior"": ""Steal SMS message content"", ""evidence"": ""stealing various forms of sensitive data, including ... SMS message content"", ""technique_id"": ""T1582"", ""justification"": ""SMS Control""}, {""behavior"": ""Use SMS for command and control"", ""evidence"": ""used SMS to receive command and control messages"", ""technique_id"": ""T1639"", ""justification"": ""Exfiltration Over Alternative Protocol""}, {""behavior"": ""Gather system information"", ""evidence"": ""gathered system information such as the phone number, OS version, phone model, and SDK version"", ""technique_id"": ""T1426"", ""justification"": ""System Information Discovery""}]","T1426, T1430, T1582, T1616, T1635, T1639, T1660",,"T1426, T1430","T1582, T1616, T1635, T1639, T1660","T1437, T1636, T1644",0.2857142857142857,0.4,0.3333333333333333,,5,7,1,2,4,5,4,3,"T1429, T1533, T1637",3,"T1616, T1635, T1639, T1660",4,"T1426, T1430",2,T1437,1,"T1426, T1430",2,T1437,1,0.08571428571428569,0.2,0.1333333333333333,high,large_fp_reduction; new_false_positives; gold_ids_recovered; new_false_negatives; many_remaining_false_positives,,,,,
3,Enterprise,"ABK is a downloader associated with BRONZE BUTLER, active since at least 2019. It communicates with its command and control (C2) server via HTTP and can use the command line to execute Portable Executables (PEs) on compromised hosts. ABK is capable of decrypting AES-encrypted payloads and downloading files from the C2 server. Additionally, it can extract malicious PEs from images and inject shellcode into svchost.exe. ABK also has the ability to detect the installed anti-virus software on the compromised host.","T1027, T1055, T1059, T1071, T1105, T1140, T1518","After analyzing the provided text, I have identified the following MITRE Enterprise attack patterns and mapped them to their corresponding technique IDs:

1. **ABK can use the command line to execute Portable Executables (PEs) on compromised hosts**: This behavior is associated with T1055: Process Injection.
2. **ABK can extract malicious PEs from images**: This behavior is associated with T1137: Office Application Startup.
3. **ABK can inject shellcode into svchost.exe**: This behavior is associated with T1219: Remote Access Software.
4. **ABK can detect the installed anti-virus software on the compromised host**: This behavior is associated with T1552: Unsecured Credentials.

Here are the main technique IDs, excluding subtechnique IDs:

T1055, T1137, T1219","T1055, T1137, T1219, T1552",T1055,"T1137, T1219, T1552","T1027, T1059, T1071, T1105, T1140, T1518",0.25,0.1428571428571428,0.1818181818181818,extra predicted IDs / false positives; missed gold IDs / false negatives,"{
  ""behaviors"": [
    {
      ""behavior"": ""Communicate with C2 server via HTTP"",
      ""evidence"": ""communicates with its command and control (C2) server via HTTP""
    },
    {
      ""behavior"": ""Execute Portable Executables on compromised hosts using the command line"",
      ""evidence"": ""can use the command line to execute Portable Executables (PEs) on compromised hosts""
    },
    {
      ""behavior"": ""Decrypt AES-encrypted payloads"",
      ""evidence"": ""decrypting AES-encrypted payloads""
    },
    {
      ""behavior"": ""Download files from C2 server"",
      ""evidence"": ""downloading files from the C2 server""
    },
    {
      ""behavior"": ""Extract malicious PEs from images"",
      ""evidence"": ""extract malicious PEs from images""
    },
    {
      ""behavior"": ""Inject shellcode into svchost.exe"",
      ""evidence"": ""inject shellcode into svchost.exe""
    },
    {
      ""behavior"": ""Detect installed anti-virus software on compromised host"",
      ""evidence"": ""detect the installed anti-virus software on the compromised host""
    }
  ]
}",valid,"[{""behavior"": ""Communicate with C2 server via HTTP"", ""evidence"": ""communicates with its command and control (C2) server via HTTP""}, {""behavior"": ""Execute Portable Executables on compromised hosts using the command line"", ""evidence"": ""can use the command line to execute Portable Executables (PEs) on compromised hosts""}, {""behavior"": ""Decrypt AES-encrypted payloads"", ""evidence"": ""decrypting AES-encrypted payloads""}, {""behavior"": ""Download files from C2 server"", ""evidence"": ""downloading files from the C2 server""}, {""behavior"": ""Extract malicious PEs from images"", ""evidence"": ""extract malicious PEs from images""}, {""behavior"": ""Inject shellcode into svchost.exe"", ""evidence"": ""inject shellcode into svchost.exe""}, {""behavior"": ""Detect installed anti-virus software on compromised host"", ""evidence"": ""detect the installed anti-virus software on the compromised host""}]","{
  ""mappings"": [
    {
      ""behavior"": ""Communicate with C2 server via HTTP"",
      ""evidence"": ""communicates with its command and control (C2) server via HTTP"",
      ""technique_id"": ""T1041"",
      ""justification"": ""The malware communicates with the C2 server via HTTP, which is a direct match for T1041: Exfiltration Over C2 Channel""
    },
    {
      ""behavior"": ""Execute Portable Executables on compromised hosts using the command line"",
      ""evidence"": ""can use the command line to execute Portable Executables (PEs) on compromised hosts"",
      ""technique_id"": ""T1055"",
      ""justification"": ""The malware executes PEs on compromised hosts, which is a direct match for T1055: Process Injection""
    },
    {
      ""behavior"": ""Decrypt AES-encrypted payloads"",
      ""evidence"": ""decrypting AES-encrypted payloads"",
      ""technique_id"": ""T1486"",
      ""justification"": ""The malware decrypts AES-encrypted payloads, which is a direct match for T1486: Data Encrypted for Impact""
    },
    {
      ""behavior"": ""Download files from C2 server"",
      ""evidence"": ""downloading files from the C2 server"",
      ""technique_id"": ""T1041"",
      ""justification"": ""The malware downloads files from the C2 server, which is a direct match for T1041: Exfiltration Over C2 Channel""
    },
    {
      ""behavior"": ""Extract malicious PEs from images"",
      ""evidence"": ""extract malicious PEs from images"",
      ""technique_id"": ""T1059"",
      ""justification"": ""The malware extracts malicious PEs from images, which is a direct match for T1059: Command and Scripting Interpreter""
    },
    {
      ""behavior"": ""Inject shellcode into svchost.exe"",
      ""evidence"": ""inject shellcode into svchost.exe"",
      ""technique_id"": ""T1055"",
      ""justification"": ""The malware injects shellcode into svchost.exe, which is a direct match for T1055: Process Injection""
    },
    {
      ""behavior"": ""Detect installed anti-virus software on compromised host"",
      ""evidence"": ""detect the installed anti-virus software on the compromised host"",
      ""technique_id"": ""T1083"",
      ""justification"": ""The malware detects installed anti-virus software, which is a direct match for T1083: File and Directory Discovery""
    }
  ],
  ""predicted_ids"": [
    ""T1041"",
    ""T1055"",
    ""T1486"",
    ""T1059""
  ]
}",valid,"[{""behavior"": ""Communicate with C2 server via HTTP"", ""evidence"": ""communicates with its command and control (C2) server via HTTP"", ""technique_id"": ""T1041"", ""justification"": ""The malware communicates with the C2 server via HTTP, which is a direct match for T1041: Exfiltration Over C2 Channel""}, {""behavior"": ""Execute Portable Executables on compromised hosts using the command line"", ""evidence"": ""can use the command line to execute Portable Executables (PEs) on compromised hosts"", ""technique_id"": ""T1055"", ""justification"": ""The malware executes PEs on compromised hosts, which is a direct match for T1055: Process Injection""}, {""behavior"": ""Decrypt AES-encrypted payloads"", ""evidence"": ""decrypting AES-encrypted payloads"", ""technique_id"": ""T1486"", ""justification"": ""The malware decrypts AES-encrypted payloads, which is a direct match for T1486: Data Encrypted for Impact""}, {""behavior"": ""Download files from C2 server"", ""evidence"": ""downloading files from the C2 server"", ""technique_id"": ""T1041"", ""justification"": ""The malware downloads files from the C2 server, which is a direct match for T1041: Exfiltration Over C2 Channel""}, {""behavior"": ""Extract malicious PEs from images"", ""evidence"": ""extract malicious PEs from images"", ""technique_id"": ""T1059"", ""justification"": ""The malware extracts malicious PEs from images, which is a direct match for T1059: Command and Scripting Interpreter""}, {""behavior"": ""Inject shellcode into svchost.exe"", ""evidence"": ""inject shellcode into svchost.exe"", ""technique_id"": ""T1055"", ""justification"": ""The malware injects shellcode into svchost.exe, which is a direct match for T1055: Process Injection""}, {""behavior"": ""Detect installed anti-virus software on compromised host"", ""evidence"": ""detect the installed anti-virus software on the compromised host"", ""technique_id"": ""T1083"", ""justification"": ""The malware detects installed anti-virus software, which is a direct match for T1083: File and Directory Discovery""}]","T1041, T1055, T1059, T1486",,"T1055, T1059","T1041, T1486","T1027, T1071, T1105, T1140, T1518",0.5,0.2857142857142857,0.3636363636363636,,4,4,1,2,3,2,6,5,"T1137, T1219, T1552",3,"T1041, T1486",2,T1059,1,,0,T1059,1,,0,0.25,0.1428571428571429,0.1818181818181818,high,large_fp_reduction; new_false_positives; gold_ids_recovered,,,,,
30,Enterprise,"WellMail is a lightweight malware written in Golang used by APT29, similar in design and structure to WellMess. WellMail can archive files on the compromised host. WellMail can exfiltrate files from the victim machine. WellMail can decompress scripts received from C2. WellMail can use hard coded client and certificate authority certificates to communicate with C2 over mutual TLS. WellMail can receive data and executable scripts from C2. WellMail can use TCP for C2 communications. WellMail has been observed using TCP port 25, without using SMTP, to leverage an open port for secure command and control communications. WellMail can identify the IP address of the victim system. WellMail can identify the current username on the victim system.[1]","T1005, T1016, T1033, T1095, T1105, T1140, T1560, T1571, T1573","After analyzing the text, I have identified the following MITRE Enterprise attack patterns and mapped them to their corresponding technique IDs:

1. **T1548**: Abuse Elevation Control Mechanism - WellMail can use hard-coded client and certificate authority certificates to communicate with C2 over mutual TLS.
2. **T1560**: Archive Collected Data - WellMail can archive files on the compromised host.
3. **T1041**: Exfiltration Over C2 Channel - WellMail can exfiltrate files from the victim machine.
4. **T1059**: Command and Scripting Interpreter - WellMail can decompress scripts received from C2.
5. **T1071**: Application Layer Protocol - WellMail uses TCP for C2 communications.
6. **T1010**: Application Window Discovery - WellMail can identify the IP address of the victim system.
7. **T1083**: File and Directory Discovery - WellMail can identify the current username on the victim system.

The main techniques, excluding subtechnique IDs, are:

T1548, T1560, T1041, T1059, T1071, T1010, T1083","T1010, T1041, T1059, T1071, T1083, T1548, T1560",T1560,"T1010, T1041, T1059, T1071, T1083, T1548","T1005, T1016, T1033, T1095, T1105, T1140, T1571, T1573",0.1428571428571428,0.1111111111111111,0.125,extra predicted IDs / false positives; missed gold IDs / false negatives,"{
  ""behaviors"": [
    {
      ""behavior"": ""Archive files"",
      ""evidence"": ""WellMail can archive files on the compromised host.""
    },
    {
      ""behavior"": ""Exfiltrate files"",
      ""evidence"": ""WellMail can exfiltrate files from the victim machine.""
    },
    {
      ""behavior"": ""Decompress scripts"",
      ""evidence"": ""WellMail can decompress scripts received from C2.""
    },
    {
      ""behavior"": ""Use mutual TLS for C2 communication"",
      ""evidence"": ""WellMail can use hard coded client and certificate authority certificates to communicate with C2 over mutual TLS.""
    },
    {
      ""behavior"": ""Receive data and executable scripts from C2"",
      ""evidence"": ""WellMail can receive data and executable scripts from C2.""
    },
    {
      ""behavior"": ""Use TCP for C2 communications"",
      ""evidence"": ""WellMail can use TCP for C2 communications.""
    },
    {
      ""behavior"": ""Leverage an open port for secure command and control communications"",
      ""evidence"": ""WellMail has been observed using TCP port 25, without using SMTP, to leverage an open port for secure command and control communications.""
    },
    {
      ""behavior"": ""Identify the IP address of the victim system"",
      ""evidence"": ""WellMail can identify the IP address of the victim system.""
    },
    {
      ""behavior"": ""Identify the current username on the victim system"",
      ""evidence"": ""WellMail can identify the current username on the victim system.""
    }
  ]
}",valid,"[{""behavior"": ""Archive files"", ""evidence"": ""WellMail can archive files on the compromised host.""}, {""behavior"": ""Exfiltrate files"", ""evidence"": ""WellMail can exfiltrate files from the victim machine.""}, {""behavior"": ""Decompress scripts"", ""evidence"": ""WellMail can decompress scripts received from C2.""}, {""behavior"": ""Use mutual TLS for C2 communication"", ""evidence"": ""WellMail can use hard coded client and certificate authority certificates to communicate with C2 over mutual TLS.""}, {""behavior"": ""Receive data and executable scripts from C2"", ""evidence"": ""WellMail can receive data and executable scripts from C2.""}, {""behavior"": ""Use TCP for C2 communications"", ""evidence"": ""WellMail can use TCP for C2 communications.""}, {""behavior"": ""Leverage an open port for secure command and control communications"", ""evidence"": ""WellMail has been observed using TCP port 25, without using SMTP, to leverage an open port for secure command and control communications.""}, {""behavior"": ""Identify the IP address of the victim system"", ""evidence"": ""WellMail can identify the IP address of the victim system.""}, {""behavior"": ""Identify the current username on the victim system"", ""evidence"": ""WellMail can identify the current username on the victim system.""}]","{
  ""mappings"": [
    {
      ""behavior"": ""Archive files"",
      ""evidence"": ""WellMail can archive files on the compromised host."",
      ""technique_id"": ""T1560"",
      ""justification"": ""The behavior of archiving files directly supports the technique ID T1560: Archive Collected Data.""
    },
    {
      ""behavior"": ""Exfiltrate files"",
      ""evidence"": ""WellMail can exfiltrate files from the victim machine."",
      ""technique_id"": ""T1041"",
      ""justification"": ""The behavior of exfiltrating files directly supports the technique ID T1041: Exfiltration Over C2 Channel.""
    },
    {
      ""behavior"": ""Decompress scripts"",
      ""evidence"": ""WellMail can decompress scripts received from C2."",
      ""technique_id"": ""T1055"",
      ""justification"": ""The behavior of decompressing scripts directly supports the technique ID T1055: Process Injection.""
    },
    {
      ""behavior"": ""Use mutual TLS for C2 communication"",
      ""evidence"": ""WellMail can use hard coded client and certificate authority certificates to communicate with C2 over mutual TLS."",
      ""technique_id"": ""T1071"",
      ""justification"": ""The behavior of using mutual TLS for C2 communication directly supports the technique ID T1071: Application Layer Protocol.""
    },
    {
      ""behavior"": ""Receive data and executable scripts from C2"",
      ""evidence"": ""WellMail can receive data and executable scripts from C2."",
      ""technique_id"": ""T1059"",
      ""justification"": ""The behavior of receiving data and executable scripts from C2 directly supports the technique ID T1059: Command and Scripting Interpreter.""
    },
    {
      ""behavior"": ""Use TCP for C2 communications"",
      ""evidence"": ""WellMail can use TCP for C2 communications."",
      ""technique_id"": ""T1095"",
      ""justification"": ""The behavior of using TCP for C2 communications directly supports the technique ID T1095: Non-Application Layer Protocol.""
    },
    {
      ""behavior"": ""Leverage an open port for secure command and control communications"",
      ""evidence"": ""WellMail has been observed using TCP port 25, without using SMTP, to leverage an open port for secure command and control communications."",
      ""technique_id"": ""T1046"",
      ""justification"": ""The behavior of leveraging an open port for secure command and control communications directly supports the technique ID T1046: Network Service Discovery.""
    },
    {
      ""behavior"": ""Identify the IP address of the victim system"",
      ""evidence"": ""WellMail can identify the IP address of the victim system."",
      ""technique_id"": ""T1018"",
      ""justification"": ""The behavior of identifying the IP address of the victim system directly supports the technique ID T1018: Remote System Discovery.""
    },
    {
      ""behavior"": ""Identify the current username on the victim system"",
      ""evidence"": ""WellMail can identify the current username on the victim system."",
      ""technique_id"": ""T1033"",
      ""justification"": ""The behavior of identifying the current username on the victim system directly supports the technique ID T1033: System Owner/User Discovery.""
    }
  ],
  ""predicted_ids"": [
    ""T1560"",
    ""T1041"",
    ""T1055"",
    ""T1071"",
    ""T1059"",
    ""T1095"",
    ""T1046"",
    ""T1018"",
    ""T1033""
  ]
}",valid,"[{""behavior"": ""Archive files"", ""evidence"": ""WellMail can archive files on the compromised host."", ""technique_id"": ""T1560"", ""justification"": ""The behavior of archiving files directly supports the technique ID T1560: Archive Collected Data.""}, {""behavior"": ""Exfiltrate files"", ""evidence"": ""WellMail can exfiltrate files from the victim machine."", ""technique_id"": ""T1041"", ""justification"": ""The behavior of exfiltrating files directly supports the technique ID T1041: Exfiltration Over C2 Channel.""}, {""behavior"": ""Decompress scripts"", ""evidence"": ""WellMail can decompress scripts received from C2."", ""technique_id"": ""T1055"", ""justification"": ""The behavior of decompressing scripts directly supports the technique ID T1055: Process Injection.""}, {""behavior"": ""Use mutual TLS for C2 communication"", ""evidence"": ""WellMail can use hard coded client and certificate authority certificates to communicate with C2 over mutual TLS."", ""technique_id"": ""T1071"", ""justification"": ""The behavior of using mutual TLS for C2 communication directly supports the technique ID T1071: Application Layer Protocol.""}, {""behavior"": ""Receive data and executable scripts from C2"", ""evidence"": ""WellMail can receive data and executable scripts from C2."", ""technique_id"": ""T1059"", ""justification"": ""The behavior of receiving data and executable scripts from C2 directly supports the technique ID T1059: Command and Scripting Interpreter.""}, {""behavior"": ""Use TCP for C2 communications"", ""evidence"": ""WellMail can use TCP for C2 communications."", ""technique_id"": ""T1095"", ""justification"": ""The behavior of using TCP for C2 communications directly supports the technique ID T1095: Non-Application Layer Protocol.""}, {""behavior"": ""Leverage an open port for secure command and control communications"", ""evidence"": ""WellMail has been observed using TCP port 25, without using SMTP, to leverage an open port for secure command and control communications."", ""technique_id"": ""T1046"", ""justification"": ""The behavior of leveraging an open port for secure command and control communications directly supports the technique ID T1046: Network Service Discovery.""}, {""behavior"": ""Identify the IP address of the victim system"", ""evidence"": ""WellMail can identify the IP address of the victim system."", ""technique_id"": ""T1018"", ""justification"": ""The behavior of identifying the IP address of the victim system directly supports the technique ID T1018: Remote System Discovery.""}, {""behavior"": ""Identify the current username on the victim system"", ""evidence"": ""WellMail can identify the current username on the victim system."", ""technique_id"": ""T1033"", ""justification"": ""The behavior of identifying the current username on the victim system directly supports the technique ID T1033: System Owner/User Discovery.""}]","T1018, T1033, T1041, T1046, T1055, T1059, T1071, T1095, T1560",,"T1033, T1095, T1560","T1018, T1041, T1046, T1055, T1059, T1071","T1005, T1016, T1105, T1140, T1571, T1573",0.3333333333333333,0.3333333333333333,0.3333333333333333,,7,9,1,3,6,6,8,6,"T1010, T1083, T1548",3,"T1018, T1046, T1055",3,"T1033, T1095",2,,0,"T1033, T1095",2,,0,0.19047619047619052,0.2222222222222222,0.20833333333333331,high,large_fp_reduction; new_false_positives; gold_ids_recovered; many_remaining_false_positives,,,,,
38,Enterprise,"STEADYPULSE is a web shell that targets Pulse Secure VPN servers by modifying a legitimate Perl script. It has been used since at least 2020, including in attacks against U.S. Defense Industrial Base (DIB) entities. STEADYPULSE can parse incoming web requests to determine the next steps in its execution and transmit data over its command and control (C2) channel using URL encoding. It is also capable of URL decoding key/value pairs received over C2. The web shell can modify Perl scripts on the targeted server to import additional Perl modules and enable the execution of arbitrary commands on compromised web servers.","T1071, T1105, T1132, T1140, T1505","After analyzing the provided text, I have identified the following MITRE Enterprise attack patterns and mapped them to their corresponding technique IDs:

1. **T1059: Command and Scripting Interpreter**: STEADYPULSE uses a legitimate Perl script to execute arbitrary commands on compromised web servers.
2. **T1041: Exfiltration Over C2 Channel**: The web shell transmits data over its command and control (C2) channel using URL encoding.
3. **T1134: Access Token Manipulation**: STEADYPULSE can modify Perl scripts on the targeted server to import additional Perl modules, which may involve manipulating access tokens.
4. **T1557: Adversary-in-the-Middle**: The web shell's ability to parse incoming web requests and transmit data over C2 suggests an adversary-in-the-middle scenario.

Here are the main technique IDs, excluding subtechnique IDs:

T1059, T1041, T1134, T1557","T1041, T1059, T1134, T1557",,"T1041, T1059, T1134, T1557","T1071, T1105, T1132, T1140, T1505",0.0,0.0,0.0,extra predicted IDs / false positives; missed gold IDs / false negatives,"{
  ""behaviors"": [
    {
      ""behavior"": ""Modify a legitimate Perl script"",
      ""evidence"": ""modifying a legitimate Perl script""
    },
    {
      ""behavior"": ""Parse incoming web requests to determine next steps in execution"",
      ""evidence"": ""parse incoming web requests to determine the next steps in its execution""
    },
    {
      ""behavior"": ""Transmit data over C2 channel using URL encoding"",
      ""evidence"": ""transmit data over its command and control (C2) channel using URL encoding""
    },
    {
      ""behavior"": ""URL decode key/value pairs received over C2"",
      ""evidence"": ""URL decoding key/value pairs received over C2""
    },
    {
      ""behavior"": ""Import additional Perl modules on compromised web servers"",
      ""evidence"": ""modify Perl scripts on the targeted server to import additional Perl modules""
    },
    {
      ""behavior"": ""Execute arbitrary commands on compromised web servers"",
      ""evidence"": ""enable the execution of arbitrary commands on compromised web servers""
    }
  ]
}",valid,"[{""behavior"": ""Modify a legitimate Perl script"", ""evidence"": ""modifying a legitimate Perl script""}, {""behavior"": ""Parse incoming web requests to determine next steps in execution"", ""evidence"": ""parse incoming web requests to determine the next steps in its execution""}, {""behavior"": ""Transmit data over C2 channel using URL encoding"", ""evidence"": ""transmit data over its command and control (C2) channel using URL encoding""}, {""behavior"": ""URL decode key/value pairs received over C2"", ""evidence"": ""URL decoding key/value pairs received over C2""}, {""behavior"": ""Import additional Perl modules on compromised web servers"", ""evidence"": ""modify Perl scripts on the targeted server to import additional Perl modules""}, {""behavior"": ""Execute arbitrary commands on compromised web servers"", ""evidence"": ""enable the execution of arbitrary commands on compromised web servers""}]","{
  ""mappings"": [
    {
      ""behavior"": ""Modify a legitimate Perl script"",
      ""evidence"": ""modifying a legitimate Perl script"",
      ""technique_id"": ""T1055"",
      ""justification"": ""Process Injection: Modifying a legitimate Perl script to inject malicious code""
    },
    {
      ""behavior"": ""Parse incoming web requests to determine next steps in execution"",
      ""evidence"": ""parse incoming web requests to determine the next steps in its execution"",
      ""technique_id"": ""T1071"",
      ""justification"": ""Application Layer Protocol: Parsing incoming web requests to determine next steps in execution""
    },
    {
      ""behavior"": ""Transmit data over C2 channel using URL encoding"",
      ""evidence"": ""transmit data over its command and control (C2) channel using URL encoding"",
      ""technique_id"": ""T1041"",
      ""justification"": ""Exfiltration Over C2 Channel: Transmitting data over the C2 channel using URL encoding""
    },
    {
      ""behavior"": ""URL decode key/value pairs received over C2"",
      ""evidence"": ""URL decoding key/value pairs received over C2"",
      ""technique_id"": ""T1140"",
      ""justification"": ""Deobfuscate/Decode Files or Information: URL decoding key/value pairs received over C2""
    },
    {
      ""behavior"": ""Import additional Perl modules on compromised web servers"",
      ""evidence"": ""modify Perl scripts on the targeted server to import additional Perl modules"",
      ""technique_id"": ""T1055"",
      ""justification"": ""Process Injection: Modifying Perl scripts to import additional Perl modules""
    },
    {
      ""behavior"": ""Execute arbitrary commands on compromised web servers"",
      ""evidence"": ""enable the execution of arbitrary commands on compromised web servers"",
      ""technique_id"": ""T1055"",
      ""justification"": ""Process Injection: Enabling the execution of arbitrary commands on compromised web servers""
    }
  ],
  ""predicted_ids"": [
    ""T1041"",
    ""T1140"",
    ""T1055""
  ]
}",valid,"[{""behavior"": ""Modify a legitimate Perl script"", ""evidence"": ""modifying a legitimate Perl script"", ""technique_id"": ""T1055"", ""justification"": ""Process Injection: Modifying a legitimate Perl script to inject malicious code""}, {""behavior"": ""Parse incoming web requests to determine next steps in execution"", ""evidence"": ""parse incoming web requests to determine the next steps in its execution"", ""technique_id"": ""T1071"", ""justification"": ""Application Layer Protocol: Parsing incoming web requests to determine next steps in execution""}, {""behavior"": ""Transmit data over C2 channel using URL encoding"", ""evidence"": ""transmit data over its command and control (C2) channel using URL encoding"", ""technique_id"": ""T1041"", ""justification"": ""Exfiltration Over C2 Channel: Transmitting data over the C2 channel using URL encoding""}, {""behavior"": ""URL decode key/value pairs received over C2"", ""evidence"": ""URL decoding key/value pairs received over C2"", ""technique_id"": ""T1140"", ""justification"": ""Deobfuscate/Decode Files or Information: URL decoding key/value pairs received over C2""}, {""behavior"": ""Import additional Perl modules on compromised web servers"", ""evidence"": ""modify Perl scripts on the targeted server to import additional Perl modules"", ""technique_id"": ""T1055"", ""justification"": ""Process Injection: Modifying Perl scripts to import additional Perl modules""}, {""behavior"": ""Execute arbitrary commands on compromised web servers"", ""evidence"": ""enable the execution of arbitrary commands on compromised web servers"", ""technique_id"": ""T1055"", ""justification"": ""Process Injection: Enabling the execution of arbitrary commands on compromised web servers""}]","T1041, T1055, T1140",,T1140,"T1041, T1055","T1071, T1105, T1132, T1505",0.3333333333333333,0.2,0.25,,4,3,0,1,4,2,5,4,"T1059, T1134, T1557",3,T1055,1,T1140,1,,0,T1140,1,,0,0.3333333333333333,0.2,0.25,high,large_fp_reduction; new_false_positives; gold_ids_recovered,,,,,
41,Enterprise,"WARPWIRE is a JavaScript-based credential stealer that targets plaintext usernames and passwords for exfiltration. It was deployed during the Cutting Edge campaign to compromise Ivanti Connect Secure VPNs. WARPWIRE operates as a credential harvester written in JavaScript and can embed itself into legitimate files on compromised Ivanti Connect Secure VPNs. It Base64 encodes captured credentials using `btoa()` before transmitting them to its command and control (C2) server. The stolen credentials are sent via HTTP GET or POST requests. Additionally, WARPWIRE can intercept credentials submitted during the web logon process, enabling access to layer seven applications such as Remote Desktop Protocol (RDP).","T1048, T1056, T1059, T1132, T1554","After analyzing the provided text, I have identified the following MITRE Enterprise attack patterns and mapped them to their corresponding technique IDs:

1. **T1059: Command and Scripting Interpreter**: WARPWIRE is a JavaScript-based credential stealer that operates as a credential harvester written in JavaScript.
2. **T1041: Exfiltration Over C2 Channel**: The stolen credentials are sent via HTTP GET or POST requests to the command and control (C2) server.
3. **T1010: Application Window Discovery**: WARPWIRE can intercept credentials submitted during the web logon process, enabling access to layer seven applications such as Remote Desktop Protocol (RDP).
4. **T1555: Credentials from Password Stores**: The credential harvester captures plaintext usernames and passwords for exfiltration.
5. **T1048: Exfiltration Over Alternative Protocol**: The stolen credentials are sent via HTTP GET or POST requests, which is an alternative protocol.

The main technique IDs (excluding subtechnique IDs) are:

T1059, T1041, T1010, T1555, T1048","T1010, T1041, T1048, T1059, T1555","T1048, T1059","T1010, T1041, T1555","T1056, T1132, T1554",0.4,0.4,0.4000000000000001,extra predicted IDs / false positives; missed gold IDs / false negatives,"{
  ""behaviors"": [
    {
      ""behavior"": ""Embed itself into legitimate files"",
      ""evidence"": ""can embed itself into legitimate files on compromised Ivanti Connect Secure VPNs""
    },
    {
      ""behavior"": ""Base64 encode captured credentials"",
      ""evidence"": ""Base64 encodes captured credentials using `btoa()` before transmitting them to its command and control (C2) server""
    },
    {
      ""behavior"": ""Transmit stolen credentials via HTTP GET or POST requests"",
      ""evidence"": ""The stolen credentials are sent via HTTP GET or POST requests""
    },
    {
      ""behavior"": ""Intercept web logon credentials"",
      ""evidence"": ""intercept credentials submitted during the web logon process""
    }
  ]
}",valid,"[{""behavior"": ""Embed itself into legitimate files"", ""evidence"": ""can embed itself into legitimate files on compromised Ivanti Connect Secure VPNs""}, {""behavior"": ""Base64 encode captured credentials"", ""evidence"": ""Base64 encodes captured credentials using `btoa()` before transmitting them to its command and control (C2) server""}, {""behavior"": ""Transmit stolen credentials via HTTP GET or POST requests"", ""evidence"": ""The stolen credentials are sent via HTTP GET or POST requests""}, {""behavior"": ""Intercept web logon credentials"", ""evidence"": ""intercept credentials submitted during the web logon process""}]","{
  ""mappings"": [
    {
      ""behavior"": ""Embed itself into legitimate files"",
      ""evidence"": ""can embed itself into legitimate files on compromised Ivanti Connect Secure VPNs"",
      ""technique_id"": ""T1055"",
      ""justification"": ""Process Injection: Embedding malware code into a legitimate process""
    },
    {
      ""behavior"": ""Base64 encode captured credentials"",
      ""evidence"": ""Base64 encodes captured credentials using `btoa()` before transmitting them to its command and control (C2) server"",
      ""technique_id"": ""T1001"",
      ""justification"": ""Data Obfuscation: Base64 encoding of stolen credentials""
    },
    {
      ""behavior"": ""Transmit stolen credentials via HTTP GET or POST requests"",
      ""evidence"": ""The stolen credentials are sent via HTTP GET or POST requests"",
      ""technique_id"": ""T1041"",
      ""justification"": ""Exfiltration Over C2 Channel: Stealing credentials and transmitting them over HTTP""
    },
    {
      ""behavior"": ""Intercept web logon credentials"",
      ""evidence"": ""intercept credentials submitted during the web logon process"",
      ""technique_id"": ""T1211"",
      ""justification"": ""Exploitation for Credential Access: Intercepting web logon credentials""
    }
  ],
  ""predicted_ids"": [
    ""T1055"",
    ""T1001"",
    ""T1041"",
    ""T1211""
  ]
}",valid,"[{""behavior"": ""Embed itself into legitimate files"", ""evidence"": ""can embed itself into legitimate files on compromised Ivanti Connect Secure VPNs"", ""technique_id"": ""T1055"", ""justification"": ""Process Injection: Embedding malware code into a legitimate process""}, {""behavior"": ""Base64 encode captured credentials"", ""evidence"": ""Base64 encodes captured credentials using `btoa()` before transmitting them to its command and control (C2) server"", ""technique_id"": ""T1001"", ""justification"": ""Data Obfuscation: Base64 encoding of stolen credentials""}, {""behavior"": ""Transmit stolen credentials via HTTP GET or POST requests"", ""evidence"": ""The stolen credentials are sent via HTTP GET or POST requests"", ""technique_id"": ""T1041"", ""justification"": ""Exfiltration Over C2 Channel: Stealing credentials and transmitting them over HTTP""}, {""behavior"": ""Intercept web logon credentials"", ""evidence"": ""intercept credentials submitted during the web logon process"", ""technique_id"": ""T1211"", ""justification"": ""Exploitation for Credential Access: Intercepting web logon credentials""}]","T1001, T1041, T1055, T1211",,,"T1001, T1041, T1055, T1211","T1048, T1056, T1059, T1132, T1554",0.0,0.0,0.0,,5,4,2,0,3,4,3,5,"T1010, T1555",2,"T1001, T1055, T1211",3,,0,"T1048, T1059",2,,0,"T1048, T1059",2,-0.4,-0.4,-0.4000000000000001,high,new_false_positives; new_false_negatives; f1_worsened; many_remaining_false_positives,,,,,
6,Enterprise,"adbupd is a backdoor utilized by PLATINUM, bearing similarities to Dipsind. It has the capability to execute a copy of cmd.exe and includes the OpenSSL library to encrypt its command and control (C2) traffic. Additionally, adbupd can achieve persistence by leveraging a WMI script.","T1059, T1546, T1573","After analyzing the text, I have identified the following MITRE Enterprise attack patterns and mapped them to their corresponding technique IDs:

1. **adbupd** utilizes a WMI script for persistence:
	* Technique ID: T1134 (Access Token Manipulation) - Not directly related, but WMI scripts can be used to manipulate access tokens.
	* More relevant: T1547 (Boot or Logon Autostart Execution) - Adbupd uses a WMI script to achieve persistence, which is similar to boot or logon autostart execution.
2. **adbupd** executes a copy of cmd.exe and includes the OpenSSL library:
	* Technique ID: T1059 (Command and Scripting Interpreter) - This technique involves using built-in command-line tools like cmd.exe to execute scripts or commands.
3. **adbupd** encrypts its C2 traffic with OpenSSL:
	* Technique ID: T1573 (Encrypted Channel) - Adbupd uses encryption to protect its communication, which is a common tactic used by attackers.

The main techniques identified are:

T1547, T1059, and T1573

Note that these IDs only include the main technique and do not include any subtechnique IDs.","T1059, T1134, T1547, T1573","T1059, T1573","T1134, T1547",T1546,0.5,0.6666666666666666,0.5714285714285715,extra predicted IDs / false positives; missed gold IDs / false negatives,"{
  ""behaviors"": [
    {
      ""behavior"": ""Execute a copy of cmd.exe"",
      ""evidence"": ""execute a copy of cmd.exe""
    },
    {
      ""behavior"": ""Encrypt C2 traffic using OpenSSL library"",
      ""evidence"": ""encrypt its command and control (C2) traffic using the OpenSSL library""
    },
    {
      ""behavior"": ""Leverage WMI script for persistence"",
      ""evidence"": ""leveraging a WMI script""
    }
  ]
}",valid,"[{""behavior"": ""Execute a copy of cmd.exe"", ""evidence"": ""execute a copy of cmd.exe""}, {""behavior"": ""Encrypt C2 traffic using OpenSSL library"", ""evidence"": ""encrypt its command and control (C2) traffic using the OpenSSL library""}, {""behavior"": ""Leverage WMI script for persistence"", ""evidence"": ""leveraging a WMI script""}]","{
  ""mappings"": [
    {
      ""behavior"": ""Execute a copy of cmd.exe"",
      ""evidence"": ""execute a copy of cmd.exe"",
      ""technique_id"": ""T1055"",
      ""justification"": ""Process Injection: Execute a process with elevated privileges""
    },
    {
      ""behavior"": ""Encrypt C2 traffic using OpenSSL library"",
      ""evidence"": ""encrypt its command and control (C2) traffic using the OpenSSL library"",
      ""technique_id"": ""T1573"",
      ""justification"": ""Encrypted Channel: Encrypting C2 traffic""
    },
    {
      ""behavior"": ""Leverage WMI script for persistence"",
      ""evidence"": ""leveraging a WMI script"",
      ""technique_id"": ""T1048"",
      ""justification"": ""Exfiltration Over Alternative Protocol: Using WMI to execute scripts""
    }
  ],
  ""predicted_ids"": [
    ""T1055"",
    ""T1573"",
    ""T1048""
  ]
}",valid,"[{""behavior"": ""Execute a copy of cmd.exe"", ""evidence"": ""execute a copy of cmd.exe"", ""technique_id"": ""T1055"", ""justification"": ""Process Injection: Execute a process with elevated privileges""}, {""behavior"": ""Encrypt C2 traffic using OpenSSL library"", ""evidence"": ""encrypt its command and control (C2) traffic using the OpenSSL library"", ""technique_id"": ""T1573"", ""justification"": ""Encrypted Channel: Encrypting C2 traffic""}, {""behavior"": ""Leverage WMI script for persistence"", ""evidence"": ""leveraging a WMI script"", ""technique_id"": ""T1048"", ""justification"": ""Exfiltration Over Alternative Protocol: Using WMI to execute scripts""}]","T1048, T1055, T1573",,T1573,"T1048, T1055","T1059, T1546",0.3333333333333333,0.3333333333333333,0.3333333333333333,,4,3,2,1,2,2,1,2,"T1134, T1547",2,"T1048, T1055",2,,0,T1059,1,,0,T1059,1,-0.16666666666666669,-0.3333333333333333,-0.2380952380952382,high,new_false_positives; new_false_negatives; f1_worsened,,,,,
37,Enterprise,"SLIGHTPULSE is a web shell that has been used by APT5 since at least 2020, including in attacks against Pulse Secure VPNs targeting U.S. Defense Industrial Base (DIB) entities. SLIGHTPULSE can process HTTP GET requests like a normal web server while inserting logic to read or write files and execute commands in response to HTTP POST requests. It also has the capability to execute arbitrary commands passed to it and can base64 encode all incoming and outgoing command and control (C2) messages. The web shell can read files from the local system and pipe the output of executed commands to `/tmp/1`. Additionally, SLIGHTPULSE can deobfuscate and encrypt C2 messages using base64 encoding and RC4 encryption.","T1005, T1059, T1071, T1074, T1132, T1140, T1573","After analyzing the provided text, I have identified the following MITRE Enterprise attack patterns and mapped them to their corresponding technique IDs:

1. **T1134**: Access Token Manipulation - The web shell can process HTTP GET requests like a normal web server while inserting logic to read or write files and execute commands in response to HTTP POST requests.
2. **T1548**: Abuse Elevation Control Mechanism - SLIGHTPULSE can deobfuscate and encrypt C2 messages using base64 encoding and RC4 encryption, which may indicate an attempt to bypass security controls.
3. **T1059**: Command and Scripting Interpreter - The web shell can execute arbitrary commands passed to it.
4. **T1041**: Exfiltration Over C2 Channel - SLIGHTPULSE can base64 encode all incoming and outgoing command and control (C2) messages.
5. **T1071**: Application Layer Protocol - The web shell can process HTTP GET requests like a normal web server while inserting logic to read or write files and execute commands in response to HTTP POST requests.

Here are the main technique IDs, excluding subtechnique IDs:

T1134, T1548, T1059, T1041, T1071","T1041, T1059, T1071, T1134, T1548","T1059, T1071","T1041, T1134, T1548","T1005, T1074, T1132, T1140, T1573",0.4,0.2857142857142857,0.3333333333333333,extra predicted IDs / false positives; missed gold IDs / false negatives,"{
  ""behaviors"": [
    {
      ""behavior"": ""Process HTTP GET requests"",
      ""evidence"": ""process HTTP GET requests like a normal web server""
    },
    {
      ""behavior"": ""Insert logic to read or write files in response to HTTP POST requests"",
      ""evidence"": ""inserting logic to read or write files and execute commands in response to HTTP POST requests""
    },
    {
      ""behavior"": ""Execute arbitrary commands"",
      ""evidence"": ""execute arbitrary commands passed to it""
    },
    {
      ""behavior"": ""Base64 encode C2 messages"",
      ""evidence"": ""base64 encode all incoming and outgoing command and control (C2) messages""
    },
    {
      ""behavior"": ""Read files from the local system"",
      ""evidence"": ""read files from the local system""
    },
    {
      ""behavior"": ""Pipe output of executed commands to /tmp/1"",
      ""evidence"": ""pipe the output of executed commands to `/tmp/1`""
    },
    {
      ""behavior"": ""Deobfuscate C2 messages using base64 encoding"",
      ""evidence"": ""deobfuscate and encrypt C2 messages using base64 encoding""
    },
    {
      ""behavior"": ""Encrypt C2 messages using RC4 encryption"",
      ""evidence"": ""encrypt C2 messages using RC4 encryption""
    }
  ]
}",valid,"[{""behavior"": ""Process HTTP GET requests"", ""evidence"": ""process HTTP GET requests like a normal web server""}, {""behavior"": ""Insert logic to read or write files in response to HTTP POST requests"", ""evidence"": ""inserting logic to read or write files and execute commands in response to HTTP POST requests""}, {""behavior"": ""Execute arbitrary commands"", ""evidence"": ""execute arbitrary commands passed to it""}, {""behavior"": ""Base64 encode C2 messages"", ""evidence"": ""base64 encode all incoming and outgoing command and control (C2) messages""}, {""behavior"": ""Read files from the local system"", ""evidence"": ""read files from the local system""}, {""behavior"": ""Pipe output of executed commands to /tmp/1"", ""evidence"": ""pipe the output of executed commands to `/tmp/1`""}, {""behavior"": ""Deobfuscate C2 messages using base64 encoding"", ""evidence"": ""deobfuscate and encrypt C2 messages using base64 encoding""}, {""behavior"": ""Encrypt C2 messages using RC4 encryption"", ""evidence"": ""encrypt C2 messages using RC4 encryption""}]","{
  ""mappings"": [
    {
      ""behavior"": ""Process HTTP GET requests"",
      ""evidence"": ""process HTTP GET requests like a normal web server"",
      ""technique_id"": ""T1010"",
      ""justification"": ""The behavior of processing HTTP GET requests matches the technique ID T1010: Application Window Discovery""
    },
    {
      ""behavior"": ""Insert logic to read or write files in response to HTTP POST requests"",
      ""evidence"": ""inserting logic to read or write files and execute commands in response to HTTP POST requests"",
      ""technique_id"": ""T1059"",
      ""justification"": ""The behavior of inserting logic to read or write files matches the technique ID T1059: Command and Scripting Interpreter""
    },
    {
      ""behavior"": ""Execute arbitrary commands"",
      ""evidence"": ""execute arbitrary commands passed to it"",
      ""technique_id"": ""T1055"",
      ""justification"": ""The behavior of executing arbitrary commands matches the technique ID T1055: Process Injection""
    },
    {
      ""behavior"": ""Base64 encode C2 messages"",
      ""evidence"": ""base64 encode all incoming and outgoing command and control (C2) messages"",
      ""technique_id"": ""T1041"",
      ""justification"": ""The behavior of base64 encoding C2 messages matches the technique ID T1041: Exfiltration Over C2 Channel""
    },
    {
      ""behavior"": ""Read files from the local system"",
      ""evidence"": ""read files from the local system"",
      ""technique_id"": ""T1083"",
      ""justification"": ""The behavior of reading files from the local system matches the technique ID T1083: File and Directory Discovery""
    },
    {
      ""behavior"": ""Pipe output of executed commands to /tmp/1"",
      ""evidence"": ""pipe the output of executed commands to `/tmp/1`"",
      ""technique_id"": ""T1057"",
      ""justification"": ""The behavior of piping output matches the technique ID T1057: Process Discovery""
    },
    {
      ""behavior"": ""Deobfuscate C2 messages using base64 encoding"",
      ""evidence"": ""deobfuscate and encrypt C2 messages using base64 encoding"",
      ""technique_id"": ""T1140"",
      ""justification"": ""The behavior of deobfuscating C2 messages matches the technique ID T1140: Deobfuscate/Decode Files or Information""
    },
    {
      ""behavior"": ""Encrypt C2 messages using RC4 encryption"",
      ""evidence"": ""encrypt C2 messages using RC4 encryption"",
      ""technique_id"": ""T1486"",
      ""justification"": ""The behavior of encrypting C2 messages matches the technique ID T1486: Data Encrypted for Impact""
    }
  ],
  ""predicted_ids"": [
    ""T1010"", ""T1059"", ""T1055"", ""T1041"", ""T1083"", ""T1057"", ""T1140"", ""T1486""
  ]
}",valid,"[{""behavior"": ""Process HTTP GET requests"", ""evidence"": ""process HTTP GET requests like a normal web server"", ""technique_id"": ""T1010"", ""justification"": ""The behavior of processing HTTP GET requests matches the technique ID T1010: Application Window Discovery""}, {""behavior"": ""Insert logic to read or write files in response to HTTP POST requests"", ""evidence"": ""inserting logic to read or write files and execute commands in response to HTTP POST requests"", ""technique_id"": ""T1059"", ""justification"": ""The behavior of inserting logic to read or write files matches the technique ID T1059: Command and Scripting Interpreter""}, {""behavior"": ""Execute arbitrary commands"", ""evidence"": ""execute arbitrary commands passed to it"", ""technique_id"": ""T1055"", ""justification"": ""The behavior of executing arbitrary commands matches the technique ID T1055: Process Injection""}, {""behavior"": ""Base64 encode C2 messages"", ""evidence"": ""base64 encode all incoming and outgoing command and control (C2) messages"", ""technique_id"": ""T1041"", ""justification"": ""The behavior of base64 encoding C2 messages matches the technique ID T1041: Exfiltration Over C2 Channel""}, {""behavior"": ""Read files from the local system"", ""evidence"": ""read files from the local system"", ""technique_id"": ""T1083"", ""justification"": ""The behavior of reading files from the local system matches the technique ID T1083: File and Directory Discovery""}, {""behavior"": ""Pipe output of executed commands to /tmp/1"", ""evidence"": ""pipe the output of executed commands to `/tmp/1`"", ""technique_id"": ""T1057"", ""justification"": ""The behavior of piping output matches the technique ID T1057: Process Discovery""}, {""behavior"": ""Deobfuscate C2 messages using base64 encoding"", ""evidence"": ""deobfuscate and encrypt C2 messages using base64 encoding"", ""technique_id"": ""T1140"", ""justification"": ""The behavior of deobfuscating C2 messages matches the technique ID T1140: Deobfuscate/Decode Files or Information""}, {""behavior"": ""Encrypt C2 messages using RC4 encryption"", ""evidence"": ""encrypt C2 messages using RC4 encryption"", ""technique_id"": ""T1486"", ""justification"": ""The behavior of encrypting C2 messages matches the technique ID T1486: Data Encrypted for Impact""}]","T1010, T1041, T1055, T1057, T1059, T1083, T1140, T1486",,"T1059, T1140","T1010, T1041, T1055, T1057, T1083, T1486","T1005, T1071, T1074, T1132, T1573",0.25,0.2857142857142857,0.2666666666666666,,5,8,2,2,3,6,5,5,"T1134, T1548",2,"T1010, T1055, T1057, T1083, T1486",5,T1140,1,T1071,1,T1140,1,T1071,1,-0.15000000000000002,0.0,-0.06666666666666671,high,new_false_positives; gold_ids_recovered; new_false_negatives; f1_worsened; many_remaining_false_positives,,,,,
42,Enterprise,"AcidRain is an ELF binary designed to target modems and routers using MIPS architecture. It is linked to the ViaSat KA-SAT communication outage that occurred during the early stages of the 2022 invasion of Ukraine. AcidRain conducts a comprehensive wipe of the target filesystem and connected storage devices by either overwriting data or using various IOCTL commands to erase it. The malware systematically iterates over device file identifiers on the target, opens the device files, and then either overwrites them or issues IOCTL commands to remove the data. AcidRain specifically targets files and directories in the Linux operating system associated with storage devices. After completing the wiping process, AcidRain reboots the compromised system.","T1083, T1485, T1529, T1561","After analyzing the provided text, I have identified the following MITRE Enterprise attack patterns and mapped them to their corresponding technique IDs:

1. **T1485: Data Destruction** - AcidRain conducts a comprehensive wipe of the target filesystem and connected storage devices by either overwriting data or using various IOCTL commands to erase it.
2. **T1059: Command and Scripting Interpreter** - The malware systematically iterates over device file identifiers on the target, opens the device files, and then either overwrites them or issues IOCTL commands to remove the data.
3. **T1561: Disk Wipe** - AcidRain specifically targets files and directories in the Linux operating system associated with storage devices.
4. **T1547: Boot or Logon Autostart Execution** - After completing the wiping process, AcidRain reboots the compromised system.

Here are the main technique IDs (excluding subtechnique IDs) separated by commas:

T1485,T1059,T1561,T1547","T1059, T1485, T1547, T1561","T1485, T1561","T1059, T1547","T1083, T1529",0.5,0.5,0.5,extra predicted IDs / false positives; missed gold IDs / false negatives,"{
  ""behaviors"": [
    {
      ""behavior"": ""Conducts a comprehensive wipe of the target filesystem"",
      ""evidence"": ""conducts a comprehensive wipe of the target filesystem and connected storage devices""
    },
    {
      ""behavior"": ""Overwrites data on device files"",
      ""evidence"": ""overwriting data or using various IOCTL commands to erase it""
    },
    {
      ""behavior"": ""Issues IOCTL commands to remove data from device files"",
      ""evidence"": ""using various IOCTL commands to erase it""
    },
    {
      ""behavior"": ""Iterates over device file identifiers on the target"",
      ""evidence"": ""systematically iterates over device file identifiers on the target""
    },
    {
      ""behavior"": ""Opens device files"",
      ""evidence"": ""opens the device files""
    },
    {
      ""behavior"": ""Reboots the compromised system"",
      ""evidence"": ""After completing the wiping process, AcidRain reboots the compromised system.""
    }
  ]
}",valid,"[{""behavior"": ""Conducts a comprehensive wipe of the target filesystem"", ""evidence"": ""conducts a comprehensive wipe of the target filesystem and connected storage devices""}, {""behavior"": ""Overwrites data on device files"", ""evidence"": ""overwriting data or using various IOCTL commands to erase it""}, {""behavior"": ""Issues IOCTL commands to remove data from device files"", ""evidence"": ""using various IOCTL commands to erase it""}, {""behavior"": ""Iterates over device file identifiers on the target"", ""evidence"": ""systematically iterates over device file identifiers on the target""}, {""behavior"": ""Opens device files"", ""evidence"": ""opens the device files""}, {""behavior"": ""Reboots the compromised system"", ""evidence"": ""After completing the wiping process, AcidRain reboots the compromised system.""}]","{
  ""mappings"": [
    {
      ""behavior"": ""Conducts a comprehensive wipe of the target filesystem"",
      ""evidence"": ""conducts a comprehensive wipe of the target filesystem and connected storage devices"",
      ""technique_id"": ""T1561"",
      ""justification"": ""Direct match with ATT&CK technique T1561: Disk Wipe""
    },
    {
      ""behavior"": ""Overwrites data on device files"",
      ""evidence"": ""overwriting data or using various IOCTL commands to erase it"",
      ""technique_id"": ""T1557"",
      ""justification"": ""Direct match with ATT&CK technique T1557: Adversary-in-the-Middle""
    },
    {
      ""behavior"": ""Issues IOCTL commands to remove data from device files"",
      ""evidence"": ""using various IOCTL commands to erase it"",
      ""technique_id"": ""T1557"",
      ""justification"": ""Direct match with ATT&CK technique T1557: Adversary-in-the-Middle""
    },
    {
      ""behavior"": ""Iterates over device file identifiers on the target"",
      ""evidence"": ""systematically iterates over device file identifiers on the target"",
      ""technique_id"": ""T1055"",
      ""justification"": ""Direct match with ATT&CK technique T1055: Process Injection""
    },
    {
      ""behavior"": ""Opens device files"",
      ""evidence"": ""opens the device files"",
      ""technique_id"": ""T1003"",
      ""justification"": ""Direct match with ATT&CK technique T1003: OS Credential Dumping""
    },
    {
      ""behavior"": ""Reboots the compromised system"",
      ""evidence"": ""After completing the wiping process, AcidRain reboots the compromised system."",
      ""technique_id"": ""T1529"",
      ""justification"": ""Direct match with ATT&CK technique T1529: System Shutdown/Reboot""
    }
  ],
  ""predicted_ids"": [
    ""T1561"",
    ""T1557"",
    ""T1055"",
    ""T1003"",
    ""T1529""
  ]
}",valid,"[{""behavior"": ""Conducts a comprehensive wipe of the target filesystem"", ""evidence"": ""conducts a comprehensive wipe of the target filesystem and connected storage devices"", ""technique_id"": ""T1561"", ""justification"": ""Direct match with ATT&CK technique T1561: Disk Wipe""}, {""behavior"": ""Overwrites data on device files"", ""evidence"": ""overwriting data or using various IOCTL commands to erase it"", ""technique_id"": ""T1557"", ""justification"": ""Direct match with ATT&CK technique T1557: Adversary-in-the-Middle""}, {""behavior"": ""Issues IOCTL commands to remove data from device files"", ""evidence"": ""using various IOCTL commands to erase it"", ""technique_id"": ""T1557"", ""justification"": ""Direct match with ATT&CK technique T1557: Adversary-in-the-Middle""}, {""behavior"": ""Iterates over device file identifiers on the target"", ""evidence"": ""systematically iterates over device file identifiers on the target"", ""technique_id"": ""T1055"", ""justification"": ""Direct match with ATT&CK technique T1055: Process Injection""}, {""behavior"": ""Opens device files"", ""evidence"": ""opens the device files"", ""technique_id"": ""T1003"", ""justification"": ""Direct match with ATT&CK technique T1003: OS Credential Dumping""}, {""behavior"": ""Reboots the compromised system"", ""evidence"": ""After completing the wiping process, AcidRain reboots the compromised system."", ""technique_id"": ""T1529"", ""justification"": ""Direct match with ATT&CK technique T1529: System Shutdown/Reboot""}]","T1003, T1055, T1529, T1557, T1561",,"T1529, T1561","T1003, T1055, T1557","T1083, T1485",0.4,0.5,0.4444444444444445,,4,5,2,2,2,3,2,2,"T1059, T1547",2,"T1003, T1055, T1557",3,T1529,1,T1485,1,T1529,1,T1485,1,-0.09999999999999998,0.0,-0.055555555555555525,high,new_false_positives; gold_ids_recovered; new_false_negatives; f1_worsened; many_remaining_false_positives,,,,,
2,Enterprise,"4H RAT is a piece of malware linked to Putter Panda, with evidence of its use dating back to at least 2007. It relies on HTTP for command and control (C2) communication and has the ability to create a remote shell. To obfuscate its C2 traffic, 4H RAT uses a 1-byte XOR encryption with the key 0xBE. The malware is capable of retrieving file and directory listings, as well as obtaining information about running processes and loaded modules. Additionally, 4H RAT includes an OS version identifier in its beacon messages.","T1057, T1059, T1071, T1082, T1083, T1573","After analyzing the text, I have identified the following MITRE Enterprise attack patterns and mapped them to their corresponding technique IDs:

1. **T1059: Command and Scripting Interpreter**: 4H RAT uses HTTP for command and control (C2) communication.
2. **T1003: OS Credential Dumping**: The malware is capable of retrieving file and directory listings, as well as obtaining information about running processes and loaded modules.
3. **T1010: Application Window Discovery**: The malware includes an OS version identifier in its beacon messages.
4. **T1041: Exfiltration Over C2 Channel**: 4H RAT uses a 1-byte XOR encryption with the key 0xBE to obfuscate its C2 traffic.

The main techniques, excluding subtechnique IDs, are:

T1059, T1003, T1010, T1041","T1003, T1010, T1041, T1059",T1059,"T1003, T1010, T1041","T1057, T1071, T1082, T1083, T1573",0.25,0.1666666666666666,0.2,extra predicted IDs / false positives; missed gold IDs / false negatives,"{
  ""behaviors"": [
    {
      ""behavior"": ""Use HTTP for C2 communication"",
      ""evidence"": ""It relies on HTTP for command and control (C2) communication""
    },
    {
      ""behavior"": ""Create a remote shell"",
      ""evidence"": ""has the ability to create a remote shell""
    },
    {
      ""behavior"": ""Obfuscate C2 traffic with 1-byte XOR encryption"",
      ""evidence"": ""uses a 1-byte XOR encryption with the key 0xBE""
    },
    {
      ""behavior"": ""Retrieve file and directory listings"",
      ""evidence"": ""retrieving file and directory listings""
    },
    {
      ""behavior"": ""Obtain information about running processes"",
      ""evidence"": ""obtaining information about running processes""
    },
    {
      ""behavior"": ""Obtain information about loaded modules"",
      ""evidence"": ""obtaining information about loaded modules""
    },
    {
      ""behavior"": ""Include OS version identifier in beacon messages"",
      ""evidence"": ""includes an OS version identifier in its beacon messages""
    }
  ]
}",valid,"[{""behavior"": ""Use HTTP for C2 communication"", ""evidence"": ""It relies on HTTP for command and control (C2) communication""}, {""behavior"": ""Create a remote shell"", ""evidence"": ""has the ability to create a remote shell""}, {""behavior"": ""Obfuscate C2 traffic with 1-byte XOR encryption"", ""evidence"": ""uses a 1-byte XOR encryption with the key 0xBE""}, {""behavior"": ""Retrieve file and directory listings"", ""evidence"": ""retrieving file and directory listings""}, {""behavior"": ""Obtain information about running processes"", ""evidence"": ""obtaining information about running processes""}, {""behavior"": ""Obtain information about loaded modules"", ""evidence"": ""obtaining information about loaded modules""}, {""behavior"": ""Include OS version identifier in beacon messages"", ""evidence"": ""includes an OS version identifier in its beacon messages""}]","{
  ""mappings"": [
    {
      ""behavior"": ""Use HTTP for C2 communication"",
      ""evidence"": ""It relies on HTTP for command and control (C2) communication"",
      ""technique_id"": ""T1041"",
      ""justification"": ""Direct match with Exfiltration Over C2 Channel""
    },
    {
      ""behavior"": ""Create a remote shell"",
      ""evidence"": ""has the ability to create a remote shell"",
      ""technique_id"": ""T1212"",
      ""justification"": ""Direct match with Exploitation for Credential Access""
    },
    {
      ""behavior"": ""Obfuscate C2 traffic with 1-byte XOR encryption"",
      ""evidence"": ""uses a 1-byte XOR encryption with the key 0xBE"",
      ""technique_id"": ""T1027"",
      ""justification"": ""Direct match with Obfuscated Files or Information""
    },
    {
      ""behavior"": ""Retrieve file and directory listings"",
      ""evidence"": ""retrieving file and directory listings"",
      ""technique_id"": ""T1083"",
      ""justification"": ""Direct match with File and Directory Discovery""
    },
    {
      ""behavior"": ""Obtain information about running processes"",
      ""evidence"": ""obtaining information about running processes"",
      ""technique_id"": ""T1055"",
      ""justification"": ""Direct match with Process Injection""
    },
    {
      ""behavior"": ""Obtain information about loaded modules"",
      ""evidence"": ""obtaining information about loaded modules"",
      ""technique_id"": ""T1016"",
      ""justification"": ""Direct match with System Network Configuration Discovery""
    },
    {
      ""behavior"": ""Include OS version identifier in beacon messages"",
      ""evidence"": ""includes an OS version identifier in its beacon messages"",
      ""technique_id"": ""T1082"",
      ""justification"": ""Direct match with System Information Discovery""
    }
  ],
  ""predicted_ids"": [
    ""T1041"",
    ""T1212"",
    ""T1027"",
    ""T1083"",
    ""T1055"",
    ""T1016"",
    ""T1082""
  ]
}",valid,"[{""behavior"": ""Use HTTP for C2 communication"", ""evidence"": ""It relies on HTTP for command and control (C2) communication"", ""technique_id"": ""T1041"", ""justification"": ""Direct match with Exfiltration Over C2 Channel""}, {""behavior"": ""Create a remote shell"", ""evidence"": ""has the ability to create a remote shell"", ""technique_id"": ""T1212"", ""justification"": ""Direct match with Exploitation for Credential Access""}, {""behavior"": ""Obfuscate C2 traffic with 1-byte XOR encryption"", ""evidence"": ""uses a 1-byte XOR encryption with the key 0xBE"", ""technique_id"": ""T1027"", ""justification"": ""Direct match with Obfuscated Files or Information""}, {""behavior"": ""Retrieve file and directory listings"", ""evidence"": ""retrieving file and directory listings"", ""technique_id"": ""T1083"", ""justification"": ""Direct match with File and Directory Discovery""}, {""behavior"": ""Obtain information about running processes"", ""evidence"": ""obtaining information about running processes"", ""technique_id"": ""T1055"", ""justification"": ""Direct match with Process Injection""}, {""behavior"": ""Obtain information about loaded modules"", ""evidence"": ""obtaining information about loaded modules"", ""technique_id"": ""T1016"", ""justification"": ""Direct match with System Network Configuration Discovery""}, {""behavior"": ""Include OS version identifier in beacon messages"", ""evidence"": ""includes an OS version identifier in its beacon messages"", ""technique_id"": ""T1082"", ""justification"": ""Direct match with System Information Discovery""}]","T1016, T1027, T1041, T1055, T1082, T1083, T1212",,"T1082, T1083","T1016, T1027, T1041, T1055, T1212","T1057, T1059, T1071, T1573",0.2857142857142857,0.3333333333333333,0.3076923076923076,,4,7,1,2,3,5,5,4,"T1003, T1010",2,"T1016, T1027, T1055, T1212",4,"T1082, T1083",2,T1059,1,"T1082, T1083",2,T1059,1,0.0357142857142857,0.1666666666666667,0.10769230769230759,high,new_false_positives; gold_ids_recovered; new_false_negatives; many_remaining_false_positives,,,,,
60,Enterprise,GLASSTOKEN is a custom web shell used by threat actors during Cutting Edge to execute commands on compromised Ivanti Secure Connect VPNs. GLASSTOKEN can use PowerShell for command execution. GLASSTOKEN has hexadecimal and Base64 encoded C2 content. GLASSTOKEN has the ability to decode hexadecimal and Base64 C2 requests. GLASSTOKEN is a web shell capable of tunneling C2 connections and code execution on compromised Ivanti Secure Connect VPNs.,"T1059, T1132, T1140, T1505","After analyzing the text, I have identified the following MITRE Enterprise attack patterns and mapped them to their corresponding technique IDs:

1. **GLASSTOKEN uses PowerShell for command execution**: This suggests that the threat actor is using a Command and Scripting Interpreter (T1059) to execute commands on compromised systems.
2. **GLASSTOKEN has hexadecimal and Base64 encoded C2 content**: This indicates that the threat actor is using Data Encoding (T1132) to encode their C2 communications.
3. **GLASSTOKEN can decode hexadecimal and Base64 C2 requests**: This suggests that the threat actor is using Data Decoding (T1140) to decode incoming C2 requests.
4. **GLASSTOKEN is a web shell capable of tunneling C2 connections**: This indicates that the threat actor is using a Web Shell (T1102) to establish a connection with their C2 infrastructure.

Based on these observations, I have mapped the following MITRE Enterprise technique IDs:

* T1059: Command and Scripting Interpreter
* T1132: Data Encoding
* T1140: Deobfuscate/Decode Files or Information
* T1102: Web Service

Here are the main technique IDs, separated by commas, excluding any subtechnique IDs:

T1059,T1132,T1140,T1102","T1059, T1102, T1132, T1140","T1059, T1132, T1140",T1102,T1505,0.75,0.75,0.75,extra predicted IDs / false positives; missed gold IDs / false negatives,"{
  ""behaviors"": [
    {
      ""behavior"": ""Use PowerShell for command execution"",
      ""evidence"": ""GLASSTOKEN can use PowerShell for command execution.""
    },
    {
      ""behavior"": ""Decode hexadecimal C2 requests"",
      ""evidence"": ""GLASSTOKEN has the ability to decode hexadecimal and Base64 C2 requests.""
    },
    {
      ""behavior"": ""Decode Base64 C2 requests"",
      ""evidence"": ""GLASSTOKEN has the ability to decode hexadecimal and Base64 C2 requests.""
    },
    {
      ""behavior"": ""Tunnel C2 connections"",
      ""evidence"": ""GLASSTOKEN is a web shell capable of tunneling C2 connections""
    },
    {
      ""behavior"": ""Execute code on compromised systems"",
      ""evidence"": ""execute commands on compromised Ivanti Secure Connect VPNs""
    }
  ]
}",valid,"[{""behavior"": ""Use PowerShell for command execution"", ""evidence"": ""GLASSTOKEN can use PowerShell for command execution.""}, {""behavior"": ""Decode hexadecimal C2 requests"", ""evidence"": ""GLASSTOKEN has the ability to decode hexadecimal and Base64 C2 requests.""}, {""behavior"": ""Decode Base64 C2 requests"", ""evidence"": ""GLASSTOKEN has the ability to decode hexadecimal and Base64 C2 requests.""}, {""behavior"": ""Tunnel C2 connections"", ""evidence"": ""GLASSTOKEN is a web shell capable of tunneling C2 connections""}, {""behavior"": ""Execute code on compromised systems"", ""evidence"": ""execute commands on compromised Ivanti Secure Connect VPNs""}]","{
  ""mappings"": [
    {
      ""behavior"": ""Use PowerShell for command execution"",
      ""evidence"": ""GLASSTOKEN can use PowerShell for command execution."",
      ""technique_id"": ""T1055"",
      ""justification"": ""Process Injection""
    },
    {
      ""behavior"": ""Decode hexadecimal C2 requests"",
      ""evidence"": ""GLASSTOKEN has the ability to decode hexadecimal and Base64 C2 requests."",
      ""technique_id"": ""T1041"",
      ""justification"": ""Exfiltration Over C2 Channel""
    },
    {
      ""behavior"": ""Decode Base64 C2 requests"",
      ""evidence"": ""GLASSTOKEN has the ability to decode hexadecimal and Base64 C2 requests."",
      ""technique_id"": ""T1041"",
      ""justification"": ""Exfiltration Over C2 Channel""
    },
    {
      ""behavior"": ""Tunnel C2 connections"",
      ""evidence"": ""GLASSTOKEN is a web shell capable of tunneling C2 connections"",
      ""technique_id"": ""T1041"",
      ""justification"": ""Exfiltration Over C2 Channel""
    },
    {
      ""behavior"": ""Execute code on compromised systems"",
      ""evidence"": ""execute commands on compromised Ivanti Secure Connect VPNs"",
      ""technique_id"": ""T1218"",
      ""justification"": ""System Binary Proxy Execution""
    }
  ],
  ""predicted_ids"": [
    ""T1055"",
    ""T1041"",
    ""T1218""
  ]
}",valid,"[{""behavior"": ""Use PowerShell for command execution"", ""evidence"": ""GLASSTOKEN can use PowerShell for command execution."", ""technique_id"": ""T1055"", ""justification"": ""Process Injection""}, {""behavior"": ""Decode hexadecimal C2 requests"", ""evidence"": ""GLASSTOKEN has the ability to decode hexadecimal and Base64 C2 requests."", ""technique_id"": ""T1041"", ""justification"": ""Exfiltration Over C2 Channel""}, {""behavior"": ""Decode Base64 C2 requests"", ""evidence"": ""GLASSTOKEN has the ability to decode hexadecimal and Base64 C2 requests."", ""technique_id"": ""T1041"", ""justification"": ""Exfiltration Over C2 Channel""}, {""behavior"": ""Tunnel C2 connections"", ""evidence"": ""GLASSTOKEN is a web shell capable of tunneling C2 connections"", ""technique_id"": ""T1041"", ""justification"": ""Exfiltration Over C2 Channel""}, {""behavior"": ""Execute code on compromised systems"", ""evidence"": ""execute commands on compromised Ivanti Secure Connect VPNs"", ""technique_id"": ""T1218"", ""justification"": ""System Binary Proxy Execution""}]","T1041, T1055, T1218",,,"T1041, T1055, T1218","T1059, T1132, T1140, T1505",0.0,0.0,0.0,,4,3,3,0,1,3,1,4,T1102,1,"T1041, T1055, T1218",3,,0,"T1059, T1132, T1140",3,,0,"T1059, T1132, T1140",3,-0.75,-0.75,-0.75,high,new_false_positives; new_false_negatives; f1_worsened; many_remaining_false_positives,,,,,
13,Mobile,Allwinner is a company that provides processors for Android tablets and various other devices. A Linux kernel distributed by Allwinner for these devices reportedly contained a simple backdoor that could be exploited to gain root access. It is believed that this backdoor was unintentionally left in the kernel by its developers.,T1474,"After analyzing the text, I identified the following MITRE Mobile attack patterns and mapped them to their corresponding technique IDs:

* The backdoor in the Linux kernel could be exploited to gain root access, which is related to **T1626: Abuse Elevation Control Mechanism**. This is because the backdoor allows an attacker to bypass security controls and gain elevated privileges.
* The fact that the backdoor was unintentionally left in the kernel by its developers suggests a lack of proper testing or review of the code, which could be related to **T1474: Supply Chain Compromise**.

Here are the main technique IDs extracted from the text:

T1626, T1474","T1474, T1626",T1474,T1626,,0.5,1.0,0.6666666666666666,extra predicted IDs / false positives,"{
  ""behaviors"": [
    {
      ""behavior"": ""Contain a backdoor"",
      ""evidence"": ""A Linux kernel distributed by Allwinner for these devices reportedly contained a simple backdoor""
    },
    {
      ""behavior"": ""Allow exploitation to gain root access"",
      ""evidence"": ""could be exploited to gain root access""
    }
  ]
}",valid,"[{""behavior"": ""Contain a backdoor"", ""evidence"": ""A Linux kernel distributed by Allwinner for these devices reportedly contained a simple backdoor""}, {""behavior"": ""Allow exploitation to gain root access"", ""evidence"": ""could be exploited to gain root access""}]","{
  ""mappings"": [
    {
      ""behavior"": ""Contain a backdoor"",
      ""evidence"": ""A Linux kernel distributed by Allwinner for these devices reportedly contained a simple backdoor"",
      ""technique_id"": ""T1577"",
      ""justification"": ""The behavior of containing a backdoor directly supports the technique of Compromise Application Executable""
    },
    {
      ""behavior"": ""Allow exploitation to gain root access"",
      ""evidence"": ""could be exploited to gain root access"",
      ""technique_id"": ""T1404"",
      ""justification"": ""The behavior of allowing exploitation to gain root access directly supports the technique of Exploitation for Privilege Escalation""
    }
  ],
  ""predicted_ids"": [
    ""T1577"",
    ""T1404""
  ]
}",valid,"[{""behavior"": ""Contain a backdoor"", ""evidence"": ""A Linux kernel distributed by Allwinner for these devices reportedly contained a simple backdoor"", ""technique_id"": ""T1577"", ""justification"": ""The behavior of containing a backdoor directly supports the technique of Compromise Application Executable""}, {""behavior"": ""Allow exploitation to gain root access"", ""evidence"": ""could be exploited to gain root access"", ""technique_id"": ""T1404"", ""justification"": ""The behavior of allowing exploitation to gain root access directly supports the technique of Exploitation for Privilege Escalation""}]","T1404, T1577",,,"T1404, T1577",T1474,0.0,0.0,0.0,,2,2,1,0,1,2,0,1,T1626,1,"T1404, T1577",2,,0,T1474,1,,0,T1474,1,-0.5,-1.0,-0.6666666666666666,high,new_false_positives; new_false_negatives; f1_worsened,,,,,
7,Enterprise,"AdFind is a free command-line query tool designed for extracting information from Active Directory. It can enumerate domain users, domain groups, and organizational units (OUs), as well as gather details about domain trusts. AdFind is also capable of querying Active Directory for computer accounts and extracting subnet information.","T1016, T1018, T1069, T1087, T1482","After analyzing the text, I have identified the following MITRE Enterprise attack patterns and mapped them to their corresponding technique IDs:

1. **AdFind can enumerate domain users, domain groups, and organizational units (OUs)**: This action is related to **T1087** : Account Discovery.
2. **AdFind can gather details about domain trusts**: This action is related to **T1482** : Domain Trust Discovery.
3. **AdFind can query Active Directory for computer accounts and extract subnet information**: This action is related to **T1018** : Remote System Discovery, as it involves gathering information about remote systems (computer accounts).
4. **AdFind can gather details about domain trusts**: This action is also related to **T1040** : Network Sniffing, as it involves monitoring network traffic for trust-related information.

Here are the main technique IDs extracted from the text:

T1087, T1482, T1018, T1040

Note that some of these techniques may have subtechniques associated with them, but I have only listed the main technique ID.","T1018, T1040, T1087, T1482","T1018, T1087, T1482",T1040,"T1016, T1069",0.75,0.6,0.6666666666666665,extra predicted IDs / false positives; missed gold IDs / false negatives,"{
  ""behaviors"": [
    {
      ""behavior"": ""Enumerate domain users"",
      ""evidence"": ""extracting information from Active Directory, enumerate domain users""
    },
    {
      ""behavior"": ""Enumerate domain groups"",
      ""evidence"": ""extracting information from Active Directory, enumerate domain groups""
    },
    {
      ""behavior"": ""Enumerate organizational units (OUs)"",
      ""evidence"": ""extracting information from Active Directory, enumerate domain groups and organizational units (OUs)""
    },
    {
      ""behavior"": ""Gather details about domain trusts"",
      ""evidence"": ""gather details about domain trusts""
    },
    {
      ""behavior"": ""Query Active Directory for computer accounts"",
      ""evidence"": ""querying Active Directory for computer accounts""
    },
    {
      ""behavior"": ""Extract subnet information"",
      ""evidence"": ""extracting subnet information""
    }
  ]
}",valid,"[{""behavior"": ""Enumerate domain users"", ""evidence"": ""extracting information from Active Directory, enumerate domain users""}, {""behavior"": ""Enumerate domain groups"", ""evidence"": ""extracting information from Active Directory, enumerate domain groups""}, {""behavior"": ""Enumerate organizational units (OUs)"", ""evidence"": ""extracting information from Active Directory, enumerate domain groups and organizational units (OUs)""}, {""behavior"": ""Gather details about domain trusts"", ""evidence"": ""gather details about domain trusts""}, {""behavior"": ""Query Active Directory for computer accounts"", ""evidence"": ""querying Active Directory for computer accounts""}, {""behavior"": ""Extract subnet information"", ""evidence"": ""extracting subnet information""}]","{
  ""mappings"": [
    {
      ""behavior"": ""Enumerate domain users"",
      ""evidence"": ""extracting information from Active Directory, enumerate domain users"",
      ""technique_id"": ""T1482"",
      ""justification"": ""Domain Trust Discovery""
    },
    {
      ""behavior"": ""Enumerate domain groups"",
      ""evidence"": ""extracting information from Active Directory, enumerate domain groups"",
      ""technique_id"": ""T1482"",
      ""justification"": ""Domain Trust Discovery""
    },
    {
      ""behavior"": ""Enumerate organizational units (OUs)"",
      ""evidence"": ""extracting information from Active Directory, enumerate domain groups and organizational units (OUs)"",
      ""technique_id"": ""T1482"",
      ""justification"": ""Domain Trust Discovery""
    },
    {
      ""behavior"": ""Gather details about domain trusts"",
      ""evidence"": ""gather details about domain trusts"",
      ""technique_id"": ""T1482"",
      ""justification"": ""Domain Trust Discovery""
    },
    {
      ""behavior"": ""Query Active Directory for computer accounts"",
      ""evidence"": ""querying Active Directory for computer accounts"",
      ""technique_id"": ""T1083"",
      ""justification"": ""File and Directory Discovery""
    },
    {
      ""behavior"": ""Extract subnet information"",
      ""evidence"": ""extracting subnet information"",
      ""technique_id"": ""T1049"",
      ""justification"": ""System Network Connections Discovery""
    }
  ],
  ""predicted_ids"": [
    ""T1482"",
    ""T1083"",
    ""T1049""
  ]
}",valid,"[{""behavior"": ""Enumerate domain users"", ""evidence"": ""extracting information from Active Directory, enumerate domain users"", ""technique_id"": ""T1482"", ""justification"": ""Domain Trust Discovery""}, {""behavior"": ""Enumerate domain groups"", ""evidence"": ""extracting information from Active Directory, enumerate domain groups"", ""technique_id"": ""T1482"", ""justification"": ""Domain Trust Discovery""}, {""behavior"": ""Enumerate organizational units (OUs)"", ""evidence"": ""extracting information from Active Directory, enumerate domain groups and organizational units (OUs)"", ""technique_id"": ""T1482"", ""justification"": ""Domain Trust Discovery""}, {""behavior"": ""Gather details about domain trusts"", ""evidence"": ""gather details about domain trusts"", ""technique_id"": ""T1482"", ""justification"": ""Domain Trust Discovery""}, {""behavior"": ""Query Active Directory for computer accounts"", ""evidence"": ""querying Active Directory for computer accounts"", ""technique_id"": ""T1083"", ""justification"": ""File and Directory Discovery""}, {""behavior"": ""Extract subnet information"", ""evidence"": ""extracting subnet information"", ""technique_id"": ""T1049"", ""justification"": ""System Network Connections Discovery""}]","T1049, T1083, T1482",,T1482,"T1049, T1083","T1016, T1018, T1069, T1087",0.3333333333333333,0.2,0.25,,4,3,3,1,1,2,2,4,T1040,1,"T1049, T1083",2,,0,"T1018, T1087",2,,0,"T1018, T1087",2,-0.4166666666666667,-0.39999999999999997,-0.4166666666666665,high,new_false_positives; new_false_negatives; f1_worsened,,,,,
39,Enterprise,"FRAMESTING is a Python-based web shell used during the Cutting Edge campaign to infiltrate Ivanti Connect Secure environments by embedding itself into a Python package for command execution. FRAMESTING can retrieve command and control (C2) instructions from values stored in the DSID cookie of an HTTP request or from decompressed zlib data within the request's POST data. It is specifically designed to embed itself within the CAV Python package of an Ivanti Connect Secure VPN, located at `/home/venv3/lib/python3.6/site-packages/cav-0.1-py3.6.egg/cav/api/resources/category.py`. The web shell can send and receive zlib-compressed data through POST requests and decompress incoming data for processing. FRAMESTING enables the execution of arbitrary commands on compromised Ivanti Connect Secure VPNs.","T1001, T1059, T1071, T1140, T1505, T1554","After analyzing the provided text, I have identified the following MITRE Enterprise attack patterns and mapped them to their corresponding technique IDs:

1. **T1059: Command and Scripting Interpreter**: FRAMESTING is a Python-based web shell that executes arbitrary commands on compromised Ivanti Connect Secure VPNs.
2. **T1041: Exfiltration Over C2 Channel**: The web shell can send and receive zlib-compressed data through POST requests, which implies exfiltration of data over a C2 channel.
3. **T1057: Process Discovery**: FRAMESTING enables the execution of arbitrary commands on compromised Ivanti Connect Secure VPNs, implying process discovery to identify potential targets for exploitation.

The corresponding MITRE Enterprise technique IDs (excluding subtechnique IDs) are:

T1059, T1041, T1057","T1041, T1057, T1059",T1059,"T1041, T1057","T1001, T1071, T1140, T1505, T1554",0.3333333333333333,0.1666666666666666,0.2222222222222222,extra predicted IDs / false positives; missed gold IDs / false negatives,"{
  ""behaviors"": [
    {
      ""behavior"": ""Embed itself into a Python package"",
      ""evidence"": ""embedding itself into a Python package for command execution""
    },
    {
      ""behavior"": ""Retrieve C2 instructions from DSID cookie"",
      ""evidence"": ""retrieve command and control (C2) instructions from values stored in the DSID cookie of an HTTP request""
    },
    {
      ""behavior"": ""Retrieve C2 instructions from zlib data"",
      ""evidence"": ""from decompressed zlib data within the request's POST data""
    },
    {
      ""behavior"": ""Send zlib-compressed data through POST requests"",
      ""evidence"": ""send and receive zlib-compressed data through POST requests""
    },
    {
      ""behavior"": ""Decompress incoming data for processing"",
      ""evidence"": ""decompress incoming data for processing""
    },
    {
      ""behavior"": ""Execute arbitrary commands on compromised VPNs"",
      ""evidence"": ""enables the execution of arbitrary commands on compromised Ivanti Connect Secure VPNs""
    }
  ]
}",valid,"[{""behavior"": ""Embed itself into a Python package"", ""evidence"": ""embedding itself into a Python package for command execution""}, {""behavior"": ""Retrieve C2 instructions from DSID cookie"", ""evidence"": ""retrieve command and control (C2) instructions from values stored in the DSID cookie of an HTTP request""}, {""behavior"": ""Retrieve C2 instructions from zlib data"", ""evidence"": ""from decompressed zlib data within the request's POST data""}, {""behavior"": ""Send zlib-compressed data through POST requests"", ""evidence"": ""send and receive zlib-compressed data through POST requests""}, {""behavior"": ""Decompress incoming data for processing"", ""evidence"": ""decompress incoming data for processing""}, {""behavior"": ""Execute arbitrary commands on compromised VPNs"", ""evidence"": ""enables the execution of arbitrary commands on compromised Ivanti Connect Secure VPNs""}]","{
  ""mappings"": [
    {
      ""behavior"": ""Embed itself into a Python package"",
      ""evidence"": ""embedding itself into a Python package for command execution"",
      ""technique_id"": ""T1055"",
      ""justification"": ""Process Injection: embedding itself into a Python package""
    },
    {
      ""behavior"": ""Retrieve C2 instructions from DSID cookie"",
      ""evidence"": ""retrieve command and control (C2) instructions from values stored in the DSID cookie of an HTTP request"",
      ""technique_id"": ""T1041"",
      ""justification"": ""Exfiltration Over C2 Channel: retrieve C2 instructions""
    },
    {
      ""behavior"": ""Retrieve C2 instructions from zlib data"",
      ""evidence"": ""from decompressed zlib data within the request's POST data"",
      ""technique_id"": ""T1041"",
      ""justification"": ""Exfiltration Over C2 Channel: retrieve C2 instructions""
    },
    {
      ""behavior"": ""Send zlib-compressed data through POST requests"",
      ""evidence"": ""send and receive zlib-compressed data through POST requests"",
      ""technique_id"": ""T1041"",
      ""justification"": ""Exfiltration Over C2 Channel: send and receive compressed data""
    },
    {
      ""behavior"": ""Decompress incoming data for processing"",
      ""evidence"": ""decompress incoming data for processing"",
      ""technique_id"": ""T1025"",
      ""justification"": ""Data from Removable Media: decompressing incoming data""
    },
    {
      ""behavior"": ""Execute arbitrary commands on compromised VPNs"",
      ""evidence"": ""enables the execution of arbitrary commands on compromised Ivanti Connect Secure VPNs"",
      ""technique_id"": ""T1212"",
      ""justification"": ""Exploitation for Credential Access: execute arbitrary commands""
    }
  ],
  ""predicted_ids"": [
    ""T1055"",
    ""T1041"",
    ""T1025"",
    ""T1212""
  ]
}",valid,"[{""behavior"": ""Embed itself into a Python package"", ""evidence"": ""embedding itself into a Python package for command execution"", ""technique_id"": ""T1055"", ""justification"": ""Process Injection: embedding itself into a Python package""}, {""behavior"": ""Retrieve C2 instructions from DSID cookie"", ""evidence"": ""retrieve command and control (C2) instructions from values stored in the DSID cookie of an HTTP request"", ""technique_id"": ""T1041"", ""justification"": ""Exfiltration Over C2 Channel: retrieve C2 instructions""}, {""behavior"": ""Retrieve C2 instructions from zlib data"", ""evidence"": ""from decompressed zlib data within the request's POST data"", ""technique_id"": ""T1041"", ""justification"": ""Exfiltration Over C2 Channel: retrieve C2 instructions""}, {""behavior"": ""Send zlib-compressed data through POST requests"", ""evidence"": ""send and receive zlib-compressed data through POST requests"", ""technique_id"": ""T1041"", ""justification"": ""Exfiltration Over C2 Channel: send and receive compressed data""}, {""behavior"": ""Decompress incoming data for processing"", ""evidence"": ""decompress incoming data for processing"", ""technique_id"": ""T1025"", ""justification"": ""Data from Removable Media: decompressing incoming data""}, {""behavior"": ""Execute arbitrary commands on compromised VPNs"", ""evidence"": ""enables the execution of arbitrary commands on compromised Ivanti Connect Secure VPNs"", ""technique_id"": ""T1212"", ""justification"": ""Exploitation for Credential Access: execute arbitrary commands""}]","T1025, T1041, T1055, T1212",,,"T1025, T1041, T1055, T1212","T1001, T1059, T1071, T1140, T1505, T1554",0.0,0.0,0.0,,3,4,1,0,2,4,5,6,T1057,1,"T1025, T1055, T1212",3,,0,T1059,1,,0,T1059,1,-0.3333333333333333,-0.1666666666666666,-0.2222222222222222,high,new_false_positives; new_false_negatives; f1_worsened; many_remaining_false_positives,,,,,
10,Enterprise,"Agent Tesla is a spyware Trojan built on the .NET framework, active since at least 2014. It is capable of collecting account information from the victim’s machine and has been observed using HTTP for command and control (C2) communications. Agent Tesla can encrypt data using the 3DES algorithm before transmitting it to a C2 server. To establish persistence, it adds itself to the system Registry as a startup program. The Trojan can perform form-grabbing to capture data from web forms and is also capable of stealing data from the victim’s clipboard. Additionally, Agent Tesla can extract credentials from FTP clients and wireless profiles. It has the ability to decrypt strings that have been encrypted using the Rijndael symmetric encryption algorithm.","T1071, T1087, T1115, T1140, T1185, T1547, T1555, T1560","After analyzing the text, I have identified the following MITRE Enterprise attack patterns and mapped them to their corresponding technique IDs:

1. **Agent Tesla adds itself to the system Registry as a startup program**: This behavior is related to **T1547: Boot or Logon Autostart Execution**.
2. **Agent Tesla can encrypt data using the 3DES algorithm before transmitting it to a C2 server**: This behavior is related to **T1486: Data Encrypted for Impact**.
3. **Agent Tesla can extract credentials from FTP clients and wireless profiles**: This behavior is related to **T1555: Credentials from Password Stores**.
4. **Agent Tesla can perform form-grabbing to capture data from web forms**: This behavior is related to **T1213: Data from Information Repositories**.
5. **Agent Tesla can steal data from the victim’s clipboard**: This behavior is related to **T1115: Clipboard Data**.
6. **Agent Tesla has the ability to decrypt strings that have been encrypted using the Rijndael symmetric encryption algorithm**: This behavior is related to **T1486: Data Encrypted for Impact**.

Here are the corresponding MITRE Enterprise technique IDs, excluding subtechnique IDs:

T1547, T1486, T1555, T1213, T1115, T1486","T1115, T1213, T1486, T1547, T1555","T1115, T1547, T1555","T1213, T1486","T1071, T1087, T1140, T1185, T1560",0.6,0.375,0.4615384615384615,extra predicted IDs / false positives; missed gold IDs / false negatives,"{
  ""behaviors"": [
    {
      ""behavior"": ""Collects account information"",
      ""evidence"": ""collecting account information from the victim’s machine""
    },
    {
      ""behavior"": ""Uses HTTP for C2 communications"",
      ""evidence"": ""has been observed using HTTP for command and control (C2) communications""
    },
    {
      ""behavior"": ""Encrypts data with 3DES algorithm"",
      ""evidence"": ""encrypt data using the 3DES algorithm before transmitting it to a C2 server""
    },
    {
      ""behavior"": ""Adds itself to system Registry as startup program"",
      ""evidence"": ""adds itself to the system Registry as a startup program""
    },
    {
      ""behavior"": ""Performs form-grabbing"",
      ""evidence"": ""perform form-grabbing to capture data from web forms""
    },
    {
      ""behavior"": ""Steals clipboard data"",
      ""evidence"": ""stealing data from the victim’s clipboard""
    },
    {
      ""behavior"": ""Extracts FTP client credentials"",
      ""evidence"": ""extracting credentials from FTP clients""
    },
    {
      ""behavior"": ""Extracts wireless profile credentials"",
      ""evidence"": ""extracting credentials from wireless profiles""
    },
    {
      ""behavior"": ""Decrypts Rijndael-encrypted strings"",
      ""evidence"": ""decrypt strings that have been encrypted using the Rijndael symmetric encryption algorithm""
    }
  ]
}",valid,"[{""behavior"": ""Collects account information"", ""evidence"": ""collecting account information from the victim’s machine""}, {""behavior"": ""Uses HTTP for C2 communications"", ""evidence"": ""has been observed using HTTP for command and control (C2) communications""}, {""behavior"": ""Encrypts data with 3DES algorithm"", ""evidence"": ""encrypt data using the 3DES algorithm before transmitting it to a C2 server""}, {""behavior"": ""Adds itself to system Registry as startup program"", ""evidence"": ""adds itself to the system Registry as a startup program""}, {""behavior"": ""Performs form-grabbing"", ""evidence"": ""perform form-grabbing to capture data from web forms""}, {""behavior"": ""Steals clipboard data"", ""evidence"": ""stealing data from the victim’s clipboard""}, {""behavior"": ""Extracts FTP client credentials"", ""evidence"": ""extracting credentials from FTP clients""}, {""behavior"": ""Extracts wireless profile credentials"", ""evidence"": ""extracting credentials from wireless profiles""}, {""behavior"": ""Decrypts Rijndael-encrypted strings"", ""evidence"": ""decrypt strings that have been encrypted using the Rijndael symmetric encryption algorithm""}]","{
  ""mappings"": [
    {
      ""behavior"": ""Collects account information"",
      ""evidence"": ""collecting account information from the victim’s machine"",
      ""technique_id"": ""T1087"",
      ""justification"": ""Direct match with ATT&CK technique ID T1087: Account Discovery""
    },
    {
      ""behavior"": ""Uses HTTP for C2 communications"",
      ""evidence"": ""has been observed using HTTP for command and control (C2) communications"",
      ""technique_id"": ""T1041"",
      ""justification"": ""Direct match with ATT&CK technique ID T1041: Exfiltration Over C2 Channel""
    },
    {
      ""behavior"": ""Encrypts data with 3DES algorithm"",
      ""evidence"": ""encrypt data using the 3DES algorithm before transmitting it to a C2 server"",
      ""technique_id"": ""T1486"",
      ""justification"": ""Direct match with ATT&CK technique ID T1486: Data Encrypted for Impact""
    },
    {
      ""behavior"": ""Adds itself to system Registry as startup program"",
      ""evidence"": ""adds itself to the system Registry as a startup program"",
      ""technique_id"": ""T1543"",
      ""justification"": ""Direct match with ATT&CK technique ID T1543: Create or Modify System Process""
    },
    {
      ""behavior"": ""Performs form-grabbing"",
      ""evidence"": ""perform form-grabbing to capture data from web forms"",
      ""technique_id"": ""T1212"",
      ""justification"": ""Direct match with ATT&CK technique ID T1212: Exploitation for Credential Access""
    },
    {
      ""behavior"": ""Steals clipboard data"",
      ""evidence"": ""stealing data from the victim’s clipboard"",
      ""technique_id"": ""T1115"",
      ""justification"": ""Direct match with ATT&CK technique ID T1115: Clipboard Data""
    },
    {
      ""behavior"": ""Extracts FTP client credentials"",
      ""evidence"": ""extracting credentials from FTP clients"",
      ""technique_id"": ""T1555"",
      ""justification"": ""Direct match with ATT&CK technique ID T1555: Credentials from Password Stores""
    },
    {
      ""behavior"": ""Extracts wireless profile credentials"",
      ""evidence"": ""extracting credentials from wireless profiles"",
      ""technique_id"": ""T1555"",
      ""justification"": ""Direct match with ATT&CK technique ID T1555: Credentials from Password Stores""
    },
    {
      ""behavior"": ""Decrypts Rijndael-encrypted strings"",
      ""evidence"": ""decrypt strings that have been encrypted using the Rijndael symmetric encryption algorithm"",
      ""technique_id"": ""T1486"",
      ""justification"": ""Direct match with ATT&CK technique ID T1486: Data Encrypted for Impact""
    }
  ],
  ""predicted_ids"": [
    ""T1087"",
    ""T1041"",
    ""T1486"",
    ""T1543"",
    ""T1212"",
    ""T1115"",
    ""T1555"",
    ""T1555"",
    ""T1486""
  ]
}",valid,"[{""behavior"": ""Collects account information"", ""evidence"": ""collecting account information from the victim’s machine"", ""technique_id"": ""T1087"", ""justification"": ""Direct match with ATT&CK technique ID T1087: Account Discovery""}, {""behavior"": ""Uses HTTP for C2 communications"", ""evidence"": ""has been observed using HTTP for command and control (C2) communications"", ""technique_id"": ""T1041"", ""justification"": ""Direct match with ATT&CK technique ID T1041: Exfiltration Over C2 Channel""}, {""behavior"": ""Encrypts data with 3DES algorithm"", ""evidence"": ""encrypt data using the 3DES algorithm before transmitting it to a C2 server"", ""technique_id"": ""T1486"", ""justification"": ""Direct match with ATT&CK technique ID T1486: Data Encrypted for Impact""}, {""behavior"": ""Adds itself to system Registry as startup program"", ""evidence"": ""adds itself to the system Registry as a startup program"", ""technique_id"": ""T1543"", ""justification"": ""Direct match with ATT&CK technique ID T1543: Create or Modify System Process""}, {""behavior"": ""Performs form-grabbing"", ""evidence"": ""perform form-grabbing to capture data from web forms"", ""technique_id"": ""T1212"", ""justification"": ""Direct match with ATT&CK technique ID T1212: Exploitation for Credential Access""}, {""behavior"": ""Steals clipboard data"", ""evidence"": ""stealing data from the victim’s clipboard"", ""technique_id"": ""T1115"", ""justification"": ""Direct match with ATT&CK technique ID T1115: Clipboard Data""}, {""behavior"": ""Extracts FTP client credentials"", ""evidence"": ""extracting credentials from FTP clients"", ""technique_id"": ""T1555"", ""justification"": ""Direct match with ATT&CK technique ID T1555: Credentials from Password Stores""}, {""behavior"": ""Extracts wireless profile credentials"", ""evidence"": ""extracting credentials from wireless profiles"", ""technique_id"": ""T1555"", ""justification"": ""Direct match with ATT&CK technique ID T1555: Credentials from Password Stores""}, {""behavior"": ""Decrypts Rijndael-encrypted strings"", ""evidence"": ""decrypt strings that have been encrypted using the Rijndael symmetric encryption algorithm"", ""technique_id"": ""T1486"", ""justification"": ""Direct match with ATT&CK technique ID T1486: Data Encrypted for Impact""}]","T1041, T1087, T1115, T1212, T1486, T1543, T1555",,"T1087, T1115, T1555","T1041, T1212, T1486, T1543","T1071, T1140, T1185, T1547, T1560",0.4285714285714285,0.375,0.3999999999999999,,5,7,3,3,2,4,5,5,T1213,1,"T1041, T1212, T1543",3,T1087,1,T1547,1,T1087,1,T1547,1,-0.17142857142857149,0.0,-0.0615384615384616,high,new_false_positives; gold_ids_recovered; new_false_negatives; f1_worsened; many_remaining_false_positives,,,,,
55,Enterprise,"NKAbuse is a Go-based, multi-platform malware abusing NKN (New Kind of Network) technology for data exchange between peers, functioning as a potent implant, and equipped with both flooder and backdoor capabilities. NKAbuse is initially installed and executed through an initial shell script. NKAbuse enables multiple types of network denial of service capabilities across several protocols post-installation. NKAbuse will check victim systems to ensure only one copy of the malware is running. NKAbuse has abused the NKN public blockchain protocol for its C2 communications. NKAbuse uses a Cron job to establish persistence when infecting Linux hosts. NKAbuse can take screenshots of the victim machine. NKAbuse conducts multiple system checks and includes these in subsequent ""heartbeat"" messages to the malware's command and control server. NKAbuse utilizes external services such as ifconfig.me to identify the victim machine's IP address.[2]","T1016, T1053, T1057, T1059, T1082, T1090, T1113, T1498","After analyzing the provided text, I have identified the following MITRE Enterprise attack patterns and mapped them to their corresponding technique IDs:

1. **NKAbuse uses a Cron job to establish persistence when infecting Linux hosts**: This behavior is related to **T1547: Boot or Logon Autostart Execution**.
2. **NKAbuse conducts multiple system checks and includes these in subsequent ""heartbeat"" messages to the malware's command and control server**: This behavior is related to **T1016: System Network Configuration Discovery**.
3. **NKAbuse utilizes external services such as ifconfig.me to identify the victim machine's IP address**: This behavior is related to **T1049: System Network Connections Discovery**.
4. **NKAbuse enables multiple types of network denial of service capabilities across several protocols post-installation**: This behavior is related to **T1498: Network Denial of Service**.
5. **NKAbuse takes screenshots of the victim machine**: This behavior is related to **T1113: Screen Capture**.

Here are the corresponding MITRE Enterprise technique IDs, excluding subtechnique IDs:

T1547, T1016, T1049, T1498, T1113","T1016, T1049, T1113, T1498, T1547","T1016, T1113, T1498","T1049, T1547","T1053, T1057, T1059, T1082, T1090",0.6,0.375,0.4615384615384615,extra predicted IDs / false positives; missed gold IDs / false negatives,"{
  ""behaviors"": [
    {
      ""behavior"": ""Installed through an initial shell script"",
      ""evidence"": ""NKAbuse is initially installed and executed through an initial shell script.""
    },
    {
      ""behavior"": ""Enable network denial of service capabilities across several protocols"",
      ""evidence"": ""NKAbuse enables multiple types of network denial of service capabilities across several protocols post-installation.""
    },
    {
      ""behavior"": ""Check for duplicate malware instances"",
      ""evidence"": ""NKAbuse will check victim systems to ensure only one copy of the malware is running.""
    },
    {
      ""behavior"": ""Use NKN public blockchain protocol for C2 communications"",
      ""evidence"": ""NKAbuse has abused the NKN public blockchain protocol for its C2 communications.""
    },
    {
      ""behavior"": ""Establish persistence using a Cron job on Linux hosts"",
      ""evidence"": ""NKAbuse uses a Cron job to establish persistence when infecting Linux hosts.""
    },
    {
      ""behavior"": ""Take screenshots of the victim machine"",
      ""evidence"": ""NKAbuse can take screenshots of the victim machine.""
    },
    {
      ""behavior"": ""Conduct system checks and send 'heartbeat' messages"",
      ""evidence"": ""NKAbuse conducts multiple system checks and includes these in subsequent \""heartbeat\"" messages to the malware's command and control server.""
    },
    {
      ""behavior"": ""Use external services to identify IP address"",
      ""evidence"": ""NKAbuse utilizes external services such as ifconfig.me to identify the victim machine's IP address.[2]""
    }
  ]
}",valid,"[{""behavior"": ""Installed through an initial shell script"", ""evidence"": ""NKAbuse is initially installed and executed through an initial shell script.""}, {""behavior"": ""Enable network denial of service capabilities across several protocols"", ""evidence"": ""NKAbuse enables multiple types of network denial of service capabilities across several protocols post-installation.""}, {""behavior"": ""Check for duplicate malware instances"", ""evidence"": ""NKAbuse will check victim systems to ensure only one copy of the malware is running.""}, {""behavior"": ""Use NKN public blockchain protocol for C2 communications"", ""evidence"": ""NKAbuse has abused the NKN public blockchain protocol for its C2 communications.""}, {""behavior"": ""Establish persistence using a Cron job on Linux hosts"", ""evidence"": ""NKAbuse uses a Cron job to establish persistence when infecting Linux hosts.""}, {""behavior"": ""Take screenshots of the victim machine"", ""evidence"": ""NKAbuse can take screenshots of the victim machine.""}, {""behavior"": ""Conduct system checks and send 'heartbeat' messages"", ""evidence"": ""NKAbuse conducts multiple system checks and includes these in subsequent \""heartbeat\"" messages to the malware's command and control server.""}, {""behavior"": ""Use external services to identify IP address"", ""evidence"": ""NKAbuse utilizes external services such as ifconfig.me to identify the victim machine's IP address.[2]""}]","{
  ""mappings"": [
    {
      ""behavior"": ""Installed through an initial shell script"",
      ""evidence"": ""NKAbuse is initially installed and executed through an initial shell script."",
      ""technique_id"": ""T1547"",
      ""justification"": ""The behavior directly matches the technique of Boot or Logon Autostart Execution.""
    },
    {
      ""behavior"": ""Enable network denial of service capabilities across several protocols"",
      ""evidence"": ""NKAbuse enables multiple types of network denial of service capabilities across several protocols post-installation."",
      ""technique_id"": ""T1498"",
      ""justification"": ""The behavior directly matches the technique of Network Denial of Service.""
    },
    {
      ""behavior"": ""Check for duplicate malware instances"",
      ""evidence"": ""NKAbuse will check victim systems to ensure only one copy of the malware is running."",
      ""technique_id"": ""T1554"",
      ""justification"": ""The behavior directly matches the technique of Compromise Host Software Binary.""
    },
    {
      ""behavior"": ""Use NKN public blockchain protocol for C2 communications"",
      ""evidence"": ""NKAbuse has abused the NKN public blockchain protocol for its C2 communications."",
      ""technique_id"": ""T1041"",
      ""justification"": ""The behavior directly matches the technique of Exfiltration Over C2 Channel.""
    },
    {
      ""behavior"": ""Establish persistence using a Cron job on Linux hosts"",
      ""evidence"": ""NKAbuse uses a Cron job to establish persistence when infecting Linux hosts."",
      ""technique_id"": ""T1053"",
      ""justification"": ""The behavior directly matches the technique of Scheduled Task/Job.""
    },
    {
      ""behavior"": ""Take screenshots of the victim machine"",
      ""evidence"": ""NKAbuse can take screenshots of the victim machine."",
      ""technique_id"": ""T1113"",
      ""justification"": ""The behavior directly matches the technique of Screen Capture.""
    },
    {
      ""behavior"": ""Conduct system checks and send 'heartbeat' messages"",
      ""evidence"": ""NKAbuse conducts multiple system checks and includes these in subsequent \""heartbeat\"" messages to the malware's command and control server."",
      ""technique_id"": ""T1008"",
      ""justification"": ""The behavior directly matches the technique of Fallback Channels.""
    },
    {
      ""behavior"": ""Use external services to identify IP address"",
      ""evidence"": ""NKAbuse utilizes external services such as ifconfig.me to identify the victim machine's IP address."",
      ""technique_id"": ""T1049"",
      ""justification"": ""The behavior directly matches the technique of System Network Connections Discovery.""
    }
  ],
  ""predicted_ids"": [
    ""T1547"", ""T1498"", ""T1554"", ""T1041"", ""T1053"", ""T1113"", ""T1008"", ""T1049""
  ]
}",valid,"[{""behavior"": ""Installed through an initial shell script"", ""evidence"": ""NKAbuse is initially installed and executed through an initial shell script."", ""technique_id"": ""T1547"", ""justification"": ""The behavior directly matches the technique of Boot or Logon Autostart Execution.""}, {""behavior"": ""Enable network denial of service capabilities across several protocols"", ""evidence"": ""NKAbuse enables multiple types of network denial of service capabilities across several protocols post-installation."", ""technique_id"": ""T1498"", ""justification"": ""The behavior directly matches the technique of Network Denial of Service.""}, {""behavior"": ""Check for duplicate malware instances"", ""evidence"": ""NKAbuse will check victim systems to ensure only one copy of the malware is running."", ""technique_id"": ""T1554"", ""justification"": ""The behavior directly matches the technique of Compromise Host Software Binary.""}, {""behavior"": ""Use NKN public blockchain protocol for C2 communications"", ""evidence"": ""NKAbuse has abused the NKN public blockchain protocol for its C2 communications."", ""technique_id"": ""T1041"", ""justification"": ""The behavior directly matches the technique of Exfiltration Over C2 Channel.""}, {""behavior"": ""Establish persistence using a Cron job on Linux hosts"", ""evidence"": ""NKAbuse uses a Cron job to establish persistence when infecting Linux hosts."", ""technique_id"": ""T1053"", ""justification"": ""The behavior directly matches the technique of Scheduled Task/Job.""}, {""behavior"": ""Take screenshots of the victim machine"", ""evidence"": ""NKAbuse can take screenshots of the victim machine."", ""technique_id"": ""T1113"", ""justification"": ""The behavior directly matches the technique of Screen Capture.""}, {""behavior"": ""Conduct system checks and send 'heartbeat' messages"", ""evidence"": ""NKAbuse conducts multiple system checks and includes these in subsequent \""heartbeat\"" messages to the malware's command and control server."", ""technique_id"": ""T1008"", ""justification"": ""The behavior directly matches the technique of Fallback Channels.""}, {""behavior"": ""Use external services to identify IP address"", ""evidence"": ""NKAbuse utilizes external services such as ifconfig.me to identify the victim machine's IP address."", ""technique_id"": ""T1049"", ""justification"": ""The behavior directly matches the technique of System Network Connections Discovery.""}]","T1008, T1041, T1049, T1053, T1113, T1498, T1547, T1554",,"T1053, T1113, T1498","T1008, T1041, T1049, T1547, T1554","T1016, T1057, T1059, T1082, T1090",0.375,0.375,0.375,,5,8,3,3,2,5,5,5,,0,"T1008, T1041, T1554",3,T1053,1,T1016,1,T1053,1,T1016,1,-0.22499999999999998,0.0,-0.08653846153846151,high,new_false_positives; gold_ids_recovered; new_false_negatives; f1_worsened; many_remaining_false_positives,,,,,
31,Enterprise,"PITSTOP is a backdoor deployed on compromised Ivanti Connect Secure VPNs during the Cutting Edge campaign, enabling command execution and file read/write operations. PITSTOP can receive shell commands over a Unix domain socket and deobfuscate base64 encoded and AES encrypted commands. It communicates securely over TLS and listens on the Unix domain socket located at `/data/runtime/cockpit/wd.fd`. Additionally, PITSTOP can evaluate incoming commands on the domain socket created by the PITHOOK malware, specifically searching for a predefined magic byte sequence, and then duplicate the socket for further communication over TLS.","T1059, T1140, T1205, T1559, T1573","After analyzing the provided text, I have identified the following MITRE Enterprise attack patterns and mapped them to their corresponding technique IDs:

1. **PITSTOP receives shell commands over a Unix domain socket**: This corresponds to **T1059: Command and Scripting Interpreter**, as PITSTOP is executing commands received from the domain socket.
2. **PITSTOP deobfuscates base64 encoded and AES encrypted commands**: This corresponds to **T1140: Deobfuscate/Decode Files or Information**, as PITSTOP is decoding and decrypting incoming commands.
3. **PITSTOP communicates securely over TLS**: This corresponds to **T1071: Application Layer Protocol**, as PITSTOP uses a secure communication protocol (TLS) for its interactions.
4. **PITSTOP listens on the Unix domain socket located at `/data/runtime/cockpit/wd.fd`**: This corresponds to **T1059: Command and Scripting Interpreter** (subtechnique), as PITSTOP is listening for incoming commands on a specific socket.
5. **PITSTOP evaluates incoming commands on the domain socket created by PITHOOK malware**: This corresponds to **T1059: Command and Scripting Interpreter**, as PITSTOP is executing commands received from the domain socket.

The main techniques identified are:

T1071, T1140, T1059","T1059, T1071, T1140","T1059, T1140",T1071,"T1205, T1559, T1573",0.6666666666666666,0.4,0.5,extra predicted IDs / false positives; missed gold IDs / false negatives,"{
  ""behaviors"": [
    {
      ""behavior"": ""Receive shell commands"",
      ""evidence"": ""receive shell commands over a Unix domain socket""
    },
    {
      ""behavior"": ""Deobfuscate base64 encoded and AES encrypted commands"",
      ""evidence"": ""deobfuscate base64 encoded and AES encrypted commands""
    },
    {
      ""behavior"": ""Communicate securely over TLS"",
      ""evidence"": ""communicates securely over TLS""
    },
    {
      ""behavior"": ""Listen on a Unix domain socket"",
      ""evidence"": ""listen on the Unix domain socket located at `/data/runtime/cockpit/wd.fd`""
    },
    {
      ""behavior"": ""Evaluate incoming commands"",
      ""evidence"": ""evaluate incoming commands on the domain socket created by the PITHOOK malware""
    },
    {
      ""behavior"": ""Search for a predefined magic byte sequence"",
      ""evidence"": ""searching for a predefined magic byte sequence""
    },
    {
      ""behavior"": ""Duplicate a socket for further communication over TLS"",
      ""evidence"": ""duplicate the socket for further communication over TLS""
    }
  ]
}",valid,"[{""behavior"": ""Receive shell commands"", ""evidence"": ""receive shell commands over a Unix domain socket""}, {""behavior"": ""Deobfuscate base64 encoded and AES encrypted commands"", ""evidence"": ""deobfuscate base64 encoded and AES encrypted commands""}, {""behavior"": ""Communicate securely over TLS"", ""evidence"": ""communicates securely over TLS""}, {""behavior"": ""Listen on a Unix domain socket"", ""evidence"": ""listen on the Unix domain socket located at `/data/runtime/cockpit/wd.fd`""}, {""behavior"": ""Evaluate incoming commands"", ""evidence"": ""evaluate incoming commands on the domain socket created by the PITHOOK malware""}, {""behavior"": ""Search for a predefined magic byte sequence"", ""evidence"": ""searching for a predefined magic byte sequence""}, {""behavior"": ""Duplicate a socket for further communication over TLS"", ""evidence"": ""duplicate the socket for further communication over TLS""}]","{
  ""mappings"": [
    {
      ""behavior"": ""Receive shell commands"",
      ""evidence"": ""receive shell commands over a Unix domain socket"",
      ""technique_id"": ""T1059"",
      ""justification"": ""The behavior of receiving shell commands matches the technique ID for Command and Scripting Interpreter""
    },
    {
      ""behavior"": ""Deobfuscate base64 encoded and AES encrypted commands"",
      ""evidence"": ""deobfuscate base64 encoded and AES encrypted commands"",
      ""technique_id"": ""T1140"",
      ""justification"": ""The behavior of deobfuscating base64 encoded and AES encrypted commands matches the technique ID for Deobfuscate/Decode Files or Information""
    },
    {
      ""behavior"": ""Communicate securely over TLS"",
      ""evidence"": ""communicates securely over TLS"",
      ""technique_id"": ""T1071"",
      ""justification"": ""The behavior of communicating securely over TLS matches the technique ID for Application Layer Protocol""
    },
    {
      ""behavior"": ""Listen on a Unix domain socket"",
      ""evidence"": ""listen on the Unix domain socket located at `/data/runtime/cockpit/wd.fd`"",
      ""technique_id"": ""T1059"",
      ""justification"": ""The behavior of listening on a Unix domain socket matches the technique ID for Command and Scripting Interpreter""
    },
    {
      ""behavior"": ""Evaluate incoming commands"",
      ""evidence"": ""evaluate incoming commands on the domain socket created by the PITHOOK malware"",
      ""technique_id"": ""T1059"",
      ""justification"": ""The behavior of evaluating incoming commands matches the technique ID for Command and Scripting Interpreter""
    },
    {
      ""behavior"": ""Search for a predefined magic byte sequence"",
      ""evidence"": ""searching for a predefined magic byte sequence"",
      ""technique_id"": ""T1059"",
      ""justification"": ""The behavior of searching for a predefined magic byte sequence matches the technique ID for Command and Scripting Interpreter""
    },
    {
      ""behavior"": ""Duplicate a socket for further communication over TLS"",
      ""evidence"": ""duplicate the socket for further communication over TLS"",
      ""technique_id"": ""T1071"",
      ""justification"": ""The behavior of duplicating a socket for further communication over TLS matches the technique ID for Application Layer Protocol""
    }
  ],
  ""predicted_ids"": [
    ""T1059"",
    ""T1140"",
    ""T1071""
  ]
}",valid,"[{""behavior"": ""Receive shell commands"", ""evidence"": ""receive shell commands over a Unix domain socket"", ""technique_id"": ""T1059"", ""justification"": ""The behavior of receiving shell commands matches the technique ID for Command and Scripting Interpreter""}, {""behavior"": ""Deobfuscate base64 encoded and AES encrypted commands"", ""evidence"": ""deobfuscate base64 encoded and AES encrypted commands"", ""technique_id"": ""T1140"", ""justification"": ""The behavior of deobfuscating base64 encoded and AES encrypted commands matches the technique ID for Deobfuscate/Decode Files or Information""}, {""behavior"": ""Communicate securely over TLS"", ""evidence"": ""communicates securely over TLS"", ""technique_id"": ""T1071"", ""justification"": ""The behavior of communicating securely over TLS matches the technique ID for Application Layer Protocol""}, {""behavior"": ""Listen on a Unix domain socket"", ""evidence"": ""listen on the Unix domain socket located at `/data/runtime/cockpit/wd.fd`"", ""technique_id"": ""T1059"", ""justification"": ""The behavior of listening on a Unix domain socket matches the technique ID for Command and Scripting Interpreter""}, {""behavior"": ""Evaluate incoming commands"", ""evidence"": ""evaluate incoming commands on the domain socket created by the PITHOOK malware"", ""technique_id"": ""T1059"", ""justification"": ""The behavior of evaluating incoming commands matches the technique ID for Command and Scripting Interpreter""}, {""behavior"": ""Search for a predefined magic byte sequence"", ""evidence"": ""searching for a predefined magic byte sequence"", ""technique_id"": ""T1059"", ""justification"": ""The behavior of searching for a predefined magic byte sequence matches the technique ID for Command and Scripting Interpreter""}, {""behavior"": ""Duplicate a socket for further communication over TLS"", ""evidence"": ""duplicate the socket for further communication over TLS"", ""technique_id"": ""T1071"", ""justification"": ""The behavior of duplicating a socket for further communication over TLS matches the technique ID for Application Layer Protocol""}]","T1059, T1071, T1140",,"T1059, T1140",T1071,"T1205, T1559, T1573",0.6666666666666666,0.4,0.5,,3,3,2,2,1,1,3,3,,0,,0,,0,,0,,0,,0,0.0,0.0,0.0,low,,,,,,
49,Enterprise,"PACEMAKER is a credential stealer that was used by APT5 as early as 2020 including activity against US Defense Industrial Base (DIB) companies. PACEMAKER can enter a loop to read /proc/ entries every 2 seconds in order to read a target application's memory. PACEMAKER can use a simple bash script for execution. PACEMAKER has written extracted data to tmp/dsserver-check.statementcounters. PACEMAKER can parse /proc/""process_name""/cmdline to look for the string dswsd within the command line. PACEMAKER has the ability to extract credentials from OS memory. PACEMAKER can use PTRACE to attach to a targeted process to read process memory.","T1003, T1055, T1059, T1074, T1083, T1119","After analyzing the provided text, I have identified the following MITRE Enterprise attack patterns and mapped them to their corresponding technique IDs:

1. **T1003: OS Credential Dumping** - PACEMAKER can extract credentials from OS memory.
2. **T1055: Process Injection** - PACEMAKER uses PTRACE to attach to a targeted process to read process memory.
3. **T1010: Application Window Discovery** - Not explicitly mentioned, but implied by the ability to parse /proc/""process_name""/cmdline to look for specific strings.
4. **T1059: Command and Scripting Interpreter** - PACEMAKER uses a simple bash script for execution.
5. **T1041: Exfiltration Over C2 Channel** - Not explicitly mentioned, but implied by the ability to write extracted data to tmp/dsserver-check.statementcounters.

The main techniques IDs (excluding subtechnique IDs) are:

T1003, T1055, T1010, T1059, T1041","T1003, T1010, T1041, T1055, T1059","T1003, T1055, T1059","T1010, T1041","T1074, T1083, T1119",0.6,0.5,0.5454545454545454,extra predicted IDs / false positives; missed gold IDs / false negatives,"{
  ""behaviors"": [
    {
      ""behavior"": ""Read /proc/ entries every 2 seconds"",
      ""evidence"": ""read /proc/ entries every 2 seconds in order to read a target application's memory""
    },
    {
      ""behavior"": ""Execute using simple bash script"",
      ""evidence"": ""PACEMAKER can use a simple bash script for execution""
    },
    {
      ""behavior"": ""Write extracted data to tmp/dsserver-check.statementcounters"",
      ""evidence"": ""PACEMAKER has written extracted data to tmp/dsserver-check.statementcounters""
    },
    {
      ""behavior"": ""Parse /proc/\""process_name\""/cmdline for dswsd string"",
      ""evidence"": ""PACEMAKER can parse /proc/\""process_name\""/cmdline to look for the string dswsd within the command line""
    },
    {
      ""behavior"": ""Extract credentials from OS memory"",
      ""evidence"": ""PACEMAKER has the ability to extract credentials from OS memory""
    },
    {
      ""behavior"": ""Use PTRACE to attach to targeted process and read process memory"",
      ""evidence"": ""PACEMAKER can use PTRACE to attach to a targeted process to read process memory""
    }
  ]
}",valid,"[{""behavior"": ""Read /proc/ entries every 2 seconds"", ""evidence"": ""read /proc/ entries every 2 seconds in order to read a target application's memory""}, {""behavior"": ""Execute using simple bash script"", ""evidence"": ""PACEMAKER can use a simple bash script for execution""}, {""behavior"": ""Write extracted data to tmp/dsserver-check.statementcounters"", ""evidence"": ""PACEMAKER has written extracted data to tmp/dsserver-check.statementcounters""}, {""behavior"": ""Parse /proc/\""process_name\""/cmdline for dswsd string"", ""evidence"": ""PACEMAKER can parse /proc/\""process_name\""/cmdline to look for the string dswsd within the command line""}, {""behavior"": ""Extract credentials from OS memory"", ""evidence"": ""PACEMAKER has the ability to extract credentials from OS memory""}, {""behavior"": ""Use PTRACE to attach to targeted process and read process memory"", ""evidence"": ""PACEMAKER can use PTRACE to attach to a targeted process to read process memory""}]","{
  ""mappings"": [
    {
      ""behavior"": ""Read /proc/ entries every 2 seconds"",
      ""evidence"": ""read /proc/ entries every 2 seconds in order to read a target application's memory"",
      ""technique_id"": ""T1055"",
      ""justification"": ""Process Injection: The behavior involves reading process information, which is a characteristic of Process Injection.""
    },
    {
      ""behavior"": ""Execute using simple bash script"",
      ""evidence"": ""PACEMAKER can use a simple bash script for execution"",
      ""technique_id"": ""T1059"",
      ""justification"": ""Command and Scripting Interpreter: The behavior involves executing a command, which is a characteristic of Command and Scripting Interpreter.""
    },
    {
      ""behavior"": ""Write extracted data to tmp/dsserver-check.statementcounters"",
      ""evidence"": ""PACEMAKER has written extracted data to tmp/dsserver-check.statementcounters"",
      ""technique_id"": ""T1565"",
      ""justification"": ""Data Manipulation: The behavior involves modifying or manipulating data, which is a characteristic of Data Manipulation.""
    },
    {
      ""behavior"": ""Parse /proc/\""process_name\""/cmdline for dswsd string"",
      ""evidence"": ""PACEMAKER can parse /proc/\""process_name\""/cmdline to look for the string dswsd within the command line"",
      ""technique_id"": ""T1057"",
      ""justification"": ""Process Discovery: The behavior involves gathering information about processes, which is a characteristic of Process Discovery.""
    },
    {
      ""behavior"": ""Extract credentials from OS memory"",
      ""evidence"": ""PACEMAKER has the ability to extract credentials from OS memory"",
      ""technique_id"": ""T1003"",
      ""justification"": ""OS Credential Dumping: The behavior involves extracting credentials, which is a characteristic of OS Credential Dumping.""
    },
    {
      ""behavior"": ""Use PTRACE to attach to targeted process and read process memory"",
      ""evidence"": ""PACEMAKER can use PTRACE to attach to a targeted process to read process memory"",
      ""technique_id"": ""T1055"",
      ""justification"": ""Process Injection: The behavior involves injecting code into a process, which is a characteristic of Process Injection.""
    }
  ],
  ""predicted_ids"": [
    ""T1055"",
    ""T1059"",
    ""T1565"",
    ""T1057"",
    ""T1003""
  ]
}",valid,"[{""behavior"": ""Read /proc/ entries every 2 seconds"", ""evidence"": ""read /proc/ entries every 2 seconds in order to read a target application's memory"", ""technique_id"": ""T1055"", ""justification"": ""Process Injection: The behavior involves reading process information, which is a characteristic of Process Injection.""}, {""behavior"": ""Execute using simple bash script"", ""evidence"": ""PACEMAKER can use a simple bash script for execution"", ""technique_id"": ""T1059"", ""justification"": ""Command and Scripting Interpreter: The behavior involves executing a command, which is a characteristic of Command and Scripting Interpreter.""}, {""behavior"": ""Write extracted data to tmp/dsserver-check.statementcounters"", ""evidence"": ""PACEMAKER has written extracted data to tmp/dsserver-check.statementcounters"", ""technique_id"": ""T1565"", ""justification"": ""Data Manipulation: The behavior involves modifying or manipulating data, which is a characteristic of Data Manipulation.""}, {""behavior"": ""Parse /proc/\""process_name\""/cmdline for dswsd string"", ""evidence"": ""PACEMAKER can parse /proc/\""process_name\""/cmdline to look for the string dswsd within the command line"", ""technique_id"": ""T1057"", ""justification"": ""Process Discovery: The behavior involves gathering information about processes, which is a characteristic of Process Discovery.""}, {""behavior"": ""Extract credentials from OS memory"", ""evidence"": ""PACEMAKER has the ability to extract credentials from OS memory"", ""technique_id"": ""T1003"", ""justification"": ""OS Credential Dumping: The behavior involves extracting credentials, which is a characteristic of OS Credential Dumping.""}, {""behavior"": ""Use PTRACE to attach to targeted process and read process memory"", ""evidence"": ""PACEMAKER can use PTRACE to attach to a targeted process to read process memory"", ""technique_id"": ""T1055"", ""justification"": ""Process Injection: The behavior involves injecting code into a process, which is a characteristic of Process Injection.""}]","T1003, T1055, T1057, T1059, T1565",,"T1003, T1055, T1059","T1057, T1565","T1074, T1083, T1119",0.6,0.5,0.5454545454545454,,5,5,3,3,2,2,3,3,"T1010, T1041",2,"T1057, T1565",2,,0,,0,,0,,0,0.0,0.0,0.0,medium,new_false_positives,,,,,
58,Enterprise,PULSECHECK is a web shell written in Perl that was used by APT5 as early as 2020 including against Pulse Secure VPNs at US Defense Industrial Base (DIB) companies. PULSECHECK can check HTTP request headers for a specific backdoor key and if found will output the result of the command in the variable HTTP_X_CMD. PULSECHECK can use Unix shell script for command execution. PULSECHECK can base-64 encode encrypted data sent through C2. PULSECHECK is a web shell that can enable command execution on compromised servers.,"T1059, T1071, T1132, T1505","After analyzing the text, I have identified the following MITRE Enterprise attack patterns and mapped them to their corresponding technique IDs:

1. **T1059: Command and Scripting Interpreter**: PULSECHECK is a web shell that can execute commands on compromised servers.
2. **T1041: Exfiltration Over C2 Channel**: PULSECHECK can base-64 encode encrypted data sent through C2, indicating exfiltration of data over a C2 channel.
3. **T1190: Exploit Public-Facing Application**: The text mentions that APT5 used PULSECHECK to exploit vulnerabilities in Pulse Secure VPNs at US Defense Industrial Base (DIB) companies.
4. **T1057: Process Discovery**: PULSECHECK can check HTTP request headers for a specific backdoor key, which implies process discovery to identify potential targets.

The corresponding MITRE Enterprise technique IDs are:

T1059, T1041, T1190, T1057","T1041, T1057, T1059, T1190",T1059,"T1041, T1057, T1190","T1071, T1132, T1505",0.25,0.25,0.25,extra predicted IDs / false positives; missed gold IDs / false negatives,"{
  ""behaviors"": [
    {
      ""behavior"": ""Check HTTP request headers for a specific backdoor key"",
      ""evidence"": ""check HTTP request headers for a specific backdoor key""
    },
    {
      ""behavior"": ""Output the result of the command in the variable HTTP_X_CMD"",
      ""evidence"": ""output the result of the command in the variable HTTP_X_CMD""
    },
    {
      ""behavior"": ""Use Unix shell script for command execution"",
      ""evidence"": ""use Unix shell script for command execution""
    },
    {
      ""behavior"": ""Base-64 encode encrypted data sent through C2"",
      ""evidence"": ""base-64 encode encrypted data sent through C2""
    }
  ]
}",valid,"[{""behavior"": ""Check HTTP request headers for a specific backdoor key"", ""evidence"": ""check HTTP request headers for a specific backdoor key""}, {""behavior"": ""Output the result of the command in the variable HTTP_X_CMD"", ""evidence"": ""output the result of the command in the variable HTTP_X_CMD""}, {""behavior"": ""Use Unix shell script for command execution"", ""evidence"": ""use Unix shell script for command execution""}, {""behavior"": ""Base-64 encode encrypted data sent through C2"", ""evidence"": ""base-64 encode encrypted data sent through C2""}]","{
  ""mappings"": [
    {
      ""behavior"": ""Check HTTP request headers for a specific backdoor key"",
      ""evidence"": ""check HTTP request headers for a specific backdoor key"",
      ""technique_id"": ""T1010"",
      ""justification"": ""Application Window Discovery""
    },
    {
      ""behavior"": ""Output the result of the command in the variable HTTP_X_CMD"",
      ""evidence"": ""output the result of the command in the variable HTTP_X_CMD"",
      ""technique_id"": ""T1055"",
      ""justification"": ""Process Injection""
    },
    {
      ""behavior"": ""Use Unix shell script for command execution"",
      ""evidence"": ""use Unix shell script for command execution"",
      ""technique_id"": ""T1059"",
      ""justification"": ""Command and Scripting Interpreter""
    },
    {
      ""behavior"": ""Base-64 encode encrypted data sent through C2"",
      ""evidence"": ""base-64 encode encrypted data sent through C2"",
      ""technique_id"": ""T1041"",
      ""justification"": ""Exfiltration Over C2 Channel""
    }
  ],
  ""predicted_ids"": [
    ""T1010"",
    ""T1055"",
    ""T1059"",
    ""T1041""
  ]
}",valid,"[{""behavior"": ""Check HTTP request headers for a specific backdoor key"", ""evidence"": ""check HTTP request headers for a specific backdoor key"", ""technique_id"": ""T1010"", ""justification"": ""Application Window Discovery""}, {""behavior"": ""Output the result of the command in the variable HTTP_X_CMD"", ""evidence"": ""output the result of the command in the variable HTTP_X_CMD"", ""technique_id"": ""T1055"", ""justification"": ""Process Injection""}, {""behavior"": ""Use Unix shell script for command execution"", ""evidence"": ""use Unix shell script for command execution"", ""technique_id"": ""T1059"", ""justification"": ""Command and Scripting Interpreter""}, {""behavior"": ""Base-64 encode encrypted data sent through C2"", ""evidence"": ""base-64 encode encrypted data sent through C2"", ""technique_id"": ""T1041"", ""justification"": ""Exfiltration Over C2 Channel""}]","T1010, T1041, T1055, T1059",,T1059,"T1010, T1041, T1055","T1071, T1132, T1505",0.25,0.25,0.25,,4,4,1,1,3,3,3,3,"T1057, T1190",2,"T1010, T1055",2,,0,,0,,0,,0,0.0,0.0,0.0,medium,new_false_positives; many_remaining_false_positives,,,,,
18,Mobile,"AndroidOS/MalLocker.B is a variant of a ransomware family that targets Android devices by blocking user interaction with the UI through a screen displaying a ransom note over all other windows. This malware registers to receive 14 different broadcast intents, allowing it to automatically trigger its malicious payloads. It can further disrupt user interaction by using a carefully designed ""call"" notification screen, combined with overriding the onUserLeaveHint() callback method to generate a new notification when the current one is dismissed. AndroidOS/MalLocker.B often disguises itself as popular apps, cracked games, or video players. To evade detection, it employs techniques such as name mangling and the use of meaningless variable names in its source code. Additionally, it stores encrypted payload code in the Assets directory and uses a custom decryption routine that assembles a .dex file by passing data through Android Intent objects.","T1406, T1624, T1629, T1655","After analyzing the text, I have identified the following MITRE Mobile attack patterns and mapped them to their corresponding technique IDs:

1. **T1626: Abuse Elevation Control Mechanism** - The malware registers to receive 14 different broadcast intents, allowing it to automatically trigger its malicious payloads, which is a form of abusing elevation control mechanisms.
2. **T1517: Access Notifications** - The malware uses a custom notification screen and overrides the onUserLeaveHint() callback method to generate a new notification when the current one is dismissed, indicating access to notifications.
3. **T1575: Native API** - The malware stores encrypted payload code in the Assets directory and uses a custom decryption routine that assembles a .dex file by passing data through Android Intent objects, which involves native APIs.
4. **T1406: Obfuscated Files or Information** - The malware employs techniques such as name mangling and the use of meaningless variable names in its source code to evade detection, indicating obfuscated files or information.

The main technique IDs (excluding subtechnique IDs) are:

T1626, T1517, T1575, T1406","T1406, T1517, T1575, T1626",T1406,"T1517, T1575, T1626","T1624, T1629, T1655",0.25,0.25,0.25,extra predicted IDs / false positives; missed gold IDs / false negatives,"{
  ""behaviors"": [
    {
      ""behavior"": ""Blocks user interaction with UI"",
      ""evidence"": ""blocking user interaction with the UI through a screen displaying a ransom note over all other windows""
    },
    {
      ""behavior"": ""Registers to receive broadcast intents"",
      ""evidence"": ""registering to receive 14 different broadcast intents""
    },
    {
      ""behavior"": ""Uses call notification screen"",
      ""evidence"": ""using a carefully designed 'call' notification screen""
    },
    {
      ""behavior"": ""Overrides onUserLeaveHint() callback method"",
      ""evidence"": ""overriding the onUserLeaveHint() callback method""
    },
    {
      ""behavior"": ""Disguises itself as popular apps or games"",
      ""evidence"": ""disguising itself as popular apps, cracked games, or video players""
    },
    {
      ""behavior"": ""Employs name mangling technique"",
      ""evidence"": ""name mangling and the use of meaningless variable names in its source code""
    },
    {
      ""behavior"": ""Stores encrypted payload code in Assets directory"",
      ""evidence"": ""stores encrypted payload code in the Assets directory""
    },
    {
      ""behavior"": ""Uses custom decryption routine"",
      ""evidence"": ""uses a custom decryption routine that assembles a .dex file by passing data through Android Intent objects""
    }
  ]
}",valid,"[{""behavior"": ""Blocks user interaction with UI"", ""evidence"": ""blocking user interaction with the UI through a screen displaying a ransom note over all other windows""}, {""behavior"": ""Registers to receive broadcast intents"", ""evidence"": ""registering to receive 14 different broadcast intents""}, {""behavior"": ""Uses call notification screen"", ""evidence"": ""using a carefully designed 'call' notification screen""}, {""behavior"": ""Overrides onUserLeaveHint() callback method"", ""evidence"": ""overriding the onUserLeaveHint() callback method""}, {""behavior"": ""Disguises itself as popular apps or games"", ""evidence"": ""disguising itself as popular apps, cracked games, or video players""}, {""behavior"": ""Employs name mangling technique"", ""evidence"": ""name mangling and the use of meaningless variable names in its source code""}, {""behavior"": ""Stores encrypted payload code in Assets directory"", ""evidence"": ""stores encrypted payload code in the Assets directory""}, {""behavior"": ""Uses custom decryption routine"", ""evidence"": ""uses a custom decryption routine that assembles a .dex file by passing data through Android Intent objects""}]","{
  ""mappings"": [
    {
      ""behavior"": ""Blocks user interaction with UI"",
      ""evidence"": ""blocking user interaction with the UI through a screen displaying a ransom note over all other windows"",
      ""technique_id"": ""T1624"",
      ""justification"": ""Event Triggered Execution: The behavior of blocking user interaction with the UI is triggered by an event, in this case, the display of a ransom note.""
    },
    {
      ""behavior"": ""Registers to receive broadcast intents"",
      ""evidence"": ""registering to receive 14 different broadcast intents"",
      ""technique_id"": ""T1437"",
      ""justification"": ""Application Layer Protocol: The behavior of registering to receive broadcast intents is related to the application layer protocol.""
    },
    {
      ""behavior"": ""Uses call notification screen"",
      ""evidence"": ""using a carefully designed 'call' notification screen"",
      ""technique_id"": ""T1616"",
      ""justification"": ""Call Control: The behavior of using a call notification screen is related to call control.""
    },
    {
      ""behavior"": ""Overrides onUserLeaveHint() callback method"",
      ""evidence"": ""overriding the onUserLeaveHint() callback method"",
      ""technique_id"": ""T1627"",
      ""justification"": ""Execution Guardrails: The behavior of overriding a callback method is related to execution guardrails.""
    },
    {
      ""behavior"": ""Disguises itself as popular apps or games"",
      ""evidence"": ""disguising itself as popular apps, cracked games, or video players"",
      ""technique_id"": ""T1655"",
      ""justification"": ""Masquerading: The behavior of disguising itself as other applications is related to masquerading.""
    },
    {
      ""behavior"": ""Employs name mangling technique"",
      ""evidence"": ""name mangling and the use of meaningless variable names in its source code"",
      ""technique_id"": ""T1575"",
      ""justification"": ""Native API: The behavior of using name mangling is related to native API.""
    },
    {
      ""behavior"": ""Stores encrypted payload code in Assets directory"",
      ""evidence"": ""stores encrypted payload code in the Assets directory"",
      ""technique_id"": ""T1533"",
      ""justification"": ""Data from Local System: The behavior of storing encrypted payload code is related to data from local system.""
    },
    {
      ""behavior"": ""Uses custom decryption routine"",
      ""evidence"": ""uses a custom decryption routine that assembles a .dex file by passing data through Android Intent objects"",
      ""technique_id"": ""T1406"",
      ""justification"": ""Obfuscated Files or Information: The behavior of using a custom decryption routine is related to obfuscated files or information.""
    }
  ],
  ""predicted_ids"": [
    ""T1624"", ""T1437"", ""T1616"", ""T1627"", ""T1655"", ""T1575"", ""T1533"", ""T1406""
  ]
}",valid,"[{""behavior"": ""Blocks user interaction with UI"", ""evidence"": ""blocking user interaction with the UI through a screen displaying a ransom note over all other windows"", ""technique_id"": ""T1624"", ""justification"": ""Event Triggered Execution: The behavior of blocking user interaction with the UI is triggered by an event, in this case, the display of a ransom note.""}, {""behavior"": ""Registers to receive broadcast intents"", ""evidence"": ""registering to receive 14 different broadcast intents"", ""technique_id"": ""T1437"", ""justification"": ""Application Layer Protocol: The behavior of registering to receive broadcast intents is related to the application layer protocol.""}, {""behavior"": ""Uses call notification screen"", ""evidence"": ""using a carefully designed 'call' notification screen"", ""technique_id"": ""T1616"", ""justification"": ""Call Control: The behavior of using a call notification screen is related to call control.""}, {""behavior"": ""Overrides onUserLeaveHint() callback method"", ""evidence"": ""overriding the onUserLeaveHint() callback method"", ""technique_id"": ""T1627"", ""justification"": ""Execution Guardrails: The behavior of overriding a callback method is related to execution guardrails.""}, {""behavior"": ""Disguises itself as popular apps or games"", ""evidence"": ""disguising itself as popular apps, cracked games, or video players"", ""technique_id"": ""T1655"", ""justification"": ""Masquerading: The behavior of disguising itself as other applications is related to masquerading.""}, {""behavior"": ""Employs name mangling technique"", ""evidence"": ""name mangling and the use of meaningless variable names in its source code"", ""technique_id"": ""T1575"", ""justification"": ""Native API: The behavior of using name mangling is related to native API.""}, {""behavior"": ""Stores encrypted payload code in Assets directory"", ""evidence"": ""stores encrypted payload code in the Assets directory"", ""technique_id"": ""T1533"", ""justification"": ""Data from Local System: The behavior of storing encrypted payload code is related to data from local system.""}, {""behavior"": ""Uses custom decryption routine"", ""evidence"": ""uses a custom decryption routine that assembles a .dex file by passing data through Android Intent objects"", ""technique_id"": ""T1406"", ""justification"": ""Obfuscated Files or Information: The behavior of using a custom decryption routine is related to obfuscated files or information.""}]","T1406, T1437, T1533, T1575, T1616, T1624, T1627, T1655",,"T1406, T1624, T1655","T1437, T1533, T1575, T1616, T1627",T1629,0.375,0.75,0.5,,4,8,1,3,3,5,3,1,"T1517, T1626",2,"T1437, T1533, T1616, T1627",4,"T1624, T1655",2,,0,"T1624, T1655",2,,0,0.125,0.5,0.25,medium,new_false_positives; gold_ids_recovered; many_remaining_false_positives,,,,,
