example_id,platform,description,prompt,gold_ids,raw_output,predicted_ids,true_positives,false_positives,false_negatives,precision,recall,f1,notes,num_gold_ids,num_predicted_ids,num_tp,num_fp,num_fn,total_errors,main_error_type,manual_observation,possible_fix
26,Enterprise,The `at` command is used to schedule tasks on a system to run at a specified date and time.,"Extract all MITRE Enterprise attack patterns from the following text and map them to their corresponding MITRE technique IDs. Provide reasoning for each identification. Ensure the final line contains only the IDs for the main techniques, separated by commas, excluding any subtechnique IDs. MITRE Enterprise IDs are given below as reference.  **Text:** The `at` command is used to schedule tasks on a system to run at a specified date and time.  **List of All MITRE Enterprise technique IDs** ID    : Name T1548 : Abuse Elevation Control Mechanism T1134 : Access Token Manipulation T1531 : Account Access Removal T1087 : Account Discovery T1098 : Account Manipulation T1650 : Acquire Access T1583 : Acquire Infrastructure T1595 : Active Scanning T1557 : Adversary-in-the-Middle T1071 : Application Layer Protocol T1010 : Application Window Discovery T1560 : Archive Collected Data T1123 : Audio Capture T1119 : Automated Collection T1020 : Automated Exfiltration T1197 : BITS Jobs T1547 : Boot or Logon Autostart Execution T1037 : Boot or Logon Initialization Scripts T1176 : Browser Extensions T1217 : Browser Information Discovery T1185 : Browser Session Hijacking T1110 : Brute Force T1612 : Build Image on Host T1115 : Clipboard Data T1651 : Cloud Administration Command T1580 : Cloud Infrastructure Discovery T1538 : Cloud Service Dashboard T1526 : Cloud Service Discovery T1619 : Cloud Storage Object Discovery T1059 : Command and Scripting Interpreter T1092 : Communication Through Removable Media T1586 : Compromise Accounts T1554 : Compromise Host Software Binary T1584 : Compromise Infrastructure T1609 : Container Administration Command T1613 : Container and Resource Discovery T1659 : Content Injection T1136 : Create Account T1543 : Create or Modify System Process T1555 : Credentials from Password Stores T1485 : Data Destruction T1132 : Data Encoding T1486 : Data Encrypted for Impact T1530 : Data from Cloud Storage T1602 : Data from Configuration Repository T1213 : Data from Information Repositories T1005 : Data from Local System T1039 : Data from Network Shared Drive T1025 : Data from Removable Media T1565 : Data Manipulation T1001 : Data Obfuscation T1074 : Data Staged T1030 : Data Transfer Size Limits T1622 : Debugger Evasion T1491 : Defacement T1140 : Deobfuscate/Decode Files or Information T1610 : Deploy Container T1587 : Develop Capabilities T1652 : Device Driver Discovery T1006 : Direct Volume Access T1561 : Disk Wipe T1484 : Domain or Tenant Policy Modification T1482 : Domain Trust Discovery T1189 : Drive-by Compromise T1568 : Dynamic Resolution T1114 : Email Collection T1573 : Encrypted Channel T1499 : Endpoint Denial of Service T1611 : Escape to Host T1585 : Establish Accounts T1546 : Event Triggered Execution T1480 : Execution Guardrails T1048 : Exfiltration Over Alternative Protocol T1041 : Exfiltration Over C2 Channel T1011 : Exfiltration Over Other Network Medium T1052 : Exfiltration Over Physical Medium T1567 : Exfiltration Over Web Service T1190 : Exploit Public-Facing Application T1203 : Exploitation for Client Execution T1212 : Exploitation for Credential Access T1211 : Exploitation for Defense Evasion T1068 : Exploitation for Privilege Escalation T1210 : Exploitation of Remote Services T1133 : External Remote Services T1008 : Fallback Channels T1083 : File and Directory Discovery T1222 : File and Directory Permissions Modification T1657 : Financial Theft T1495 : Firmware Corruption T1187 : Forced Authentication T1606 : Forge Web Credentials T1592 : Gather Victim Host Information T1589 : Gather Victim Identity Information T1590 : Gather Victim Network Information T1591 : Gather Victim Org Information T1615 : Group Policy Discovery T1200 : Hardware Additions T1564 : Hide Artifacts T1665 : Hide Infrastructure T1574 : Hijack Execution Flow T1562 : Impair Defenses T1656 : Impersonation T1525 : Implant Internal Image T1070 : Indicator Removal T1202 : Indirect Command Execution T1105 : Ingress Tool Transfer T1490 : Inhibit System Recovery T1056 : Input Capture T1559 : Inter-Process Communication T1534 : Internal Spearphishing T1570 : Lateral Tool Transfer T1654 : Log Enumeration T1036 : Masquerading T1556 : Modify Authentication Process T1578 : Modify Cloud Compute Infrastructure T1112 : Modify Registry T1601 : Modify System Image T1111 : Multi-Factor Authentication Interception T1621 : Multi-Factor Authentication Request Generation T1104 : Multi-Stage Channels T1106 : Native API T1599 : Network Boundary Bridging T1498 : Network Denial of Service T1046 : Network Service Discovery T1135 : Network Share Discovery T1040 : Network Sniffing T1095 : Non-Application Layer Protocol T1571 : Non-Standard Port T1027 : Obfuscated Files or Information T1588 : Obtain Capabilities T1137 : Office Application Startup T1003 : OS Credential Dumping T1201 : Password Policy Discovery T1120 : Peripheral Device Discovery T1069 : Permission Groups Discovery T1566 : Phishing T1598 : Phishing for Information T1647 : Plist File Modification T1653 : Power Settings T1542 : Pre-OS Boot T1057 : Process Discovery T1055 : Process Injection T1572 : Protocol Tunneling T1090 : Proxy T1012 : Query Registry T1620 : Reflective Code Loading T1219 : Remote Access Software T1563 : Remote Service Session Hijacking T1021 : Remote Services T1018 : Remote System Discovery T1091 : Replication Through Removable Media T1496 : Resource Hijacking T1207 : Rogue Domain Controller T1014 : Rootkit T1053 : Scheduled Task/Job T1029 : Scheduled Transfer T1113 : Screen Capture T1597 : Search Closed Sources T1596 : Search Open Technical Databases T1593 : Search Open Websites/Domains T1594 : Search Victim-Owned Websites T1505 : Server Software Component T1648 : Serverless Execution T1489 : Service Stop T1129 : Shared Modules T1072 : Software Deployment Tools T1518 : Software Discovery T1608 : Stage Capabilities T1528 : Steal Application Access Token T1649 : Steal or Forge Authentication Certificates T1558 : Steal or Forge Kerberos Tickets T1539 : Steal Web Session Cookie T1553 : Subvert Trust Controls T1195 : Supply Chain Compromise T1218 : System Binary Proxy Execution T1082 : System Information Discovery T1614 : System Location Discovery T1016 : System Network Configuration Discovery T1049 : System Network Connections Discovery T1033 : System Owner/User Discovery T1216 : System Script Proxy Execution T1007 : System Service Discovery T1569 : System Services T1529 : System Shutdown/Reboot T1124 : System Time Discovery T1080 : Taint Shared Content T1221 : Template Injection T1205 : Traffic Signaling T1537 : Transfer Data to Cloud Account T1127 : Trusted Developer Utilities Proxy Execution T1199 : Trusted Relationship T1552 : Unsecured Credentials T1535 : Unused/Unsupported Cloud Regions T1550 : Use Alternate Authentication Material T1204 : User Execution T1078 : Valid Accounts T1125 : Video Capture T1497 : Virtualization/Sandbox Evasion T1600 : Weaken Encryption T1102 : Web Service T1047 : Windows Management Instrumentation T1220 : XSL Script Processing     ",T1053,"After analyzing the text, I have identified the following MITRE Enterprise attack patterns and mapped them to their corresponding technique IDs:

1. **T1548**: Abuse Elevation Control Mechanism - Not explicitly mentioned in the text.
2. **T1134**: Access Token Manipulation - Not explicitly mentioned in the text.
3. **T1531**: Account Access Removal - Not explicitly mentioned in the text.
4. **T1087**: Account Discovery - Not explicitly mentioned in the text.
5. **T1098**: Account Manipulation - Not explicitly mentioned in the text.
6. **T1650**: Acquire Access - Not explicitly mentioned in the text.
7. **T1583**: Acquire Infrastructure - Not explicitly mentioned in the text.
8. **T1595**: Active Scanning - Not explicitly mentioned in the text.
9. **T1557**: Adversary-in-the-Middle - Not explicitly mentioned in the text.
10. **T1071**: Application Layer Protocol - Not explicitly mentioned in the text.
11. **T1010**: Application Window Discovery - Not explicitly mentioned in the text.
12. **T1560**: Archive Collected Data - Not explicitly mentioned in the text.
13. **T1123**: Audio Capture - Not explicitly mentioned in the text.
14. **T1119**: Automated Collection - Not explicitly mentioned in the text.
15. **T1020**: Automated Exfiltration - Not explicitly mentioned in the text.
16. **T1197**: BITS Jobs - Not explicitly mentioned in the text.
17. **T1547**: Boot or Logon Autostart Execution - Not explicitly mentioned in the text.
18. **T1037**: Boot or Logon Initialization Scripts - Not explicitly mentioned in the text.
19. **T1176**: Browser Extensions - Not explicitly mentioned in the text.
20. **T1217**: Browser Information Discovery - Not explicitly mentioned in the text.
21. **T1185**: Browser Session Hijacking - Not explicitly mentioned in the text.
22. **T1110**: Brute Force - Not explicitly mentioned in the text.
23. **T1612**: Build Image on Host - Not explicitly mentioned in the text.
24. **T1115**: Clipboard Data - Not explicitly mentioned in the text.
25. **T1651**: Cloud Administration Command - Not explicitly mentioned in the text.
26. **T1580**: Cloud Infrastructure Discovery - Not explicitly mentioned in the text.
27. **T1538**: Cloud Service Dashboard - Not explicitly mentioned in the text.
28. **T1526**: Cloud Service Discovery - Not explicitly mentioned in the text.
29. **T1619**: Cloud Storage Object Discovery - Not explicitly mentioned in the text.
30. **T1059**: Command and Scripting Interpreter - Mentioned as ""the `at` command is used to schedule tasks on a system"".
31. **T1092**: Communication Through Removable Media - Not explicitly mentioned in the text.
32. **T1586**: Compromise Accounts - Not explicitly mentioned in the text.
33. **T1554**: Compromise Host Software Binary - Not explicitly mentioned in the text.
34. **T1584**: Compromise Infrastructure - Not explicitly mentioned in the text.
35. **T1609**: Container Administration Command - Not explicitly mentioned in the text.
36. **T1613**: Container and Resource Discovery - Not explicitly mentioned in the text.
37. **T1659**: Content Injection - Not explicitly mentioned in the text.
38. **T1136**: Create Account - Not explicitly mentioned in the text.
39. **T1543**: Create or Modify System Process - Not explicitly mentioned in the text.
40. **T1555**: Credentials from Password Stores - Not explicitly mentioned in the text.

The only technique that is explicitly mentioned in the text is:

* **T1059**: Command and Scripting Interpreter

Therefore, the final line containing only the main technique IDs (excluding subtechnique IDs) separated by commas is:

T1059","T1010, T1020, T1037, T1059, T1071, T1087, T1092, T1098, T1110, T1115, T1119, T1123, T1134, T1136, T1176, T1185, T1197, T1217, T1526, T1531, T1538, T1543, T1547, T1548, T1554, T1555, T1557, T1560, T1580, T1583, T1584, T1586, T1595, T1609, T1612, T1613, T1619, T1650, T1651, T1659",,"T1010, T1020, T1037, T1059, T1071, T1087, T1092, T1098, T1110, T1115, T1119, T1123, T1134, T1136, T1176, T1185, T1197, T1217, T1526, T1531, T1538, T1543, T1547, T1548, T1554, T1555, T1557, T1560, T1580, T1583, T1584, T1586, T1595, T1609, T1612, T1613, T1619, T1650, T1651, T1659",T1053,0.0,0.0,0.0,extra predicted IDs / false positives; missed gold IDs / false negatives,1,40,0,40,1,41,,,
53,Enterprise,"Akira ransomware, written in C++, is most prominently (but not exclusively) associated with the a ransomware-as-a-service entity Akira. Akira will execute PowerShell commands to delete system volume shadow copies. Akira executes from the Windows command line and can take various arguments for execution. Akira encrypts victim filesystems for financial extortion purposes. Akira examines files prior to encryption to determine if they meet requirements for encryption and can be encrypted by the ransomware. These checks are performed through native Windows functions such as GetFileAttributesW. Akira will delete system volume shadow copies via PowerShell commands. Akira executes native Windows functions such as GetFileAttributesW and GetSystemInfo. Akira can identify remote file shares for encryption. Akira verifies the deletion of volume shadow copies by checking for the existence of the process ID related to the process created to delete these items. Akira uses the GetSystemInfo Windows function to determine the number of processors on a victim machine. Akira will leverage COM objects accessed through WMI during execution to evade detection.","Extract all MITRE Enterprise attack patterns from the following text and map them to their corresponding MITRE technique IDs. Provide reasoning for each identification. Ensure the final line contains only the IDs for the main techniques, separated by commas, excluding any subtechnique IDs. MITRE Enterprise IDs are given below as reference.  **Text:** Akira ransomware, written in C++, is most prominently (but not exclusively) associated with the a ransomware-as-a-service entity Akira. Akira will execute PowerShell commands to delete system volume shadow copies. Akira executes from the Windows command line and can take various arguments for execution. Akira encrypts victim filesystems for financial extortion purposes. Akira examines files prior to encryption to determine if they meet requirements for encryption and can be encrypted by the ransomware. These checks are performed through native Windows functions such as GetFileAttributesW. Akira will delete system volume shadow copies via PowerShell commands. Akira executes native Windows functions such as GetFileAttributesW and GetSystemInfo. Akira can identify remote file shares for encryption. Akira verifies the deletion of volume shadow copies by checking for the existence of the process ID related to the process created to delete these items. Akira uses the GetSystemInfo Windows function to determine the number of processors on a victim machine. Akira will leverage COM objects accessed through WMI during execution to evade detection.   **List of All MITRE Enterprise technique IDs** ID    : Name T1548 : Abuse Elevation Control Mechanism T1134 : Access Token Manipulation T1531 : Account Access Removal T1087 : Account Discovery T1098 : Account Manipulation T1650 : Acquire Access T1583 : Acquire Infrastructure T1595 : Active Scanning T1557 : Adversary-in-the-Middle T1071 : Application Layer Protocol T1010 : Application Window Discovery T1560 : Archive Collected Data T1123 : Audio Capture T1119 : Automated Collection T1020 : Automated Exfiltration T1197 : BITS Jobs T1547 : Boot or Logon Autostart Execution T1037 : Boot or Logon Initialization Scripts T1176 : Browser Extensions T1217 : Browser Information Discovery T1185 : Browser Session Hijacking T1110 : Brute Force T1612 : Build Image on Host T1115 : Clipboard Data T1651 : Cloud Administration Command T1580 : Cloud Infrastructure Discovery T1538 : Cloud Service Dashboard T1526 : Cloud Service Discovery T1619 : Cloud Storage Object Discovery T1059 : Command and Scripting Interpreter T1092 : Communication Through Removable Media T1586 : Compromise Accounts T1554 : Compromise Host Software Binary T1584 : Compromise Infrastructure T1609 : Container Administration Command T1613 : Container and Resource Discovery T1659 : Content Injection T1136 : Create Account T1543 : Create or Modify System Process T1555 : Credentials from Password Stores T1485 : Data Destruction T1132 : Data Encoding T1486 : Data Encrypted for Impact T1530 : Data from Cloud Storage T1602 : Data from Configuration Repository T1213 : Data from Information Repositories T1005 : Data from Local System T1039 : Data from Network Shared Drive T1025 : Data from Removable Media T1565 : Data Manipulation T1001 : Data Obfuscation T1074 : Data Staged T1030 : Data Transfer Size Limits T1622 : Debugger Evasion T1491 : Defacement T1140 : Deobfuscate/Decode Files or Information T1610 : Deploy Container T1587 : Develop Capabilities T1652 : Device Driver Discovery T1006 : Direct Volume Access T1561 : Disk Wipe T1484 : Domain or Tenant Policy Modification T1482 : Domain Trust Discovery T1189 : Drive-by Compromise T1568 : Dynamic Resolution T1114 : Email Collection T1573 : Encrypted Channel T1499 : Endpoint Denial of Service T1611 : Escape to Host T1585 : Establish Accounts T1546 : Event Triggered Execution T1480 : Execution Guardrails T1048 : Exfiltration Over Alternative Protocol T1041 : Exfiltration Over C2 Channel T1011 : Exfiltration Over Other Network Medium T1052 : Exfiltration Over Physical Medium T1567 : Exfiltration Over Web Service T1190 : Exploit Public-Facing Application T1203 : Exploitation for Client Execution T1212 : Exploitation for Credential Access T1211 : Exploitation for Defense Evasion T1068 : Exploitation for Privilege Escalation T1210 : Exploitation of Remote Services T1133 : External Remote Services T1008 : Fallback Channels T1083 : File and Directory Discovery T1222 : File and Directory Permissions Modification T1657 : Financial Theft T1495 : Firmware Corruption T1187 : Forced Authentication T1606 : Forge Web Credentials T1592 : Gather Victim Host Information T1589 : Gather Victim Identity Information T1590 : Gather Victim Network Information T1591 : Gather Victim Org Information T1615 : Group Policy Discovery T1200 : Hardware Additions T1564 : Hide Artifacts T1665 : Hide Infrastructure T1574 : Hijack Execution Flow T1562 : Impair Defenses T1656 : Impersonation T1525 : Implant Internal Image T1070 : Indicator Removal T1202 : Indirect Command Execution T1105 : Ingress Tool Transfer T1490 : Inhibit System Recovery T1056 : Input Capture T1559 : Inter-Process Communication T1534 : Internal Spearphishing T1570 : Lateral Tool Transfer T1654 : Log Enumeration T1036 : Masquerading T1556 : Modify Authentication Process T1578 : Modify Cloud Compute Infrastructure T1112 : Modify Registry T1601 : Modify System Image T1111 : Multi-Factor Authentication Interception T1621 : Multi-Factor Authentication Request Generation T1104 : Multi-Stage Channels T1106 : Native API T1599 : Network Boundary Bridging T1498 : Network Denial of Service T1046 : Network Service Discovery T1135 : Network Share Discovery T1040 : Network Sniffing T1095 : Non-Application Layer Protocol T1571 : Non-Standard Port T1027 : Obfuscated Files or Information T1588 : Obtain Capabilities T1137 : Office Application Startup T1003 : OS Credential Dumping T1201 : Password Policy Discovery T1120 : Peripheral Device Discovery T1069 : Permission Groups Discovery T1566 : Phishing T1598 : Phishing for Information T1647 : Plist File Modification T1653 : Power Settings T1542 : Pre-OS Boot T1057 : Process Discovery T1055 : Process Injection T1572 : Protocol Tunneling T1090 : Proxy T1012 : Query Registry T1620 : Reflective Code Loading T1219 : Remote Access Software T1563 : Remote Service Session Hijacking T1021 : Remote Services T1018 : Remote System Discovery T1091 : Replication Through Removable Media T1496 : Resource Hijacking T1207 : Rogue Domain Controller T1014 : Rootkit T1053 : Scheduled Task/Job T1029 : Scheduled Transfer T1113 : Screen Capture T1597 : Search Closed Sources T1596 : Search Open Technical Databases T1593 : Search Open Websites/Domains T1594 : Search Victim-Owned Websites T1505 : Server Software Component T1648 : Serverless Execution T1489 : Service Stop T1129 : Shared Modules T1072 : Software Deployment Tools T1518 : Software Discovery T1608 : Stage Capabilities T1528 : Steal Application Access Token T1649 : Steal or Forge Authentication Certificates T1558 : Steal or Forge Kerberos Tickets T1539 : Steal Web Session Cookie T1553 : Subvert Trust Controls T1195 : Supply Chain Compromise T1218 : System Binary Proxy Execution T1082 : System Information Discovery T1614 : System Location Discovery T1016 : System Network Configuration Discovery T1049 : System Network Connections Discovery T1033 : System Owner/User Discovery T1216 : System Script Proxy Execution T1007 : System Service Discovery T1569 : System Services T1529 : System Shutdown/Reboot T1124 : System Time Discovery T1080 : Taint Shared Content T1221 : Template Injection T1205 : Traffic Signaling T1537 : Transfer Data to Cloud Account T1127 : Trusted Developer Utilities Proxy Execution T1199 : Trusted Relationship T1552 : Unsecured Credentials T1535 : Unused/Unsupported Cloud Regions T1550 : Use Alternate Authentication Material T1204 : User Execution T1078 : Valid Accounts T1125 : Video Capture T1497 : Virtualization/Sandbox Evasion T1600 : Weaken Encryption T1102 : Web Service T1047 : Windows Management Instrumentation T1220 : XSL Script Processing     ","T1047, T1057, T1059, T1082, T1083, T1106, T1135, T1486, T1490","After analyzing the provided text, I have identified the following MITRE Enterprise attack patterns and mapped them to their corresponding technique IDs:

1. **T1134**: Access Token Manipulation - Akira uses native Windows functions such as GetFileAttributesW to examine files prior to encryption.
2. **T1548**: Abuse Elevation Control Mechanism - Akira executes from the Windows command line and can take various arguments for execution, potentially abusing elevation control mechanisms.
3. **T1087**: Account Discovery - Akira uses native Windows functions such as GetSystemInfo to determine the number of processors on a victim machine, which may be used to discover account information.
4. **T1098**: Account Manipulation - Akira leverages COM objects accessed through WMI during execution to evade detection and potentially manipulate accounts.
5. **T1650**: Acquire Access - Akira encrypts victim filesystems for financial extortion purposes, implying that it acquires access to the system.
6. **T1583**: Acquire Infrastructure - Akira uses PowerShell commands to delete system volume shadow copies, which may be used to acquire infrastructure on the compromised system.
7. **T1557**: Adversary-in-the-Middle - Akira's use of native Windows functions and COM objects suggests that it may be operating as an adversary-in-the-middle.
8. **T1071**: Application Layer Protocol - Akira uses PowerShell commands, which is an application-layer protocol.
9. **T1010**: Application Window Discovery - Akira executes from the Windows command line, implying that it discovers application windows.

The main techniques identified are:

T1134, T1548, T1087, T1098, T1650, T1583, T1557, T1071","T1010, T1071, T1087, T1098, T1134, T1548, T1557, T1583, T1650",,"T1010, T1071, T1087, T1098, T1134, T1548, T1557, T1583, T1650","T1047, T1057, T1059, T1082, T1083, T1106, T1135, T1486, T1490",0.0,0.0,0.0,extra predicted IDs / false positives; missed gold IDs / false negatives,9,9,0,9,9,18,,,
8,Enterprise,"Agent Smith is mobile malware that generates financial profit by replacing legitimate apps on infected devices with malicious versions that contain fraudulent ads. By July 2019, Agent Smith had infected approximately 25 million devices, primarily targeting users in India, but also impacting other Asian countries, Saudi Arabia, the United Kingdom, and the United States. Agent Smith can inject fraudulent ad modules into existing applications on a device and exploits known OS vulnerabilities, such as Janus, to replace legitimate apps with malicious versions. The malware is designed to display fraudulent ads to generate revenue. It can also hide its icon from the application launcher and delete update packages of infected apps to prevent them from being updated. The malware can impersonate any popular application on an infected device, with its core component disguising itself as a legitimate Google app. The dropper used to deliver Agent Smith is a weaponized version of a legitimate Feng Shui Bundle. Additionally, the core malware is disguised as a JPG file and encrypted with an XOR cipher.","Extract all MITRE Enterprise attack patterns from the following text and map them to their corresponding MITRE technique IDs. Provide reasoning for each identification. Ensure the final line contains only the IDs for the main techniques, separated by commas, excluding any subtechnique IDs. MITRE Enterprise IDs are given below as reference.  **Text:** Agent Smith is mobile malware that generates financial profit by replacing legitimate apps on infected devices with malicious versions that contain fraudulent ads. By July 2019, Agent Smith had infected approximately 25 million devices, primarily targeting users in India, but also impacting other Asian countries, Saudi Arabia, the United Kingdom, and the United States. Agent Smith can inject fraudulent ad modules into existing applications on a device and exploits known OS vulnerabilities, such as Janus, to replace legitimate apps with malicious versions. The malware is designed to display fraudulent ads to generate revenue. It can also hide its icon from the application launcher and delete update packages of infected apps to prevent them from being updated. The malware can impersonate any popular application on an infected device, with its core component disguising itself as a legitimate Google app. The dropper used to deliver Agent Smith is a weaponized version of a legitimate Feng Shui Bundle. Additionally, the core malware is disguised as a JPG file and encrypted with an XOR cipher.  **List of All MITRE Enterprise technique IDs** ID    : Name T1548 : Abuse Elevation Control Mechanism T1134 : Access Token Manipulation T1531 : Account Access Removal T1087 : Account Discovery T1098 : Account Manipulation T1650 : Acquire Access T1583 : Acquire Infrastructure T1595 : Active Scanning T1557 : Adversary-in-the-Middle T1071 : Application Layer Protocol T1010 : Application Window Discovery T1560 : Archive Collected Data T1123 : Audio Capture T1119 : Automated Collection T1020 : Automated Exfiltration T1197 : BITS Jobs T1547 : Boot or Logon Autostart Execution T1037 : Boot or Logon Initialization Scripts T1176 : Browser Extensions T1217 : Browser Information Discovery T1185 : Browser Session Hijacking T1110 : Brute Force T1612 : Build Image on Host T1115 : Clipboard Data T1651 : Cloud Administration Command T1580 : Cloud Infrastructure Discovery T1538 : Cloud Service Dashboard T1526 : Cloud Service Discovery T1619 : Cloud Storage Object Discovery T1059 : Command and Scripting Interpreter T1092 : Communication Through Removable Media T1586 : Compromise Accounts T1554 : Compromise Host Software Binary T1584 : Compromise Infrastructure T1609 : Container Administration Command T1613 : Container and Resource Discovery T1659 : Content Injection T1136 : Create Account T1543 : Create or Modify System Process T1555 : Credentials from Password Stores T1485 : Data Destruction T1132 : Data Encoding T1486 : Data Encrypted for Impact T1530 : Data from Cloud Storage T1602 : Data from Configuration Repository T1213 : Data from Information Repositories T1005 : Data from Local System T1039 : Data from Network Shared Drive T1025 : Data from Removable Media T1565 : Data Manipulation T1001 : Data Obfuscation T1074 : Data Staged T1030 : Data Transfer Size Limits T1622 : Debugger Evasion T1491 : Defacement T1140 : Deobfuscate/Decode Files or Information T1610 : Deploy Container T1587 : Develop Capabilities T1652 : Device Driver Discovery T1006 : Direct Volume Access T1561 : Disk Wipe T1484 : Domain or Tenant Policy Modification T1482 : Domain Trust Discovery T1189 : Drive-by Compromise T1568 : Dynamic Resolution T1114 : Email Collection T1573 : Encrypted Channel T1499 : Endpoint Denial of Service T1611 : Escape to Host T1585 : Establish Accounts T1546 : Event Triggered Execution T1480 : Execution Guardrails T1048 : Exfiltration Over Alternative Protocol T1041 : Exfiltration Over C2 Channel T1011 : Exfiltration Over Other Network Medium T1052 : Exfiltration Over Physical Medium T1567 : Exfiltration Over Web Service T1190 : Exploit Public-Facing Application T1203 : Exploitation for Client Execution T1212 : Exploitation for Credential Access T1211 : Exploitation for Defense Evasion T1068 : Exploitation for Privilege Escalation T1210 : Exploitation of Remote Services T1133 : External Remote Services T1008 : Fallback Channels T1083 : File and Directory Discovery T1222 : File and Directory Permissions Modification T1657 : Financial Theft T1495 : Firmware Corruption T1187 : Forced Authentication T1606 : Forge Web Credentials T1592 : Gather Victim Host Information T1589 : Gather Victim Identity Information T1590 : Gather Victim Network Information T1591 : Gather Victim Org Information T1615 : Group Policy Discovery T1200 : Hardware Additions T1564 : Hide Artifacts T1665 : Hide Infrastructure T1574 : Hijack Execution Flow T1562 : Impair Defenses T1656 : Impersonation T1525 : Implant Internal Image T1070 : Indicator Removal T1202 : Indirect Command Execution T1105 : Ingress Tool Transfer T1490 : Inhibit System Recovery T1056 : Input Capture T1559 : Inter-Process Communication T1534 : Internal Spearphishing T1570 : Lateral Tool Transfer T1654 : Log Enumeration T1036 : Masquerading T1556 : Modify Authentication Process T1578 : Modify Cloud Compute Infrastructure T1112 : Modify Registry T1601 : Modify System Image T1111 : Multi-Factor Authentication Interception T1621 : Multi-Factor Authentication Request Generation T1104 : Multi-Stage Channels T1106 : Native API T1599 : Network Boundary Bridging T1498 : Network Denial of Service T1046 : Network Service Discovery T1135 : Network Share Discovery T1040 : Network Sniffing T1095 : Non-Application Layer Protocol T1571 : Non-Standard Port T1027 : Obfuscated Files or Information T1588 : Obtain Capabilities T1137 : Office Application Startup T1003 : OS Credential Dumping T1201 : Password Policy Discovery T1120 : Peripheral Device Discovery T1069 : Permission Groups Discovery T1566 : Phishing T1598 : Phishing for Information T1647 : Plist File Modification T1653 : Power Settings T1542 : Pre-OS Boot T1057 : Process Discovery T1055 : Process Injection T1572 : Protocol Tunneling T1090 : Proxy T1012 : Query Registry T1620 : Reflective Code Loading T1219 : Remote Access Software T1563 : Remote Service Session Hijacking T1021 : Remote Services T1018 : Remote System Discovery T1091 : Replication Through Removable Media T1496 : Resource Hijacking T1207 : Rogue Domain Controller T1014 : Rootkit T1053 : Scheduled Task/Job T1029 : Scheduled Transfer T1113 : Screen Capture T1597 : Search Closed Sources T1596 : Search Open Technical Databases T1593 : Search Open Websites/Domains T1594 : Search Victim-Owned Websites T1505 : Server Software Component T1648 : Serverless Execution T1489 : Service Stop T1129 : Shared Modules T1072 : Software Deployment Tools T1518 : Software Discovery T1608 : Stage Capabilities T1528 : Steal Application Access Token T1649 : Steal or Forge Authentication Certificates T1558 : Steal or Forge Kerberos Tickets T1539 : Steal Web Session Cookie T1553 : Subvert Trust Controls T1195 : Supply Chain Compromise T1218 : System Binary Proxy Execution T1082 : System Information Discovery T1614 : System Location Discovery T1016 : System Network Configuration Discovery T1049 : System Network Connections Discovery T1033 : System Owner/User Discovery T1216 : System Script Proxy Execution T1007 : System Service Discovery T1569 : System Services T1529 : System Shutdown/Reboot T1124 : System Time Discovery T1080 : Taint Shared Content T1221 : Template Injection T1205 : Traffic Signaling T1537 : Transfer Data to Cloud Account T1127 : Trusted Developer Utilities Proxy Execution T1199 : Trusted Relationship T1552 : Unsecured Credentials T1535 : Unused/Unsupported Cloud Regions T1550 : Use Alternate Authentication Material T1204 : User Execution T1078 : Valid Accounts T1125 : Video Capture T1497 : Virtualization/Sandbox Evasion T1600 : Weaken Encryption T1102 : Web Service T1047 : Windows Management Instrumentation T1220 : XSL Script Processing     ","T1404, T1406, T1577, T1628, T1630, T1643, T1655","After analyzing the text, I have identified the following MITRE Enterprise attack patterns and mapped them to their corresponding technique IDs:

1. **T1195: Supply Chain Compromise** - The dropper used to deliver Agent Smith is a weaponized version of a legitimate Feng Shui Bundle.
2. **T1203: Exploitation for Client Execution** - Agent Smith exploits known OS vulnerabilities, such as Janus, to replace legitimate apps with malicious versions.
3. **T1190: Exploit Public-Facing Application** - The malware injects fraudulent ad modules into existing applications on a device and replaces legitimate apps with malicious versions.
4. **T1557: Adversary-in-the-Middle** - Agent Smith can impersonate any popular application on an infected device, disguising its core component as a legitimate Google app.
5. **T1562: Impair Defenses** - The malware hides its icon from the application launcher and deletes update packages of infected apps to prevent them from being updated.
6. **T1048: Exfiltration Over Alternative Protocol** - Agent Smith generates financial profit by displaying fraudulent ads, which implies data exfiltration over an alternative protocol (e.g., ad networks).
7. **T1052: Exfiltration Over Physical Medium** - The malware is disguised as a JPG file and encrypted with an XOR cipher, suggesting that it can be transmitted over physical media.

Here are the main technique IDs, excluding subtechnique IDs:

T1195, T1203, T1190, T1557, T1562, T1048, T1052","T1048, T1052, T1190, T1195, T1203, T1557, T1562",,"T1048, T1052, T1190, T1195, T1203, T1557, T1562","T1404, T1406, T1577, T1628, T1630, T1643, T1655",0.0,0.0,0.0,extra predicted IDs / false positives; missed gold IDs / false negatives,7,7,0,7,7,14,,,
45,Enterprise,"WIREFIRE is a web shell written in Python that exists as trojanized logic to the visits.py component of Ivanti Connect Secure VPN appliances. WIREFIRE was used during Cutting Edge for downloading files and command execution. WIREFIRE can respond to specific HTTP POST requests to /api/v1/cav/client/visits. WIREFIRE can modify the visits.py component of Ivanti Connect Secure VPNs for file download and arbitrary command execution. WIREFIRE can Base64 encode process output sent to C2. WIREFIRE can decode, decrypt, and decompress data received in C2 HTTP POST requests. WIREFIRE can AES encrypt process output sent from compromised devices to C2. WIREFIRE has the ability to download files to compromised devices. WIREFIRE is a web shell that can download files to and execute arbitrary commands from compromised Ivanti Connect Secure VPNs.","Extract all MITRE Enterprise attack patterns from the following text and map them to their corresponding MITRE technique IDs. Provide reasoning for each identification. Ensure the final line contains only the IDs for the main techniques, separated by commas, excluding any subtechnique IDs. MITRE Enterprise IDs are given below as reference.  **Text:** WIREFIRE is a web shell written in Python that exists as trojanized logic to the visits.py component of Ivanti Connect Secure VPN appliances. WIREFIRE was used during Cutting Edge for downloading files and command execution. WIREFIRE can respond to specific HTTP POST requests to /api/v1/cav/client/visits. WIREFIRE can modify the visits.py component of Ivanti Connect Secure VPNs for file download and arbitrary command execution. WIREFIRE can Base64 encode process output sent to C2. WIREFIRE can decode, decrypt, and decompress data received in C2 HTTP POST requests. WIREFIRE can AES encrypt process output sent from compromised devices to C2. WIREFIRE has the ability to download files to compromised devices. WIREFIRE is a web shell that can download files to and execute arbitrary commands from compromised Ivanti Connect Secure VPNs.  **List of All MITRE Enterprise technique IDs** ID    : Name T1548 : Abuse Elevation Control Mechanism T1134 : Access Token Manipulation T1531 : Account Access Removal T1087 : Account Discovery T1098 : Account Manipulation T1650 : Acquire Access T1583 : Acquire Infrastructure T1595 : Active Scanning T1557 : Adversary-in-the-Middle T1071 : Application Layer Protocol T1010 : Application Window Discovery T1560 : Archive Collected Data T1123 : Audio Capture T1119 : Automated Collection T1020 : Automated Exfiltration T1197 : BITS Jobs T1547 : Boot or Logon Autostart Execution T1037 : Boot or Logon Initialization Scripts T1176 : Browser Extensions T1217 : Browser Information Discovery T1185 : Browser Session Hijacking T1110 : Brute Force T1612 : Build Image on Host T1115 : Clipboard Data T1651 : Cloud Administration Command T1580 : Cloud Infrastructure Discovery T1538 : Cloud Service Dashboard T1526 : Cloud Service Discovery T1619 : Cloud Storage Object Discovery T1059 : Command and Scripting Interpreter T1092 : Communication Through Removable Media T1586 : Compromise Accounts T1554 : Compromise Host Software Binary T1584 : Compromise Infrastructure T1609 : Container Administration Command T1613 : Container and Resource Discovery T1659 : Content Injection T1136 : Create Account T1543 : Create or Modify System Process T1555 : Credentials from Password Stores T1485 : Data Destruction T1132 : Data Encoding T1486 : Data Encrypted for Impact T1530 : Data from Cloud Storage T1602 : Data from Configuration Repository T1213 : Data from Information Repositories T1005 : Data from Local System T1039 : Data from Network Shared Drive T1025 : Data from Removable Media T1565 : Data Manipulation T1001 : Data Obfuscation T1074 : Data Staged T1030 : Data Transfer Size Limits T1622 : Debugger Evasion T1491 : Defacement T1140 : Deobfuscate/Decode Files or Information T1610 : Deploy Container T1587 : Develop Capabilities T1652 : Device Driver Discovery T1006 : Direct Volume Access T1561 : Disk Wipe T1484 : Domain or Tenant Policy Modification T1482 : Domain Trust Discovery T1189 : Drive-by Compromise T1568 : Dynamic Resolution T1114 : Email Collection T1573 : Encrypted Channel T1499 : Endpoint Denial of Service T1611 : Escape to Host T1585 : Establish Accounts T1546 : Event Triggered Execution T1480 : Execution Guardrails T1048 : Exfiltration Over Alternative Protocol T1041 : Exfiltration Over C2 Channel T1011 : Exfiltration Over Other Network Medium T1052 : Exfiltration Over Physical Medium T1567 : Exfiltration Over Web Service T1190 : Exploit Public-Facing Application T1203 : Exploitation for Client Execution T1212 : Exploitation for Credential Access T1211 : Exploitation for Defense Evasion T1068 : Exploitation for Privilege Escalation T1210 : Exploitation of Remote Services T1133 : External Remote Services T1008 : Fallback Channels T1083 : File and Directory Discovery T1222 : File and Directory Permissions Modification T1657 : Financial Theft T1495 : Firmware Corruption T1187 : Forced Authentication T1606 : Forge Web Credentials T1592 : Gather Victim Host Information T1589 : Gather Victim Identity Information T1590 : Gather Victim Network Information T1591 : Gather Victim Org Information T1615 : Group Policy Discovery T1200 : Hardware Additions T1564 : Hide Artifacts T1665 : Hide Infrastructure T1574 : Hijack Execution Flow T1562 : Impair Defenses T1656 : Impersonation T1525 : Implant Internal Image T1070 : Indicator Removal T1202 : Indirect Command Execution T1105 : Ingress Tool Transfer T1490 : Inhibit System Recovery T1056 : Input Capture T1559 : Inter-Process Communication T1534 : Internal Spearphishing T1570 : Lateral Tool Transfer T1654 : Log Enumeration T1036 : Masquerading T1556 : Modify Authentication Process T1578 : Modify Cloud Compute Infrastructure T1112 : Modify Registry T1601 : Modify System Image T1111 : Multi-Factor Authentication Interception T1621 : Multi-Factor Authentication Request Generation T1104 : Multi-Stage Channels T1106 : Native API T1599 : Network Boundary Bridging T1498 : Network Denial of Service T1046 : Network Service Discovery T1135 : Network Share Discovery T1040 : Network Sniffing T1095 : Non-Application Layer Protocol T1571 : Non-Standard Port T1027 : Obfuscated Files or Information T1588 : Obtain Capabilities T1137 : Office Application Startup T1003 : OS Credential Dumping T1201 : Password Policy Discovery T1120 : Peripheral Device Discovery T1069 : Permission Groups Discovery T1566 : Phishing T1598 : Phishing for Information T1647 : Plist File Modification T1653 : Power Settings T1542 : Pre-OS Boot T1057 : Process Discovery T1055 : Process Injection T1572 : Protocol Tunneling T1090 : Proxy T1012 : Query Registry T1620 : Reflective Code Loading T1219 : Remote Access Software T1563 : Remote Service Session Hijacking T1021 : Remote Services T1018 : Remote System Discovery T1091 : Replication Through Removable Media T1496 : Resource Hijacking T1207 : Rogue Domain Controller T1014 : Rootkit T1053 : Scheduled Task/Job T1029 : Scheduled Transfer T1113 : Screen Capture T1597 : Search Closed Sources T1596 : Search Open Technical Databases T1593 : Search Open Websites/Domains T1594 : Search Victim-Owned Websites T1505 : Server Software Component T1648 : Serverless Execution T1489 : Service Stop T1129 : Shared Modules T1072 : Software Deployment Tools T1518 : Software Discovery T1608 : Stage Capabilities T1528 : Steal Application Access Token T1649 : Steal or Forge Authentication Certificates T1558 : Steal or Forge Kerberos Tickets T1539 : Steal Web Session Cookie T1553 : Subvert Trust Controls T1195 : Supply Chain Compromise T1218 : System Binary Proxy Execution T1082 : System Information Discovery T1614 : System Location Discovery T1016 : System Network Configuration Discovery T1049 : System Network Connections Discovery T1033 : System Owner/User Discovery T1216 : System Script Proxy Execution T1007 : System Service Discovery T1569 : System Services T1529 : System Shutdown/Reboot T1124 : System Time Discovery T1080 : Taint Shared Content T1221 : Template Injection T1205 : Traffic Signaling T1537 : Transfer Data to Cloud Account T1127 : Trusted Developer Utilities Proxy Execution T1199 : Trusted Relationship T1552 : Unsecured Credentials T1535 : Unused/Unsupported Cloud Regions T1550 : Use Alternate Authentication Material T1204 : User Execution T1078 : Valid Accounts T1125 : Video Capture T1497 : Virtualization/Sandbox Evasion T1600 : Weaken Encryption T1102 : Web Service T1047 : Windows Management Instrumentation T1220 : XSL Script Processing     ","T1071, T1105, T1132, T1140, T1505, T1554, T1573","After analyzing the provided text, I have identified several MITRE Enterprise attack patterns and mapped them to their corresponding technique IDs. Here are the extracted techniques with reasoning for each identification:

1. **T1059: Command and Scripting Interpreter**: WIREFIRE is a web shell that can execute arbitrary commands on compromised Ivanti Connect Secure VPNs.
2. **T1041: Exfiltration Over C2 Channel**: WIREFIRE can Base64 encode process output sent to C2, indicating data exfiltration over a C2 channel.
3. **T1057: Process Discovery**: WIREFIRE can modify the visits.py component of Ivanti Connect Secure VPNs for file download and arbitrary command execution, which implies process discovery.
4. **T1048: Exfiltration Over Alternative Protocol**: WIREFIRE can AES encrypt process output sent from compromised devices to C2, indicating exfiltration over an alternative protocol (AES encryption).
5. **T1056: Input Capture**: WIREFIRE can respond to specific HTTP POST requests to /api/v1/cav/client/visits, which implies input capture.
6. **T1040: Network Sniffing**: WIREFIRE can decode, decrypt, and decompress data received in C2 HTTP POST requests, indicating network sniffing capabilities.
7. **T1053: Scheduled Task/Job**: WIREFIRE can modify the visits.py component of Ivanti Connect Secure VPNs for file download and arbitrary command execution, which implies scheduled task/job creation.

Here are the main technique IDs (excluding subtechnique IDs) separated by commas:

T1059, T1041, T1057, T1048, T1056, T1040","T1040, T1041, T1048, T1053, T1056, T1057, T1059",,"T1040, T1041, T1048, T1053, T1056, T1057, T1059","T1071, T1105, T1132, T1140, T1505, T1554, T1573",0.0,0.0,0.0,extra predicted IDs / false positives; missed gold IDs / false negatives,7,7,0,7,7,14,,,
46,Enterprise,LITTLELAMB.WOOLTEA is a backdoor that was used by UNC5325 during Cutting Edge to deploy malware on targeted Ivanti Connect Secure VPNs and to establish persistence across system upgrades and patches. LITTLELAMB.WOOLTEA can append malicious components to the tmp/tmpmnt/bin/samba_upgrade.tar archive inside the factory reset partition in attempt to persist post reset. LITTLELAMB.WOOLTEA can initialize itself as a daemon to run persistently in the background. LITTLELAMB.WOOLTEA can communicate over SSL using the private key from the Ivanti Connect Secure web server. LITTLELAMB.WOOLTEA can monitor for system upgrade events by checking for the presence of /tmp/data/root/dev. LITTLELAMB.WOOLTEA can function as a stand-alone backdoor communicating over the /tmp/clientsDownload.sock socket. LITTLELAMB.WOOLTEA has the ability to function as a SOCKS proxy. LITTLELAMB.WOOLTEA can check the type of Ivanti VPN device it is running on by executing first_run() to identify the first four bytes of the motherboard serial number.,"Extract all MITRE Enterprise attack patterns from the following text and map them to their corresponding MITRE technique IDs. Provide reasoning for each identification. Ensure the final line contains only the IDs for the main techniques, separated by commas, excluding any subtechnique IDs. MITRE Enterprise IDs are given below as reference.  **Text:** LITTLELAMB.WOOLTEA is a backdoor that was used by UNC5325 during Cutting Edge to deploy malware on targeted Ivanti Connect Secure VPNs and to establish persistence across system upgrades and patches. LITTLELAMB.WOOLTEA can append malicious components to the tmp/tmpmnt/bin/samba_upgrade.tar archive inside the factory reset partition in attempt to persist post reset. LITTLELAMB.WOOLTEA can initialize itself as a daemon to run persistently in the background. LITTLELAMB.WOOLTEA can communicate over SSL using the private key from the Ivanti Connect Secure web server. LITTLELAMB.WOOLTEA can monitor for system upgrade events by checking for the presence of /tmp/data/root/dev. LITTLELAMB.WOOLTEA can function as a stand-alone backdoor communicating over the /tmp/clientsDownload.sock socket. LITTLELAMB.WOOLTEA has the ability to function as a SOCKS proxy. LITTLELAMB.WOOLTEA can check the type of Ivanti VPN device it is running on by executing first_run() to identify the first four bytes of the motherboard serial number.  **List of All MITRE Enterprise technique IDs** ID    : Name T1548 : Abuse Elevation Control Mechanism T1134 : Access Token Manipulation T1531 : Account Access Removal T1087 : Account Discovery T1098 : Account Manipulation T1650 : Acquire Access T1583 : Acquire Infrastructure T1595 : Active Scanning T1557 : Adversary-in-the-Middle T1071 : Application Layer Protocol T1010 : Application Window Discovery T1560 : Archive Collected Data T1123 : Audio Capture T1119 : Automated Collection T1020 : Automated Exfiltration T1197 : BITS Jobs T1547 : Boot or Logon Autostart Execution T1037 : Boot or Logon Initialization Scripts T1176 : Browser Extensions T1217 : Browser Information Discovery T1185 : Browser Session Hijacking T1110 : Brute Force T1612 : Build Image on Host T1115 : Clipboard Data T1651 : Cloud Administration Command T1580 : Cloud Infrastructure Discovery T1538 : Cloud Service Dashboard T1526 : Cloud Service Discovery T1619 : Cloud Storage Object Discovery T1059 : Command and Scripting Interpreter T1092 : Communication Through Removable Media T1586 : Compromise Accounts T1554 : Compromise Host Software Binary T1584 : Compromise Infrastructure T1609 : Container Administration Command T1613 : Container and Resource Discovery T1659 : Content Injection T1136 : Create Account T1543 : Create or Modify System Process T1555 : Credentials from Password Stores T1485 : Data Destruction T1132 : Data Encoding T1486 : Data Encrypted for Impact T1530 : Data from Cloud Storage T1602 : Data from Configuration Repository T1213 : Data from Information Repositories T1005 : Data from Local System T1039 : Data from Network Shared Drive T1025 : Data from Removable Media T1565 : Data Manipulation T1001 : Data Obfuscation T1074 : Data Staged T1030 : Data Transfer Size Limits T1622 : Debugger Evasion T1491 : Defacement T1140 : Deobfuscate/Decode Files or Information T1610 : Deploy Container T1587 : Develop Capabilities T1652 : Device Driver Discovery T1006 : Direct Volume Access T1561 : Disk Wipe T1484 : Domain or Tenant Policy Modification T1482 : Domain Trust Discovery T1189 : Drive-by Compromise T1568 : Dynamic Resolution T1114 : Email Collection T1573 : Encrypted Channel T1499 : Endpoint Denial of Service T1611 : Escape to Host T1585 : Establish Accounts T1546 : Event Triggered Execution T1480 : Execution Guardrails T1048 : Exfiltration Over Alternative Protocol T1041 : Exfiltration Over C2 Channel T1011 : Exfiltration Over Other Network Medium T1052 : Exfiltration Over Physical Medium T1567 : Exfiltration Over Web Service T1190 : Exploit Public-Facing Application T1203 : Exploitation for Client Execution T1212 : Exploitation for Credential Access T1211 : Exploitation for Defense Evasion T1068 : Exploitation for Privilege Escalation T1210 : Exploitation of Remote Services T1133 : External Remote Services T1008 : Fallback Channels T1083 : File and Directory Discovery T1222 : File and Directory Permissions Modification T1657 : Financial Theft T1495 : Firmware Corruption T1187 : Forced Authentication T1606 : Forge Web Credentials T1592 : Gather Victim Host Information T1589 : Gather Victim Identity Information T1590 : Gather Victim Network Information T1591 : Gather Victim Org Information T1615 : Group Policy Discovery T1200 : Hardware Additions T1564 : Hide Artifacts T1665 : Hide Infrastructure T1574 : Hijack Execution Flow T1562 : Impair Defenses T1656 : Impersonation T1525 : Implant Internal Image T1070 : Indicator Removal T1202 : Indirect Command Execution T1105 : Ingress Tool Transfer T1490 : Inhibit System Recovery T1056 : Input Capture T1559 : Inter-Process Communication T1534 : Internal Spearphishing T1570 : Lateral Tool Transfer T1654 : Log Enumeration T1036 : Masquerading T1556 : Modify Authentication Process T1578 : Modify Cloud Compute Infrastructure T1112 : Modify Registry T1601 : Modify System Image T1111 : Multi-Factor Authentication Interception T1621 : Multi-Factor Authentication Request Generation T1104 : Multi-Stage Channels T1106 : Native API T1599 : Network Boundary Bridging T1498 : Network Denial of Service T1046 : Network Service Discovery T1135 : Network Share Discovery T1040 : Network Sniffing T1095 : Non-Application Layer Protocol T1571 : Non-Standard Port T1027 : Obfuscated Files or Information T1588 : Obtain Capabilities T1137 : Office Application Startup T1003 : OS Credential Dumping T1201 : Password Policy Discovery T1120 : Peripheral Device Discovery T1069 : Permission Groups Discovery T1566 : Phishing T1598 : Phishing for Information T1647 : Plist File Modification T1653 : Power Settings T1542 : Pre-OS Boot T1057 : Process Discovery T1055 : Process Injection T1572 : Protocol Tunneling T1090 : Proxy T1012 : Query Registry T1620 : Reflective Code Loading T1219 : Remote Access Software T1563 : Remote Service Session Hijacking T1021 : Remote Services T1018 : Remote System Discovery T1091 : Replication Through Removable Media T1496 : Resource Hijacking T1207 : Rogue Domain Controller T1014 : Rootkit T1053 : Scheduled Task/Job T1029 : Scheduled Transfer T1113 : Screen Capture T1597 : Search Closed Sources T1596 : Search Open Technical Databases T1593 : Search Open Websites/Domains T1594 : Search Victim-Owned Websites T1505 : Server Software Component T1648 : Serverless Execution T1489 : Service Stop T1129 : Shared Modules T1072 : Software Deployment Tools T1518 : Software Discovery T1608 : Stage Capabilities T1528 : Steal Application Access Token T1649 : Steal or Forge Authentication Certificates T1558 : Steal or Forge Kerberos Tickets T1539 : Steal Web Session Cookie T1553 : Subvert Trust Controls T1195 : Supply Chain Compromise T1218 : System Binary Proxy Execution T1082 : System Information Discovery T1614 : System Location Discovery T1016 : System Network Configuration Discovery T1049 : System Network Connections Discovery T1033 : System Owner/User Discovery T1216 : System Script Proxy Execution T1007 : System Service Discovery T1569 : System Services T1529 : System Shutdown/Reboot T1124 : System Time Discovery T1080 : Taint Shared Content T1221 : Template Injection T1205 : Traffic Signaling T1537 : Transfer Data to Cloud Account T1127 : Trusted Developer Utilities Proxy Execution T1199 : Trusted Relationship T1552 : Unsecured Credentials T1535 : Unused/Unsupported Cloud Regions T1550 : Use Alternate Authentication Material T1204 : User Execution T1078 : Valid Accounts T1125 : Video Capture T1497 : Virtualization/Sandbox Evasion T1600 : Weaken Encryption T1102 : Web Service T1047 : Windows Management Instrumentation T1220 : XSL Script Processing     ","T1082, T1083, T1090, T1095, T1543, T1554, T1573","After analyzing the provided text, I have identified several MITRE Enterprise attack patterns and mapped them to their corresponding technique IDs. Here are the extracted techniques:

1. **T1548**: Abuse Elevation Control Mechanism - LITTLELAMB.WOOLTEA can initialize itself as a daemon to run persistently in the background.
2. **T1134**: Access Token Manipulation - LITTLELAMB.WOOLTEA can communicate over SSL using the private key from the Ivanti Connect Secure web server.
3. **T1531**: Account Access Removal - LITTLELAMB.WOOLTEA has the ability to function as a SOCKS proxy, which may involve removing or modifying account access.
4. **T1087**: Account Discovery - LITTLELAMB.WOOLTEA can check the type of Ivanti VPN device it is running on by executing first_run() to identify the first four bytes of the motherboard serial number.
5. **T1098**: Account Manipulation - LITTLELAMB.WOOLTEA can append malicious components to the tmp/tmpmnt/bin/samba_upgrade.tar archive inside the factory reset partition in attempt to persist post reset.
6. **T1650**: Acquire Access - LITTLELAMB.WOOLTEA is a backdoor that was used by UNC5325 during Cutting Edge to deploy malware on targeted Ivanti Connect Secure VPNs and to establish persistence across system upgrades and patches.
7. **T1583**: Acquire Infrastructure - LITTLELAMB.WOOLTEA can monitor for system upgrade events by checking for the presence of /tmp/data/root/dev.

Here are the main technique IDs, excluding subtechnique IDs:

T1548, T1134, T1531, T1087, T1098, T1650, T1583","T1087, T1098, T1134, T1531, T1548, T1583, T1650",,"T1087, T1098, T1134, T1531, T1548, T1583, T1650","T1082, T1083, T1090, T1095, T1543, T1554, T1573",0.0,0.0,0.0,extra predicted IDs / false positives; missed gold IDs / false negatives,7,7,0,7,7,14,,,
52,Enterprise,BUSHWALK is a web shell written in Perl that was inserted into the legitimate querymanifest.cgi file on compromised Ivanti Connect Secure VPNs during Cutting Edge. BUSHWALK can embed into the legitimate querymanifest.cgi file on compromised Ivanti Connect Secure VPNs. BUSHWALK can Base64 decode and RC4 decrypt malicious payloads sent through a web request’s command parameter. BUSHWALK can write malicious payloads sent through a web request’s command parameter. BUSHWALK can encrypt the resulting data generated from C2 commands with RC4. BUSHWALK is a web shell that has the ability to execute arbitrary commands or write files. BUSHWALK can modify the DSUserAgentCap.pm Perl module on Ivanti Connect Secure VPNs and either activate or deactivate depending on the value of the user agent in incoming HTTP requests.,"Extract all MITRE Enterprise attack patterns from the following text and map them to their corresponding MITRE technique IDs. Provide reasoning for each identification. Ensure the final line contains only the IDs for the main techniques, separated by commas, excluding any subtechnique IDs. MITRE Enterprise IDs are given below as reference.  **Text:** BUSHWALK is a web shell written in Perl that was inserted into the legitimate querymanifest.cgi file on compromised Ivanti Connect Secure VPNs during Cutting Edge. BUSHWALK can embed into the legitimate querymanifest.cgi file on compromised Ivanti Connect Secure VPNs. BUSHWALK can Base64 decode and RC4 decrypt malicious payloads sent through a web request’s command parameter. BUSHWALK can write malicious payloads sent through a web request’s command parameter. BUSHWALK can encrypt the resulting data generated from C2 commands with RC4. BUSHWALK is a web shell that has the ability to execute arbitrary commands or write files. BUSHWALK can modify the DSUserAgentCap.pm Perl module on Ivanti Connect Secure VPNs and either activate or deactivate depending on the value of the user agent in incoming HTTP requests.  **List of All MITRE Enterprise technique IDs** ID    : Name T1548 : Abuse Elevation Control Mechanism T1134 : Access Token Manipulation T1531 : Account Access Removal T1087 : Account Discovery T1098 : Account Manipulation T1650 : Acquire Access T1583 : Acquire Infrastructure T1595 : Active Scanning T1557 : Adversary-in-the-Middle T1071 : Application Layer Protocol T1010 : Application Window Discovery T1560 : Archive Collected Data T1123 : Audio Capture T1119 : Automated Collection T1020 : Automated Exfiltration T1197 : BITS Jobs T1547 : Boot or Logon Autostart Execution T1037 : Boot or Logon Initialization Scripts T1176 : Browser Extensions T1217 : Browser Information Discovery T1185 : Browser Session Hijacking T1110 : Brute Force T1612 : Build Image on Host T1115 : Clipboard Data T1651 : Cloud Administration Command T1580 : Cloud Infrastructure Discovery T1538 : Cloud Service Dashboard T1526 : Cloud Service Discovery T1619 : Cloud Storage Object Discovery T1059 : Command and Scripting Interpreter T1092 : Communication Through Removable Media T1586 : Compromise Accounts T1554 : Compromise Host Software Binary T1584 : Compromise Infrastructure T1609 : Container Administration Command T1613 : Container and Resource Discovery T1659 : Content Injection T1136 : Create Account T1543 : Create or Modify System Process T1555 : Credentials from Password Stores T1485 : Data Destruction T1132 : Data Encoding T1486 : Data Encrypted for Impact T1530 : Data from Cloud Storage T1602 : Data from Configuration Repository T1213 : Data from Information Repositories T1005 : Data from Local System T1039 : Data from Network Shared Drive T1025 : Data from Removable Media T1565 : Data Manipulation T1001 : Data Obfuscation T1074 : Data Staged T1030 : Data Transfer Size Limits T1622 : Debugger Evasion T1491 : Defacement T1140 : Deobfuscate/Decode Files or Information T1610 : Deploy Container T1587 : Develop Capabilities T1652 : Device Driver Discovery T1006 : Direct Volume Access T1561 : Disk Wipe T1484 : Domain or Tenant Policy Modification T1482 : Domain Trust Discovery T1189 : Drive-by Compromise T1568 : Dynamic Resolution T1114 : Email Collection T1573 : Encrypted Channel T1499 : Endpoint Denial of Service T1611 : Escape to Host T1585 : Establish Accounts T1546 : Event Triggered Execution T1480 : Execution Guardrails T1048 : Exfiltration Over Alternative Protocol T1041 : Exfiltration Over C2 Channel T1011 : Exfiltration Over Other Network Medium T1052 : Exfiltration Over Physical Medium T1567 : Exfiltration Over Web Service T1190 : Exploit Public-Facing Application T1203 : Exploitation for Client Execution T1212 : Exploitation for Credential Access T1211 : Exploitation for Defense Evasion T1068 : Exploitation for Privilege Escalation T1210 : Exploitation of Remote Services T1133 : External Remote Services T1008 : Fallback Channels T1083 : File and Directory Discovery T1222 : File and Directory Permissions Modification T1657 : Financial Theft T1495 : Firmware Corruption T1187 : Forced Authentication T1606 : Forge Web Credentials T1592 : Gather Victim Host Information T1589 : Gather Victim Identity Information T1590 : Gather Victim Network Information T1591 : Gather Victim Org Information T1615 : Group Policy Discovery T1200 : Hardware Additions T1564 : Hide Artifacts T1665 : Hide Infrastructure T1574 : Hijack Execution Flow T1562 : Impair Defenses T1656 : Impersonation T1525 : Implant Internal Image T1070 : Indicator Removal T1202 : Indirect Command Execution T1105 : Ingress Tool Transfer T1490 : Inhibit System Recovery T1056 : Input Capture T1559 : Inter-Process Communication T1534 : Internal Spearphishing T1570 : Lateral Tool Transfer T1654 : Log Enumeration T1036 : Masquerading T1556 : Modify Authentication Process T1578 : Modify Cloud Compute Infrastructure T1112 : Modify Registry T1601 : Modify System Image T1111 : Multi-Factor Authentication Interception T1621 : Multi-Factor Authentication Request Generation T1104 : Multi-Stage Channels T1106 : Native API T1599 : Network Boundary Bridging T1498 : Network Denial of Service T1046 : Network Service Discovery T1135 : Network Share Discovery T1040 : Network Sniffing T1095 : Non-Application Layer Protocol T1571 : Non-Standard Port T1027 : Obfuscated Files or Information T1588 : Obtain Capabilities T1137 : Office Application Startup T1003 : OS Credential Dumping T1201 : Password Policy Discovery T1120 : Peripheral Device Discovery T1069 : Permission Groups Discovery T1566 : Phishing T1598 : Phishing for Information T1647 : Plist File Modification T1653 : Power Settings T1542 : Pre-OS Boot T1057 : Process Discovery T1055 : Process Injection T1572 : Protocol Tunneling T1090 : Proxy T1012 : Query Registry T1620 : Reflective Code Loading T1219 : Remote Access Software T1563 : Remote Service Session Hijacking T1021 : Remote Services T1018 : Remote System Discovery T1091 : Replication Through Removable Media T1496 : Resource Hijacking T1207 : Rogue Domain Controller T1014 : Rootkit T1053 : Scheduled Task/Job T1029 : Scheduled Transfer T1113 : Screen Capture T1597 : Search Closed Sources T1596 : Search Open Technical Databases T1593 : Search Open Websites/Domains T1594 : Search Victim-Owned Websites T1505 : Server Software Component T1648 : Serverless Execution T1489 : Service Stop T1129 : Shared Modules T1072 : Software Deployment Tools T1518 : Software Discovery T1608 : Stage Capabilities T1528 : Steal Application Access Token T1649 : Steal or Forge Authentication Certificates T1558 : Steal or Forge Kerberos Tickets T1539 : Steal Web Session Cookie T1553 : Subvert Trust Controls T1195 : Supply Chain Compromise T1218 : System Binary Proxy Execution T1082 : System Information Discovery T1614 : System Location Discovery T1016 : System Network Configuration Discovery T1049 : System Network Connections Discovery T1033 : System Owner/User Discovery T1216 : System Script Proxy Execution T1007 : System Service Discovery T1569 : System Services T1529 : System Shutdown/Reboot T1124 : System Time Discovery T1080 : Taint Shared Content T1221 : Template Injection T1205 : Traffic Signaling T1537 : Transfer Data to Cloud Account T1127 : Trusted Developer Utilities Proxy Execution T1199 : Trusted Relationship T1552 : Unsecured Credentials T1535 : Unused/Unsupported Cloud Regions T1550 : Use Alternate Authentication Material T1204 : User Execution T1078 : Valid Accounts T1125 : Video Capture T1497 : Virtualization/Sandbox Evasion T1600 : Weaken Encryption T1102 : Web Service T1047 : Windows Management Instrumentation T1220 : XSL Script Processing     ","T1027, T1105, T1140, T1205, T1505, T1554","After analyzing the provided text, I have identified the following MITRE Enterprise attack patterns and mapped them to their corresponding technique IDs:

1. **T1548**: Abuse Elevation Control Mechanism - BUSHWALK can embed into the legitimate querymanifest.cgi file on compromised Ivanti Connect Secure VPNs.
2. **T1134**: Access Token Manipulation - BUSHWALK can modify the DSUserAgentCap.pm Perl module on Ivanti Connect Secure VPNs and either activate or deactivate depending on the value of the user agent in incoming HTTP requests.
3. **T1531**: Account Access Removal - Not explicitly mentioned, but BUSHWALK's ability to write malicious payloads suggests it may be used to remove account access.
4. **T1087**: Account Discovery - BUSHWALK can discover accounts by modifying the DSUserAgentCap.pm Perl module on Ivanti Connect Secure VPNs.
5. **T1098**: Account Manipulation - BUSHWALK can modify the DSUserAgentCap.pm Perl module on Ivanti Connect Secure VPNs and either activate or deactivate depending on the value of the user agent in incoming HTTP requests.
6. **T1650**: Acquire Access - BUSHWALK's ability to embed into the legitimate querymanifest.cgi file suggests it acquires access to compromised Ivanti Connect Secure VPNs.
7. **T1583**: Acquire Infrastructure - BUSHWALK can acquire infrastructure by modifying the DSUserAgentCap.pm Perl module on Ivanti Connect Secure VPNs.

The main techniques, excluding subtechnique IDs, are:

T1548, T1134, T1087, T1098, T1650, T1583","T1087, T1098, T1134, T1531, T1548, T1583, T1650",,"T1087, T1098, T1134, T1531, T1548, T1583, T1650","T1027, T1105, T1140, T1205, T1505, T1554",0.0,0.0,0.0,extra predicted IDs / false positives; missed gold IDs / false negatives,6,7,0,7,6,13,,,
55,Enterprise,"SLOWPULSE is a malware that was used by APT5 as early as 2020 including against U.S. Defense Industrial Base (DIB) companies. SLOWPULSE has several variants and can modify legitimate Pulse Secure VPN files in order to log credentials and bypass single and two-factor authentication flows. SLOWPULSE is applied in compromised environments through modifications to legitimate Pulse Secure files. SLOWPULSE can write logged ACE credentials to /home/perl/PAUS.pm in append mode, using the format string %s:%s\n. SLOWPULSE can modify LDAP and two factor authentication flows by inspecting login credentials and forcing successful authentication if the provided password matches a chosen backdoor password. SLOWPULSE can insert malicious logic to bypass RADIUS and ACE two factor authentication (2FA) flows if a designated attacker-supplied password is provided. SLOWPULSE can log credentials on compromised Pulse Secure VPNs during the DSAuth::AceAuthServer::checkUsernamePasswordACE-2FA authentication procedure. SLOWPULSE can hide malicious code in the padding regions between legitimate functions in the Pulse Secure libdsplibs.so file.","Extract all MITRE Enterprise attack patterns from the following text and map them to their corresponding MITRE technique IDs. Provide reasoning for each identification. Ensure the final line contains only the IDs for the main techniques, separated by commas, excluding any subtechnique IDs. MITRE Enterprise IDs are given below as reference.  **Text:** SLOWPULSE is a malware that was used by APT5 as early as 2020 including against U.S. Defense Industrial Base (DIB) companies. SLOWPULSE has several variants and can modify legitimate Pulse Secure VPN files in order to log credentials and bypass single and two-factor authentication flows. SLOWPULSE is applied in compromised environments through modifications to legitimate Pulse Secure files. SLOWPULSE can write logged ACE credentials to /home/perl/PAUS.pm in append mode, using the format string %s:%s\n. SLOWPULSE can modify LDAP and two factor authentication flows by inspecting login credentials and forcing successful authentication if the provided password matches a chosen backdoor password. SLOWPULSE can insert malicious logic to bypass RADIUS and ACE two factor authentication (2FA) flows if a designated attacker-supplied password is provided. SLOWPULSE can log credentials on compromised Pulse Secure VPNs during the DSAuth::AceAuthServer::checkUsernamePasswordACE-2FA authentication procedure. SLOWPULSE can hide malicious code in the padding regions between legitimate functions in the Pulse Secure libdsplibs.so file.  **List of All MITRE Enterprise technique IDs** ID    : Name T1548 : Abuse Elevation Control Mechanism T1134 : Access Token Manipulation T1531 : Account Access Removal T1087 : Account Discovery T1098 : Account Manipulation T1650 : Acquire Access T1583 : Acquire Infrastructure T1595 : Active Scanning T1557 : Adversary-in-the-Middle T1071 : Application Layer Protocol T1010 : Application Window Discovery T1560 : Archive Collected Data T1123 : Audio Capture T1119 : Automated Collection T1020 : Automated Exfiltration T1197 : BITS Jobs T1547 : Boot or Logon Autostart Execution T1037 : Boot or Logon Initialization Scripts T1176 : Browser Extensions T1217 : Browser Information Discovery T1185 : Browser Session Hijacking T1110 : Brute Force T1612 : Build Image on Host T1115 : Clipboard Data T1651 : Cloud Administration Command T1580 : Cloud Infrastructure Discovery T1538 : Cloud Service Dashboard T1526 : Cloud Service Discovery T1619 : Cloud Storage Object Discovery T1059 : Command and Scripting Interpreter T1092 : Communication Through Removable Media T1586 : Compromise Accounts T1554 : Compromise Host Software Binary T1584 : Compromise Infrastructure T1609 : Container Administration Command T1613 : Container and Resource Discovery T1659 : Content Injection T1136 : Create Account T1543 : Create or Modify System Process T1555 : Credentials from Password Stores T1485 : Data Destruction T1132 : Data Encoding T1486 : Data Encrypted for Impact T1530 : Data from Cloud Storage T1602 : Data from Configuration Repository T1213 : Data from Information Repositories T1005 : Data from Local System T1039 : Data from Network Shared Drive T1025 : Data from Removable Media T1565 : Data Manipulation T1001 : Data Obfuscation T1074 : Data Staged T1030 : Data Transfer Size Limits T1622 : Debugger Evasion T1491 : Defacement T1140 : Deobfuscate/Decode Files or Information T1610 : Deploy Container T1587 : Develop Capabilities T1652 : Device Driver Discovery T1006 : Direct Volume Access T1561 : Disk Wipe T1484 : Domain or Tenant Policy Modification T1482 : Domain Trust Discovery T1189 : Drive-by Compromise T1568 : Dynamic Resolution T1114 : Email Collection T1573 : Encrypted Channel T1499 : Endpoint Denial of Service T1611 : Escape to Host T1585 : Establish Accounts T1546 : Event Triggered Execution T1480 : Execution Guardrails T1048 : Exfiltration Over Alternative Protocol T1041 : Exfiltration Over C2 Channel T1011 : Exfiltration Over Other Network Medium T1052 : Exfiltration Over Physical Medium T1567 : Exfiltration Over Web Service T1190 : Exploit Public-Facing Application T1203 : Exploitation for Client Execution T1212 : Exploitation for Credential Access T1211 : Exploitation for Defense Evasion T1068 : Exploitation for Privilege Escalation T1210 : Exploitation of Remote Services T1133 : External Remote Services T1008 : Fallback Channels T1083 : File and Directory Discovery T1222 : File and Directory Permissions Modification T1657 : Financial Theft T1495 : Firmware Corruption T1187 : Forced Authentication T1606 : Forge Web Credentials T1592 : Gather Victim Host Information T1589 : Gather Victim Identity Information T1590 : Gather Victim Network Information T1591 : Gather Victim Org Information T1615 : Group Policy Discovery T1200 : Hardware Additions T1564 : Hide Artifacts T1665 : Hide Infrastructure T1574 : Hijack Execution Flow T1562 : Impair Defenses T1656 : Impersonation T1525 : Implant Internal Image T1070 : Indicator Removal T1202 : Indirect Command Execution T1105 : Ingress Tool Transfer T1490 : Inhibit System Recovery T1056 : Input Capture T1559 : Inter-Process Communication T1534 : Internal Spearphishing T1570 : Lateral Tool Transfer T1654 : Log Enumeration T1036 : Masquerading T1556 : Modify Authentication Process T1578 : Modify Cloud Compute Infrastructure T1112 : Modify Registry T1601 : Modify System Image T1111 : Multi-Factor Authentication Interception T1621 : Multi-Factor Authentication Request Generation T1104 : Multi-Stage Channels T1106 : Native API T1599 : Network Boundary Bridging T1498 : Network Denial of Service T1046 : Network Service Discovery T1135 : Network Share Discovery T1040 : Network Sniffing T1095 : Non-Application Layer Protocol T1571 : Non-Standard Port T1027 : Obfuscated Files or Information T1588 : Obtain Capabilities T1137 : Office Application Startup T1003 : OS Credential Dumping T1201 : Password Policy Discovery T1120 : Peripheral Device Discovery T1069 : Permission Groups Discovery T1566 : Phishing T1598 : Phishing for Information T1647 : Plist File Modification T1653 : Power Settings T1542 : Pre-OS Boot T1057 : Process Discovery T1055 : Process Injection T1572 : Protocol Tunneling T1090 : Proxy T1012 : Query Registry T1620 : Reflective Code Loading T1219 : Remote Access Software T1563 : Remote Service Session Hijacking T1021 : Remote Services T1018 : Remote System Discovery T1091 : Replication Through Removable Media T1496 : Resource Hijacking T1207 : Rogue Domain Controller T1014 : Rootkit T1053 : Scheduled Task/Job T1029 : Scheduled Transfer T1113 : Screen Capture T1597 : Search Closed Sources T1596 : Search Open Technical Databases T1593 : Search Open Websites/Domains T1594 : Search Victim-Owned Websites T1505 : Server Software Component T1648 : Serverless Execution T1489 : Service Stop T1129 : Shared Modules T1072 : Software Deployment Tools T1518 : Software Discovery T1608 : Stage Capabilities T1528 : Steal Application Access Token T1649 : Steal or Forge Authentication Certificates T1558 : Steal or Forge Kerberos Tickets T1539 : Steal Web Session Cookie T1553 : Subvert Trust Controls T1195 : Supply Chain Compromise T1218 : System Binary Proxy Execution T1082 : System Information Discovery T1614 : System Location Discovery T1016 : System Network Configuration Discovery T1049 : System Network Connections Discovery T1033 : System Owner/User Discovery T1216 : System Script Proxy Execution T1007 : System Service Discovery T1569 : System Services T1529 : System Shutdown/Reboot T1124 : System Time Discovery T1080 : Taint Shared Content T1221 : Template Injection T1205 : Traffic Signaling T1537 : Transfer Data to Cloud Account T1127 : Trusted Developer Utilities Proxy Execution T1199 : Trusted Relationship T1552 : Unsecured Credentials T1535 : Unused/Unsupported Cloud Regions T1550 : Use Alternate Authentication Material T1204 : User Execution T1078 : Valid Accounts T1125 : Video Capture T1497 : Virtualization/Sandbox Evasion T1600 : Weaken Encryption T1102 : Web Service T1047 : Windows Management Instrumentation T1220 : XSL Script Processing     ","T1027, T1074, T1111, T1554, T1556","After analyzing the provided text, I have identified several MITRE Enterprise attack patterns and mapped them to their corresponding technique IDs. Here are the extracted techniques:

1. **T1548**: Abuse Elevation Control Mechanism - SLOWPULSE modifies legitimate Pulse Secure VPN files to bypass single and two-factor authentication flows.
2. **T1134**: Access Token Manipulation - SLOWPULSE writes logged ACE credentials to /home/perl/PAUS.pm in append mode, using the format string %s:%s\n.
3. **T1531**: Account Access Removal - SLOWPULSE can modify LDAP and two-factor authentication flows by inspecting login credentials and forcing successful authentication if the provided password matches a chosen backdoor password.
4. **T1087**: Account Discovery - SLOWPULSE can log credentials on compromised Pulse Secure VPNs during the DSAuth::AceAuthServer::checkUsernamePasswordACE-2FA authentication procedure.
5. **T1098**: Account Manipulation - SLOWPULSE can insert malicious logic to bypass RADIUS and ACE two-factor authentication (2FA) flows if a designated attacker-supplied password is provided.
6. **T1650**: Acquire Access - SLOWPULSE is applied in compromised environments through modifications to legitimate Pulse Secure files.
7. **T1583**: Acquire Infrastructure - SLOWPULSE can hide malicious code in the padding regions between legitimate functions in the Pulse Secure libdsplibs.so file.

Here are the main technique IDs, excluding subtechnique IDs:

T1548, T1134, T1531, T1087, T1098, T1650, T1583","T1087, T1098, T1134, T1531, T1548, T1583, T1650",,"T1087, T1098, T1134, T1531, T1548, T1583, T1650","T1027, T1074, T1111, T1554, T1556",0.0,0.0,0.0,extra predicted IDs / false positives; missed gold IDs / false negatives,5,7,0,7,5,12,,,
43,Enterprise,"LIGHTWIRE is a Perl-based web shell used during the Cutting Edge campaign to maintain access and enable command execution by embedding itself into the legitimate `compcheckresult.cgi` component of Ivanti Secure Connect VPNs. LIGHTWIRE communicates with its command and control (C2) server over HTTP and can decrypt RC4-encrypted and Base64-decoded C2 commands. It also encrypts C2 commands using RC4. By embedding into the `compcheckresult.cgi` component, LIGHTWIRE facilitates command execution and establishes persistence on compromised Ivanti Secure Connect VPNs.","Extract all MITRE Enterprise attack patterns from the following text and map them to their corresponding MITRE technique IDs. Provide reasoning for each identification. Ensure the final line contains only the IDs for the main techniques, separated by commas, excluding any subtechnique IDs. MITRE Enterprise IDs are given below as reference.  **Text:** LIGHTWIRE is a Perl-based web shell used during the Cutting Edge campaign to maintain access and enable command execution by embedding itself into the legitimate `compcheckresult.cgi` component of Ivanti Secure Connect VPNs. LIGHTWIRE communicates with its command and control (C2) server over HTTP and can decrypt RC4-encrypted and Base64-decoded C2 commands. It also encrypts C2 commands using RC4. By embedding into the `compcheckresult.cgi` component, LIGHTWIRE facilitates command execution and establishes persistence on compromised Ivanti Secure Connect VPNs.  **List of All MITRE Enterprise technique IDs** ID    : Name T1548 : Abuse Elevation Control Mechanism T1134 : Access Token Manipulation T1531 : Account Access Removal T1087 : Account Discovery T1098 : Account Manipulation T1650 : Acquire Access T1583 : Acquire Infrastructure T1595 : Active Scanning T1557 : Adversary-in-the-Middle T1071 : Application Layer Protocol T1010 : Application Window Discovery T1560 : Archive Collected Data T1123 : Audio Capture T1119 : Automated Collection T1020 : Automated Exfiltration T1197 : BITS Jobs T1547 : Boot or Logon Autostart Execution T1037 : Boot or Logon Initialization Scripts T1176 : Browser Extensions T1217 : Browser Information Discovery T1185 : Browser Session Hijacking T1110 : Brute Force T1612 : Build Image on Host T1115 : Clipboard Data T1651 : Cloud Administration Command T1580 : Cloud Infrastructure Discovery T1538 : Cloud Service Dashboard T1526 : Cloud Service Discovery T1619 : Cloud Storage Object Discovery T1059 : Command and Scripting Interpreter T1092 : Communication Through Removable Media T1586 : Compromise Accounts T1554 : Compromise Host Software Binary T1584 : Compromise Infrastructure T1609 : Container Administration Command T1613 : Container and Resource Discovery T1659 : Content Injection T1136 : Create Account T1543 : Create or Modify System Process T1555 : Credentials from Password Stores T1485 : Data Destruction T1132 : Data Encoding T1486 : Data Encrypted for Impact T1530 : Data from Cloud Storage T1602 : Data from Configuration Repository T1213 : Data from Information Repositories T1005 : Data from Local System T1039 : Data from Network Shared Drive T1025 : Data from Removable Media T1565 : Data Manipulation T1001 : Data Obfuscation T1074 : Data Staged T1030 : Data Transfer Size Limits T1622 : Debugger Evasion T1491 : Defacement T1140 : Deobfuscate/Decode Files or Information T1610 : Deploy Container T1587 : Develop Capabilities T1652 : Device Driver Discovery T1006 : Direct Volume Access T1561 : Disk Wipe T1484 : Domain or Tenant Policy Modification T1482 : Domain Trust Discovery T1189 : Drive-by Compromise T1568 : Dynamic Resolution T1114 : Email Collection T1573 : Encrypted Channel T1499 : Endpoint Denial of Service T1611 : Escape to Host T1585 : Establish Accounts T1546 : Event Triggered Execution T1480 : Execution Guardrails T1048 : Exfiltration Over Alternative Protocol T1041 : Exfiltration Over C2 Channel T1011 : Exfiltration Over Other Network Medium T1052 : Exfiltration Over Physical Medium T1567 : Exfiltration Over Web Service T1190 : Exploit Public-Facing Application T1203 : Exploitation for Client Execution T1212 : Exploitation for Credential Access T1211 : Exploitation for Defense Evasion T1068 : Exploitation for Privilege Escalation T1210 : Exploitation of Remote Services T1133 : External Remote Services T1008 : Fallback Channels T1083 : File and Directory Discovery T1222 : File and Directory Permissions Modification T1657 : Financial Theft T1495 : Firmware Corruption T1187 : Forced Authentication T1606 : Forge Web Credentials T1592 : Gather Victim Host Information T1589 : Gather Victim Identity Information T1590 : Gather Victim Network Information T1591 : Gather Victim Org Information T1615 : Group Policy Discovery T1200 : Hardware Additions T1564 : Hide Artifacts T1665 : Hide Infrastructure T1574 : Hijack Execution Flow T1562 : Impair Defenses T1656 : Impersonation T1525 : Implant Internal Image T1070 : Indicator Removal T1202 : Indirect Command Execution T1105 : Ingress Tool Transfer T1490 : Inhibit System Recovery T1056 : Input Capture T1559 : Inter-Process Communication T1534 : Internal Spearphishing T1570 : Lateral Tool Transfer T1654 : Log Enumeration T1036 : Masquerading T1556 : Modify Authentication Process T1578 : Modify Cloud Compute Infrastructure T1112 : Modify Registry T1601 : Modify System Image T1111 : Multi-Factor Authentication Interception T1621 : Multi-Factor Authentication Request Generation T1104 : Multi-Stage Channels T1106 : Native API T1599 : Network Boundary Bridging T1498 : Network Denial of Service T1046 : Network Service Discovery T1135 : Network Share Discovery T1040 : Network Sniffing T1095 : Non-Application Layer Protocol T1571 : Non-Standard Port T1027 : Obfuscated Files or Information T1588 : Obtain Capabilities T1137 : Office Application Startup T1003 : OS Credential Dumping T1201 : Password Policy Discovery T1120 : Peripheral Device Discovery T1069 : Permission Groups Discovery T1566 : Phishing T1598 : Phishing for Information T1647 : Plist File Modification T1653 : Power Settings T1542 : Pre-OS Boot T1057 : Process Discovery T1055 : Process Injection T1572 : Protocol Tunneling T1090 : Proxy T1012 : Query Registry T1620 : Reflective Code Loading T1219 : Remote Access Software T1563 : Remote Service Session Hijacking T1021 : Remote Services T1018 : Remote System Discovery T1091 : Replication Through Removable Media T1496 : Resource Hijacking T1207 : Rogue Domain Controller T1014 : Rootkit T1053 : Scheduled Task/Job T1029 : Scheduled Transfer T1113 : Screen Capture T1597 : Search Closed Sources T1596 : Search Open Technical Databases T1593 : Search Open Websites/Domains T1594 : Search Victim-Owned Websites T1505 : Server Software Component T1648 : Serverless Execution T1489 : Service Stop T1129 : Shared Modules T1072 : Software Deployment Tools T1518 : Software Discovery T1608 : Stage Capabilities T1528 : Steal Application Access Token T1649 : Steal or Forge Authentication Certificates T1558 : Steal or Forge Kerberos Tickets T1539 : Steal Web Session Cookie T1553 : Subvert Trust Controls T1195 : Supply Chain Compromise T1218 : System Binary Proxy Execution T1082 : System Information Discovery T1614 : System Location Discovery T1016 : System Network Configuration Discovery T1049 : System Network Connections Discovery T1033 : System Owner/User Discovery T1216 : System Script Proxy Execution T1007 : System Service Discovery T1569 : System Services T1529 : System Shutdown/Reboot T1124 : System Time Discovery T1080 : Taint Shared Content T1221 : Template Injection T1205 : Traffic Signaling T1537 : Transfer Data to Cloud Account T1127 : Trusted Developer Utilities Proxy Execution T1199 : Trusted Relationship T1552 : Unsecured Credentials T1535 : Unused/Unsupported Cloud Regions T1550 : Use Alternate Authentication Material T1204 : User Execution T1078 : Valid Accounts T1125 : Video Capture T1497 : Virtualization/Sandbox Evasion T1600 : Weaken Encryption T1102 : Web Service T1047 : Windows Management Instrumentation T1220 : XSL Script Processing     ","T1071, T1140, T1505, T1554, T1573","After analyzing the provided text, I have identified the following MITRE Enterprise attack patterns and mapped them to their corresponding technique IDs:

1. **T1059: Command and Scripting Interpreter**: LIGHTWIRE is a Perl-based web shell that executes commands on compromised Ivanti Secure Connect VPNs.
2. **T1041: Exfiltration Over C2 Channel**: LIGHTWIRE communicates with its command and control (C2) server over HTTP, allowing for exfiltration of data.
3. **T1074: Data Staged**: LIGHTWIRE encrypts C2 commands using RC4, which can be considered as staging data for later execution.
4. **T1048: Exfiltration Over Alternative Protocol**: Although not explicitly mentioned, the fact that LIGHTWIRE communicates with its C2 server over HTTP implies exfiltration of data through an alternative protocol (HTTP).
5. **T1557: Adversary-in-the-Middle**: LIGHTWIRE's ability to decrypt RC4-encrypted and Base64-decoded C2 commands suggests it is positioned as an adversary in the middle, intercepting and modifying communication between the compromised system and the C2 server.

The main techniques identified are:

T1059, T1041, T1074, T1048, T1557","T1041, T1048, T1059, T1074, T1557",,"T1041, T1048, T1059, T1074, T1557","T1071, T1140, T1505, T1554, T1573",0.0,0.0,0.0,extra predicted IDs / false positives; missed gold IDs / false negatives,5,5,0,5,5,10,,,
56,Enterprise,"RAPIDPULSE is a web shell that exists as a modification to a legitimate Pulse Secure file that has been used by APT5 since at least 2021. RAPIDPULSE retrieves files from the victim system via encrypted commands sent to the web shell. RAPIDPULSE listens for specific HTTP query parameters in received communications. If specific parameters match, a hard-coded RC4 key is used to decrypt the HTTP query paremter hmacTime. This decrypts to a filename that is then open, read, encrypted with the same RC4 key, base64-encoded, written to standard out, then passed as a response to the HTTP request. RAPIDPULSE has the ability to RC4 encrypt and base64 encode decrypted files on compromised servers prior to writing them to stdout. RAPIDPULSE is a web shell that is capable of arbitrary file read on targeted web servers to exfiltrate items of interest on the victim device.[1]","Extract all MITRE Enterprise attack patterns from the following text and map them to their corresponding MITRE technique IDs. Provide reasoning for each identification. Ensure the final line contains only the IDs for the main techniques, separated by commas, excluding any subtechnique IDs. MITRE Enterprise IDs are given below as reference.  **Text:** RAPIDPULSE is a web shell that exists as a modification to a legitimate Pulse Secure file that has been used by APT5 since at least 2021. RAPIDPULSE retrieves files from the victim system via encrypted commands sent to the web shell. RAPIDPULSE listens for specific HTTP query parameters in received communications. If specific parameters match, a hard-coded RC4 key is used to decrypt the HTTP query paremter hmacTime. This decrypts to a filename that is then open, read, encrypted with the same RC4 key, base64-encoded, written to standard out, then passed as a response to the HTTP request. RAPIDPULSE has the ability to RC4 encrypt and base64 encode decrypted files on compromised servers prior to writing them to stdout. RAPIDPULSE is a web shell that is capable of arbitrary file read on targeted web servers to exfiltrate items of interest on the victim device.[1]  **List of All MITRE Enterprise technique IDs** ID    : Name T1548 : Abuse Elevation Control Mechanism T1134 : Access Token Manipulation T1531 : Account Access Removal T1087 : Account Discovery T1098 : Account Manipulation T1650 : Acquire Access T1583 : Acquire Infrastructure T1595 : Active Scanning T1557 : Adversary-in-the-Middle T1071 : Application Layer Protocol T1010 : Application Window Discovery T1560 : Archive Collected Data T1123 : Audio Capture T1119 : Automated Collection T1020 : Automated Exfiltration T1197 : BITS Jobs T1547 : Boot or Logon Autostart Execution T1037 : Boot or Logon Initialization Scripts T1176 : Browser Extensions T1217 : Browser Information Discovery T1185 : Browser Session Hijacking T1110 : Brute Force T1612 : Build Image on Host T1115 : Clipboard Data T1651 : Cloud Administration Command T1580 : Cloud Infrastructure Discovery T1538 : Cloud Service Dashboard T1526 : Cloud Service Discovery T1619 : Cloud Storage Object Discovery T1059 : Command and Scripting Interpreter T1092 : Communication Through Removable Media T1586 : Compromise Accounts T1554 : Compromise Host Software Binary T1584 : Compromise Infrastructure T1609 : Container Administration Command T1613 : Container and Resource Discovery T1659 : Content Injection T1136 : Create Account T1543 : Create or Modify System Process T1555 : Credentials from Password Stores T1485 : Data Destruction T1132 : Data Encoding T1486 : Data Encrypted for Impact T1530 : Data from Cloud Storage T1602 : Data from Configuration Repository T1213 : Data from Information Repositories T1005 : Data from Local System T1039 : Data from Network Shared Drive T1025 : Data from Removable Media T1565 : Data Manipulation T1001 : Data Obfuscation T1074 : Data Staged T1030 : Data Transfer Size Limits T1622 : Debugger Evasion T1491 : Defacement T1140 : Deobfuscate/Decode Files or Information T1610 : Deploy Container T1587 : Develop Capabilities T1652 : Device Driver Discovery T1006 : Direct Volume Access T1561 : Disk Wipe T1484 : Domain or Tenant Policy Modification T1482 : Domain Trust Discovery T1189 : Drive-by Compromise T1568 : Dynamic Resolution T1114 : Email Collection T1573 : Encrypted Channel T1499 : Endpoint Denial of Service T1611 : Escape to Host T1585 : Establish Accounts T1546 : Event Triggered Execution T1480 : Execution Guardrails T1048 : Exfiltration Over Alternative Protocol T1041 : Exfiltration Over C2 Channel T1011 : Exfiltration Over Other Network Medium T1052 : Exfiltration Over Physical Medium T1567 : Exfiltration Over Web Service T1190 : Exploit Public-Facing Application T1203 : Exploitation for Client Execution T1212 : Exploitation for Credential Access T1211 : Exploitation for Defense Evasion T1068 : Exploitation for Privilege Escalation T1210 : Exploitation of Remote Services T1133 : External Remote Services T1008 : Fallback Channels T1083 : File and Directory Discovery T1222 : File and Directory Permissions Modification T1657 : Financial Theft T1495 : Firmware Corruption T1187 : Forced Authentication T1606 : Forge Web Credentials T1592 : Gather Victim Host Information T1589 : Gather Victim Identity Information T1590 : Gather Victim Network Information T1591 : Gather Victim Org Information T1615 : Group Policy Discovery T1200 : Hardware Additions T1564 : Hide Artifacts T1665 : Hide Infrastructure T1574 : Hijack Execution Flow T1562 : Impair Defenses T1656 : Impersonation T1525 : Implant Internal Image T1070 : Indicator Removal T1202 : Indirect Command Execution T1105 : Ingress Tool Transfer T1490 : Inhibit System Recovery T1056 : Input Capture T1559 : Inter-Process Communication T1534 : Internal Spearphishing T1570 : Lateral Tool Transfer T1654 : Log Enumeration T1036 : Masquerading T1556 : Modify Authentication Process T1578 : Modify Cloud Compute Infrastructure T1112 : Modify Registry T1601 : Modify System Image T1111 : Multi-Factor Authentication Interception T1621 : Multi-Factor Authentication Request Generation T1104 : Multi-Stage Channels T1106 : Native API T1599 : Network Boundary Bridging T1498 : Network Denial of Service T1046 : Network Service Discovery T1135 : Network Share Discovery T1040 : Network Sniffing T1095 : Non-Application Layer Protocol T1571 : Non-Standard Port T1027 : Obfuscated Files or Information T1588 : Obtain Capabilities T1137 : Office Application Startup T1003 : OS Credential Dumping T1201 : Password Policy Discovery T1120 : Peripheral Device Discovery T1069 : Permission Groups Discovery T1566 : Phishing T1598 : Phishing for Information T1647 : Plist File Modification T1653 : Power Settings T1542 : Pre-OS Boot T1057 : Process Discovery T1055 : Process Injection T1572 : Protocol Tunneling T1090 : Proxy T1012 : Query Registry T1620 : Reflective Code Loading T1219 : Remote Access Software T1563 : Remote Service Session Hijacking T1021 : Remote Services T1018 : Remote System Discovery T1091 : Replication Through Removable Media T1496 : Resource Hijacking T1207 : Rogue Domain Controller T1014 : Rootkit T1053 : Scheduled Task/Job T1029 : Scheduled Transfer T1113 : Screen Capture T1597 : Search Closed Sources T1596 : Search Open Technical Databases T1593 : Search Open Websites/Domains T1594 : Search Victim-Owned Websites T1505 : Server Software Component T1648 : Serverless Execution T1489 : Service Stop T1129 : Shared Modules T1072 : Software Deployment Tools T1518 : Software Discovery T1608 : Stage Capabilities T1528 : Steal Application Access Token T1649 : Steal or Forge Authentication Certificates T1558 : Steal or Forge Kerberos Tickets T1539 : Steal Web Session Cookie T1553 : Subvert Trust Controls T1195 : Supply Chain Compromise T1218 : System Binary Proxy Execution T1082 : System Information Discovery T1614 : System Location Discovery T1016 : System Network Configuration Discovery T1049 : System Network Connections Discovery T1033 : System Owner/User Discovery T1216 : System Script Proxy Execution T1007 : System Service Discovery T1569 : System Services T1529 : System Shutdown/Reboot T1124 : System Time Discovery T1080 : Taint Shared Content T1221 : Template Injection T1205 : Traffic Signaling T1537 : Transfer Data to Cloud Account T1127 : Trusted Developer Utilities Proxy Execution T1199 : Trusted Relationship T1552 : Unsecured Credentials T1535 : Unused/Unsupported Cloud Regions T1550 : Use Alternate Authentication Material T1204 : User Execution T1078 : Valid Accounts T1125 : Video Capture T1497 : Virtualization/Sandbox Evasion T1600 : Weaken Encryption T1102 : Web Service T1047 : Windows Management Instrumentation T1220 : XSL Script Processing     ","T1005, T1027, T1140, T1505","After analyzing the provided text, I have identified several MITRE Enterprise attack patterns and mapped them to their corresponding technique IDs. Here are the extracted techniques with reasoning for each identification:

1. **T1052: Exfiltration Over Physical Medium** - The text mentions that RAPIDPULSE retrieves files from the victim system via encrypted commands sent to the web shell, which implies exfiltration of data over a physical medium (e.g., USB drive).
2. **T1048: Exfiltration Over Alternative Protocol** - Similar to T1052, this technique is applicable as RAPIDPULSE uses HTTP query parameters to retrieve files from the victim system.
3. **T1010: Application Window Discovery** - The text mentions that RAPIDPULSE listens for specific HTTP query parameters in received communications, which implies discovery of application windows (e.g., web servers).
4. **T1071: Application Layer Protocol** - RAPIDPULSE uses HTTP to communicate with the victim system, making this technique applicable.
5. **T1557: Adversary-in-the-Middle** - The text describes RAPIDPULSE as a web shell that exists as a modification to a legitimate Pulse Secure file, which implies an adversary-in-the-middle (AitM) scenario.
6. **T1548: Abuse Elevation Control Mechanism** - RAPIDPULSE uses hard-coded RC4 keys and base64 encoding to decrypt and encrypt files, which may be considered abuse of elevation control mechanisms.

Here are the main technique IDs extracted from the text, excluding subtechnique IDs:

T1052, T1048, T1010, T1071, T1557, T1548","T1010, T1048, T1052, T1071, T1548, T1557",,"T1010, T1048, T1052, T1071, T1548, T1557","T1005, T1027, T1140, T1505",0.0,0.0,0.0,extra predicted IDs / false positives; missed gold IDs / false negatives,4,6,0,6,4,10,,,
37,Enterprise,"STEADYPULSE is a web shell that targets Pulse Secure VPN servers by modifying a legitimate Perl script. It has been used since at least 2020, including in attacks against U.S. Defense Industrial Base (DIB) entities. STEADYPULSE can parse incoming web requests to determine the next steps in its execution and transmit data over its command and control (C2) channel using URL encoding. It is also capable of URL decoding key/value pairs received over C2. The web shell can modify Perl scripts on the targeted server to import additional Perl modules and enable the execution of arbitrary commands on compromised web servers.","Extract all MITRE Enterprise attack patterns from the following text and map them to their corresponding MITRE technique IDs. Provide reasoning for each identification. Ensure the final line contains only the IDs for the main techniques, separated by commas, excluding any subtechnique IDs. MITRE Enterprise IDs are given below as reference.  **Text:** STEADYPULSE is a web shell that targets Pulse Secure VPN servers by modifying a legitimate Perl script. It has been used since at least 2020, including in attacks against U.S. Defense Industrial Base (DIB) entities. STEADYPULSE can parse incoming web requests to determine the next steps in its execution and transmit data over its command and control (C2) channel using URL encoding. It is also capable of URL decoding key/value pairs received over C2. The web shell can modify Perl scripts on the targeted server to import additional Perl modules and enable the execution of arbitrary commands on compromised web servers.  **List of All MITRE Enterprise technique IDs** ID    : Name T1548 : Abuse Elevation Control Mechanism T1134 : Access Token Manipulation T1531 : Account Access Removal T1087 : Account Discovery T1098 : Account Manipulation T1650 : Acquire Access T1583 : Acquire Infrastructure T1595 : Active Scanning T1557 : Adversary-in-the-Middle T1071 : Application Layer Protocol T1010 : Application Window Discovery T1560 : Archive Collected Data T1123 : Audio Capture T1119 : Automated Collection T1020 : Automated Exfiltration T1197 : BITS Jobs T1547 : Boot or Logon Autostart Execution T1037 : Boot or Logon Initialization Scripts T1176 : Browser Extensions T1217 : Browser Information Discovery T1185 : Browser Session Hijacking T1110 : Brute Force T1612 : Build Image on Host T1115 : Clipboard Data T1651 : Cloud Administration Command T1580 : Cloud Infrastructure Discovery T1538 : Cloud Service Dashboard T1526 : Cloud Service Discovery T1619 : Cloud Storage Object Discovery T1059 : Command and Scripting Interpreter T1092 : Communication Through Removable Media T1586 : Compromise Accounts T1554 : Compromise Host Software Binary T1584 : Compromise Infrastructure T1609 : Container Administration Command T1613 : Container and Resource Discovery T1659 : Content Injection T1136 : Create Account T1543 : Create or Modify System Process T1555 : Credentials from Password Stores T1485 : Data Destruction T1132 : Data Encoding T1486 : Data Encrypted for Impact T1530 : Data from Cloud Storage T1602 : Data from Configuration Repository T1213 : Data from Information Repositories T1005 : Data from Local System T1039 : Data from Network Shared Drive T1025 : Data from Removable Media T1565 : Data Manipulation T1001 : Data Obfuscation T1074 : Data Staged T1030 : Data Transfer Size Limits T1622 : Debugger Evasion T1491 : Defacement T1140 : Deobfuscate/Decode Files or Information T1610 : Deploy Container T1587 : Develop Capabilities T1652 : Device Driver Discovery T1006 : Direct Volume Access T1561 : Disk Wipe T1484 : Domain or Tenant Policy Modification T1482 : Domain Trust Discovery T1189 : Drive-by Compromise T1568 : Dynamic Resolution T1114 : Email Collection T1573 : Encrypted Channel T1499 : Endpoint Denial of Service T1611 : Escape to Host T1585 : Establish Accounts T1546 : Event Triggered Execution T1480 : Execution Guardrails T1048 : Exfiltration Over Alternative Protocol T1041 : Exfiltration Over C2 Channel T1011 : Exfiltration Over Other Network Medium T1052 : Exfiltration Over Physical Medium T1567 : Exfiltration Over Web Service T1190 : Exploit Public-Facing Application T1203 : Exploitation for Client Execution T1212 : Exploitation for Credential Access T1211 : Exploitation for Defense Evasion T1068 : Exploitation for Privilege Escalation T1210 : Exploitation of Remote Services T1133 : External Remote Services T1008 : Fallback Channels T1083 : File and Directory Discovery T1222 : File and Directory Permissions Modification T1657 : Financial Theft T1495 : Firmware Corruption T1187 : Forced Authentication T1606 : Forge Web Credentials T1592 : Gather Victim Host Information T1589 : Gather Victim Identity Information T1590 : Gather Victim Network Information T1591 : Gather Victim Org Information T1615 : Group Policy Discovery T1200 : Hardware Additions T1564 : Hide Artifacts T1665 : Hide Infrastructure T1574 : Hijack Execution Flow T1562 : Impair Defenses T1656 : Impersonation T1525 : Implant Internal Image T1070 : Indicator Removal T1202 : Indirect Command Execution T1105 : Ingress Tool Transfer T1490 : Inhibit System Recovery T1056 : Input Capture T1559 : Inter-Process Communication T1534 : Internal Spearphishing T1570 : Lateral Tool Transfer T1654 : Log Enumeration T1036 : Masquerading T1556 : Modify Authentication Process T1578 : Modify Cloud Compute Infrastructure T1112 : Modify Registry T1601 : Modify System Image T1111 : Multi-Factor Authentication Interception T1621 : Multi-Factor Authentication Request Generation T1104 : Multi-Stage Channels T1106 : Native API T1599 : Network Boundary Bridging T1498 : Network Denial of Service T1046 : Network Service Discovery T1135 : Network Share Discovery T1040 : Network Sniffing T1095 : Non-Application Layer Protocol T1571 : Non-Standard Port T1027 : Obfuscated Files or Information T1588 : Obtain Capabilities T1137 : Office Application Startup T1003 : OS Credential Dumping T1201 : Password Policy Discovery T1120 : Peripheral Device Discovery T1069 : Permission Groups Discovery T1566 : Phishing T1598 : Phishing for Information T1647 : Plist File Modification T1653 : Power Settings T1542 : Pre-OS Boot T1057 : Process Discovery T1055 : Process Injection T1572 : Protocol Tunneling T1090 : Proxy T1012 : Query Registry T1620 : Reflective Code Loading T1219 : Remote Access Software T1563 : Remote Service Session Hijacking T1021 : Remote Services T1018 : Remote System Discovery T1091 : Replication Through Removable Media T1496 : Resource Hijacking T1207 : Rogue Domain Controller T1014 : Rootkit T1053 : Scheduled Task/Job T1029 : Scheduled Transfer T1113 : Screen Capture T1597 : Search Closed Sources T1596 : Search Open Technical Databases T1593 : Search Open Websites/Domains T1594 : Search Victim-Owned Websites T1505 : Server Software Component T1648 : Serverless Execution T1489 : Service Stop T1129 : Shared Modules T1072 : Software Deployment Tools T1518 : Software Discovery T1608 : Stage Capabilities T1528 : Steal Application Access Token T1649 : Steal or Forge Authentication Certificates T1558 : Steal or Forge Kerberos Tickets T1539 : Steal Web Session Cookie T1553 : Subvert Trust Controls T1195 : Supply Chain Compromise T1218 : System Binary Proxy Execution T1082 : System Information Discovery T1614 : System Location Discovery T1016 : System Network Configuration Discovery T1049 : System Network Connections Discovery T1033 : System Owner/User Discovery T1216 : System Script Proxy Execution T1007 : System Service Discovery T1569 : System Services T1529 : System Shutdown/Reboot T1124 : System Time Discovery T1080 : Taint Shared Content T1221 : Template Injection T1205 : Traffic Signaling T1537 : Transfer Data to Cloud Account T1127 : Trusted Developer Utilities Proxy Execution T1199 : Trusted Relationship T1552 : Unsecured Credentials T1535 : Unused/Unsupported Cloud Regions T1550 : Use Alternate Authentication Material T1204 : User Execution T1078 : Valid Accounts T1125 : Video Capture T1497 : Virtualization/Sandbox Evasion T1600 : Weaken Encryption T1102 : Web Service T1047 : Windows Management Instrumentation T1220 : XSL Script Processing     ","T1071, T1105, T1132, T1140, T1505","After analyzing the provided text, I have identified the following MITRE Enterprise attack patterns and mapped them to their corresponding technique IDs:

1. **T1059: Command and Scripting Interpreter**: STEADYPULSE uses a legitimate Perl script to execute arbitrary commands on compromised web servers.
2. **T1041: Exfiltration Over C2 Channel**: The web shell transmits data over its command and control (C2) channel using URL encoding.
3. **T1134: Access Token Manipulation**: STEADYPULSE can modify Perl scripts on the targeted server to import additional Perl modules, which may involve manipulating access tokens.
4. **T1557: Adversary-in-the-Middle**: The web shell's ability to parse incoming web requests and transmit data over C2 suggests an adversary-in-the-middle scenario.

Here are the main technique IDs, excluding subtechnique IDs:

T1059, T1041, T1134, T1557","T1041, T1059, T1134, T1557",,"T1041, T1059, T1134, T1557","T1071, T1105, T1132, T1140, T1505",0.0,0.0,0.0,extra predicted IDs / false positives; missed gold IDs / false negatives,5,4,0,4,5,9,,,
18,Mobile,"ANDROIDOS_ANSERVER.A is a distinctive Android malware known for utilizing encrypted content hosted on a blog site as part of its command and control strategy. This malware collects various device-specific information, including the OS version, build version, manufacturer, model, IMEI, and IMSI. The encrypted content within the blog site contains URLs that direct the malware to additional servers for further command and control activities.","Extract all MITRE Mobile attack patterns from the following text and map them to their corresponding MITRE technique IDs. Provide reasoning for each identification. Ensure the final line contains only the IDs for the main techniques, separated by commas, excluding any subtechnique IDs. MITRE Mobile IDs are given below as reference.  **Text:** ANDROIDOS_ANSERVER.A is a distinctive Android malware known for utilizing encrypted content hosted on a blog site as part of its command and control strategy. This malware collects various device-specific information, including the OS version, build version, manufacturer, model, IMEI, and IMSI. The encrypted content within the blog site contains URLs that direct the malware to additional servers for further command and control activities.  **List of All MITRE Mobile technique IDs** ID    : Name T1626 : Abuse Elevation Control Mechanism T1517 : Access Notifications T1640 : Account Access Removal T1638 : Adversary-in-the-Middle T1437 : Application Layer Protocol T1661 : Application Versioning T1532 : Archive Collected Data T1429 : Audio Capture T1398 : Boot or Logon Initialization Scripts T1616 : Call Control T1414 : Clipboard Data T1623 : Command and Scripting Interpreter T1577 : Compromise Application Executable T1645 : Compromise Client Software Binary T1634 : Credentials from Password Store T1662 : Data Destruction T1471 : Data Encrypted for Impact T1533 : Data from Local System T1641 : Data Manipulation T1407 : Download New Code at Runtime T1456 : Drive-By Compromise T1637 : Dynamic Resolution T1521 : Encrypted Channel T1642 : Endpoint Denial of Service T1624 : Event Triggered Execution T1627 : Execution Guardrails T1639 : Exfiltration Over Alternative Protocol T1646 : Exfiltration Over C2 Channel T1658 : Exploitation for Client Execution T1664 : Exploitation for Initial Access T1404 : Exploitation for Privilege Escalation T1428 : Exploitation of Remote Services T1420 : File and Directory Discovery T1541 : Foreground Persistence T1643 : Generate Traffic from Victim T1628 : Hide Artifacts T1625 : Hijack Execution Flow T1617 : Hooking T1629 : Impair Defenses T1630 : Indicator Removal on Host T1544 : Ingress Tool Transfer T1417 : Input Capture T1516 : Input Injection T1430 : Location Tracking T1461 : Lockscreen Bypass T1655 : Masquerading T1575 : Native API T1464 : Network Denial of Service T1423 : Network Service Scanning T1509 : Non-Standard Port T1406 : Obfuscated Files or Information T1644 : Out of Band Data T1660 : Phishing T1424 : Process Discovery T1631 : Process Injection T1636 : Protected User Data T1604 : Proxy Through Victim T1663 : Remote Access Software T1458 : Replication Through Removable Media T1603 : Scheduled Task/Job T1513 : Screen Capture T1582 : SMS Control T1418 : Software Discovery T1635 : Steal Application Access Token T1409 : Stored Application Data T1632 : Subvert Trust Controls T1474 : Supply Chain Compromise T1426 : System Information Discovery T1422 : System Network Configuration Discovery T1421 : System Network Connections Discovery T1512 : Video Capture T1633 : Virtualization/Sandbox Evasion T1481 : Web Service     ","T1422, T1426, T1481","After analyzing the text, I have identified the following MITRE Mobile attack patterns and mapped them to their corresponding technique IDs:

1. **T1533: Data from Local System** - The malware collects device-specific information, including OS version, build version, manufacturer, model, IMEI, and IMSI.
2. **T1429: Audio Capture** - Not explicitly mentioned in the text, but since the malware is collecting various device-specific information, it's possible that audio capture might be a part of its capabilities.
3. **T1407: Download New Code at Runtime** - The encrypted content within the blog site contains URLs that direct the malware to additional servers for further command and control activities.
4. **T1428: Exploitation of Remote Services** - Although not explicitly mentioned, the use of URLs from the blog site to connect to additional servers implies exploitation of remote services.

The main techniques (excluding subtechnique IDs) are:

T1533, T1407, T1428","T1407, T1428, T1429, T1533",,"T1407, T1428, T1429, T1533","T1422, T1426, T1481",0.0,0.0,0.0,extra predicted IDs / false positives; missed gold IDs / false negatives,3,4,0,4,3,7,,,
25,Enterprise,ASPXSpy is a web shell that has been modified by Threat Group-3390 to create a variant known as ASPXTool. This modified version has been deployed by the group on accessible servers running Internet Information Services (IIS).,"Extract all MITRE Enterprise attack patterns from the following text and map them to their corresponding MITRE technique IDs. Provide reasoning for each identification. Ensure the final line contains only the IDs for the main techniques, separated by commas, excluding any subtechnique IDs. MITRE Enterprise IDs are given below as reference.  **Text:** ASPXSpy is a web shell that has been modified by Threat Group-3390 to create a variant known as ASPXTool. This modified version has been deployed by the group on accessible servers running Internet Information Services (IIS).  **List of All MITRE Enterprise technique IDs** ID    : Name T1548 : Abuse Elevation Control Mechanism T1134 : Access Token Manipulation T1531 : Account Access Removal T1087 : Account Discovery T1098 : Account Manipulation T1650 : Acquire Access T1583 : Acquire Infrastructure T1595 : Active Scanning T1557 : Adversary-in-the-Middle T1071 : Application Layer Protocol T1010 : Application Window Discovery T1560 : Archive Collected Data T1123 : Audio Capture T1119 : Automated Collection T1020 : Automated Exfiltration T1197 : BITS Jobs T1547 : Boot or Logon Autostart Execution T1037 : Boot or Logon Initialization Scripts T1176 : Browser Extensions T1217 : Browser Information Discovery T1185 : Browser Session Hijacking T1110 : Brute Force T1612 : Build Image on Host T1115 : Clipboard Data T1651 : Cloud Administration Command T1580 : Cloud Infrastructure Discovery T1538 : Cloud Service Dashboard T1526 : Cloud Service Discovery T1619 : Cloud Storage Object Discovery T1059 : Command and Scripting Interpreter T1092 : Communication Through Removable Media T1586 : Compromise Accounts T1554 : Compromise Host Software Binary T1584 : Compromise Infrastructure T1609 : Container Administration Command T1613 : Container and Resource Discovery T1659 : Content Injection T1136 : Create Account T1543 : Create or Modify System Process T1555 : Credentials from Password Stores T1485 : Data Destruction T1132 : Data Encoding T1486 : Data Encrypted for Impact T1530 : Data from Cloud Storage T1602 : Data from Configuration Repository T1213 : Data from Information Repositories T1005 : Data from Local System T1039 : Data from Network Shared Drive T1025 : Data from Removable Media T1565 : Data Manipulation T1001 : Data Obfuscation T1074 : Data Staged T1030 : Data Transfer Size Limits T1622 : Debugger Evasion T1491 : Defacement T1140 : Deobfuscate/Decode Files or Information T1610 : Deploy Container T1587 : Develop Capabilities T1652 : Device Driver Discovery T1006 : Direct Volume Access T1561 : Disk Wipe T1484 : Domain or Tenant Policy Modification T1482 : Domain Trust Discovery T1189 : Drive-by Compromise T1568 : Dynamic Resolution T1114 : Email Collection T1573 : Encrypted Channel T1499 : Endpoint Denial of Service T1611 : Escape to Host T1585 : Establish Accounts T1546 : Event Triggered Execution T1480 : Execution Guardrails T1048 : Exfiltration Over Alternative Protocol T1041 : Exfiltration Over C2 Channel T1011 : Exfiltration Over Other Network Medium T1052 : Exfiltration Over Physical Medium T1567 : Exfiltration Over Web Service T1190 : Exploit Public-Facing Application T1203 : Exploitation for Client Execution T1212 : Exploitation for Credential Access T1211 : Exploitation for Defense Evasion T1068 : Exploitation for Privilege Escalation T1210 : Exploitation of Remote Services T1133 : External Remote Services T1008 : Fallback Channels T1083 : File and Directory Discovery T1222 : File and Directory Permissions Modification T1657 : Financial Theft T1495 : Firmware Corruption T1187 : Forced Authentication T1606 : Forge Web Credentials T1592 : Gather Victim Host Information T1589 : Gather Victim Identity Information T1590 : Gather Victim Network Information T1591 : Gather Victim Org Information T1615 : Group Policy Discovery T1200 : Hardware Additions T1564 : Hide Artifacts T1665 : Hide Infrastructure T1574 : Hijack Execution Flow T1562 : Impair Defenses T1656 : Impersonation T1525 : Implant Internal Image T1070 : Indicator Removal T1202 : Indirect Command Execution T1105 : Ingress Tool Transfer T1490 : Inhibit System Recovery T1056 : Input Capture T1559 : Inter-Process Communication T1534 : Internal Spearphishing T1570 : Lateral Tool Transfer T1654 : Log Enumeration T1036 : Masquerading T1556 : Modify Authentication Process T1578 : Modify Cloud Compute Infrastructure T1112 : Modify Registry T1601 : Modify System Image T1111 : Multi-Factor Authentication Interception T1621 : Multi-Factor Authentication Request Generation T1104 : Multi-Stage Channels T1106 : Native API T1599 : Network Boundary Bridging T1498 : Network Denial of Service T1046 : Network Service Discovery T1135 : Network Share Discovery T1040 : Network Sniffing T1095 : Non-Application Layer Protocol T1571 : Non-Standard Port T1027 : Obfuscated Files or Information T1588 : Obtain Capabilities T1137 : Office Application Startup T1003 : OS Credential Dumping T1201 : Password Policy Discovery T1120 : Peripheral Device Discovery T1069 : Permission Groups Discovery T1566 : Phishing T1598 : Phishing for Information T1647 : Plist File Modification T1653 : Power Settings T1542 : Pre-OS Boot T1057 : Process Discovery T1055 : Process Injection T1572 : Protocol Tunneling T1090 : Proxy T1012 : Query Registry T1620 : Reflective Code Loading T1219 : Remote Access Software T1563 : Remote Service Session Hijacking T1021 : Remote Services T1018 : Remote System Discovery T1091 : Replication Through Removable Media T1496 : Resource Hijacking T1207 : Rogue Domain Controller T1014 : Rootkit T1053 : Scheduled Task/Job T1029 : Scheduled Transfer T1113 : Screen Capture T1597 : Search Closed Sources T1596 : Search Open Technical Databases T1593 : Search Open Websites/Domains T1594 : Search Victim-Owned Websites T1505 : Server Software Component T1648 : Serverless Execution T1489 : Service Stop T1129 : Shared Modules T1072 : Software Deployment Tools T1518 : Software Discovery T1608 : Stage Capabilities T1528 : Steal Application Access Token T1649 : Steal or Forge Authentication Certificates T1558 : Steal or Forge Kerberos Tickets T1539 : Steal Web Session Cookie T1553 : Subvert Trust Controls T1195 : Supply Chain Compromise T1218 : System Binary Proxy Execution T1082 : System Information Discovery T1614 : System Location Discovery T1016 : System Network Configuration Discovery T1049 : System Network Connections Discovery T1033 : System Owner/User Discovery T1216 : System Script Proxy Execution T1007 : System Service Discovery T1569 : System Services T1529 : System Shutdown/Reboot T1124 : System Time Discovery T1080 : Taint Shared Content T1221 : Template Injection T1205 : Traffic Signaling T1537 : Transfer Data to Cloud Account T1127 : Trusted Developer Utilities Proxy Execution T1199 : Trusted Relationship T1552 : Unsecured Credentials T1535 : Unused/Unsupported Cloud Regions T1550 : Use Alternate Authentication Material T1204 : User Execution T1078 : Valid Accounts T1125 : Video Capture T1497 : Virtualization/Sandbox Evasion T1600 : Weaken Encryption T1102 : Web Service T1047 : Windows Management Instrumentation T1220 : XSL Script Processing     ",T1505,"After analyzing the text, I have identified the following MITRE Enterprise attack patterns and mapped them to their corresponding technique IDs:

1. **ASPXTool deployment on accessible servers**: This suggests that the attackers are using a web shell (T1059: Command and Scripting Interpreter) to gain access to the server.
2. **Modification of ASPXSpy by Threat Group-3390**: This implies that the attackers are using techniques related to code modification or injection (T1136: Create Account, T1543: Create or Modify System Process).
3. **Deployment on IIS servers**: This indicates that the attackers are targeting web applications and exploiting vulnerabilities in IIS (T1197: BITS Jobs, T1049: System Network Connections Discovery).

Here is the list of identified technique IDs:

T1059, T1136, T1543, T1197, T1049

Note that these techniques are not exhaustive, as the text only provides a brief description of the attack. However, based on the information provided, I have identified the most relevant techniques related to web shell deployment and exploitation.

Here is the list of main technique IDs (excluding subtechnique IDs) separated by commas:

T1059, T1136, T1543, T1197, T1049","T1049, T1059, T1136, T1197, T1543",,"T1049, T1059, T1136, T1197, T1543",T1505,0.0,0.0,0.0,extra predicted IDs / false positives; missed gold IDs / false negatives,1,5,0,5,1,6,,,
13,Enterprise,"Amadey is a Trojan bot that has been active since at least October 2018. It communicates with its command and control (C2) servers via HTTP and uses fast flux DNS to evade detection. Amadey can collect information from compromised hosts and send the data to its C2 servers. To maintain persistence, it overwrites registry keys, changing the Startup folder to the one containing its executable. Amadey is capable of decoding antivirus name strings and searching for folders associated with antivirus software. Additionally, it can download and execute files to further infect the host machine with additional malware. The Trojan employs various Windows API calls, such as GetComputerNameA, GetUserNameA, and CreateProcessA, and obfuscates strings related to antivirus vendors, domains, and files to avoid detection.","Extract all MITRE Enterprise attack patterns from the following text and map them to their corresponding MITRE technique IDs. Provide reasoning for each identification. Ensure the final line contains only the IDs for the main techniques, separated by commas, excluding any subtechnique IDs. MITRE Enterprise IDs are given below as reference.  **Text:** Amadey is a Trojan bot that has been active since at least October 2018. It communicates with its command and control (C2) servers via HTTP and uses fast flux DNS to evade detection. Amadey can collect information from compromised hosts and send the data to its C2 servers. To maintain persistence, it overwrites registry keys, changing the Startup folder to the one containing its executable. Amadey is capable of decoding antivirus name strings and searching for folders associated with antivirus software. Additionally, it can download and execute files to further infect the host machine with additional malware. The Trojan employs various Windows API calls, such as GetComputerNameA, GetUserNameA, and CreateProcessA, and obfuscates strings related to antivirus vendors, domains, and files to avoid detection.  **List of All MITRE Enterprise technique IDs** ID    : Name T1548 : Abuse Elevation Control Mechanism T1134 : Access Token Manipulation T1531 : Account Access Removal T1087 : Account Discovery T1098 : Account Manipulation T1650 : Acquire Access T1583 : Acquire Infrastructure T1595 : Active Scanning T1557 : Adversary-in-the-Middle T1071 : Application Layer Protocol T1010 : Application Window Discovery T1560 : Archive Collected Data T1123 : Audio Capture T1119 : Automated Collection T1020 : Automated Exfiltration T1197 : BITS Jobs T1547 : Boot or Logon Autostart Execution T1037 : Boot or Logon Initialization Scripts T1176 : Browser Extensions T1217 : Browser Information Discovery T1185 : Browser Session Hijacking T1110 : Brute Force T1612 : Build Image on Host T1115 : Clipboard Data T1651 : Cloud Administration Command T1580 : Cloud Infrastructure Discovery T1538 : Cloud Service Dashboard T1526 : Cloud Service Discovery T1619 : Cloud Storage Object Discovery T1059 : Command and Scripting Interpreter T1092 : Communication Through Removable Media T1586 : Compromise Accounts T1554 : Compromise Host Software Binary T1584 : Compromise Infrastructure T1609 : Container Administration Command T1613 : Container and Resource Discovery T1659 : Content Injection T1136 : Create Account T1543 : Create or Modify System Process T1555 : Credentials from Password Stores T1485 : Data Destruction T1132 : Data Encoding T1486 : Data Encrypted for Impact T1530 : Data from Cloud Storage T1602 : Data from Configuration Repository T1213 : Data from Information Repositories T1005 : Data from Local System T1039 : Data from Network Shared Drive T1025 : Data from Removable Media T1565 : Data Manipulation T1001 : Data Obfuscation T1074 : Data Staged T1030 : Data Transfer Size Limits T1622 : Debugger Evasion T1491 : Defacement T1140 : Deobfuscate/Decode Files or Information T1610 : Deploy Container T1587 : Develop Capabilities T1652 : Device Driver Discovery T1006 : Direct Volume Access T1561 : Disk Wipe T1484 : Domain or Tenant Policy Modification T1482 : Domain Trust Discovery T1189 : Drive-by Compromise T1568 : Dynamic Resolution T1114 : Email Collection T1573 : Encrypted Channel T1499 : Endpoint Denial of Service T1611 : Escape to Host T1585 : Establish Accounts T1546 : Event Triggered Execution T1480 : Execution Guardrails T1048 : Exfiltration Over Alternative Protocol T1041 : Exfiltration Over C2 Channel T1011 : Exfiltration Over Other Network Medium T1052 : Exfiltration Over Physical Medium T1567 : Exfiltration Over Web Service T1190 : Exploit Public-Facing Application T1203 : Exploitation for Client Execution T1212 : Exploitation for Credential Access T1211 : Exploitation for Defense Evasion T1068 : Exploitation for Privilege Escalation T1210 : Exploitation of Remote Services T1133 : External Remote Services T1008 : Fallback Channels T1083 : File and Directory Discovery T1222 : File and Directory Permissions Modification T1657 : Financial Theft T1495 : Firmware Corruption T1187 : Forced Authentication T1606 : Forge Web Credentials T1592 : Gather Victim Host Information T1589 : Gather Victim Identity Information T1590 : Gather Victim Network Information T1591 : Gather Victim Org Information T1615 : Group Policy Discovery T1200 : Hardware Additions T1564 : Hide Artifacts T1665 : Hide Infrastructure T1574 : Hijack Execution Flow T1562 : Impair Defenses T1656 : Impersonation T1525 : Implant Internal Image T1070 : Indicator Removal T1202 : Indirect Command Execution T1105 : Ingress Tool Transfer T1490 : Inhibit System Recovery T1056 : Input Capture T1559 : Inter-Process Communication T1534 : Internal Spearphishing T1570 : Lateral Tool Transfer T1654 : Log Enumeration T1036 : Masquerading T1556 : Modify Authentication Process T1578 : Modify Cloud Compute Infrastructure T1112 : Modify Registry T1601 : Modify System Image T1111 : Multi-Factor Authentication Interception T1621 : Multi-Factor Authentication Request Generation T1104 : Multi-Stage Channels T1106 : Native API T1599 : Network Boundary Bridging T1498 : Network Denial of Service T1046 : Network Service Discovery T1135 : Network Share Discovery T1040 : Network Sniffing T1095 : Non-Application Layer Protocol T1571 : Non-Standard Port T1027 : Obfuscated Files or Information T1588 : Obtain Capabilities T1137 : Office Application Startup T1003 : OS Credential Dumping T1201 : Password Policy Discovery T1120 : Peripheral Device Discovery T1069 : Permission Groups Discovery T1566 : Phishing T1598 : Phishing for Information T1647 : Plist File Modification T1653 : Power Settings T1542 : Pre-OS Boot T1057 : Process Discovery T1055 : Process Injection T1572 : Protocol Tunneling T1090 : Proxy T1012 : Query Registry T1620 : Reflective Code Loading T1219 : Remote Access Software T1563 : Remote Service Session Hijacking T1021 : Remote Services T1018 : Remote System Discovery T1091 : Replication Through Removable Media T1496 : Resource Hijacking T1207 : Rogue Domain Controller T1014 : Rootkit T1053 : Scheduled Task/Job T1029 : Scheduled Transfer T1113 : Screen Capture T1597 : Search Closed Sources T1596 : Search Open Technical Databases T1593 : Search Open Websites/Domains T1594 : Search Victim-Owned Websites T1505 : Server Software Component T1648 : Serverless Execution T1489 : Service Stop T1129 : Shared Modules T1072 : Software Deployment Tools T1518 : Software Discovery T1608 : Stage Capabilities T1528 : Steal Application Access Token T1649 : Steal or Forge Authentication Certificates T1558 : Steal or Forge Kerberos Tickets T1539 : Steal Web Session Cookie T1553 : Subvert Trust Controls T1195 : Supply Chain Compromise T1218 : System Binary Proxy Execution T1082 : System Information Discovery T1614 : System Location Discovery T1016 : System Network Configuration Discovery T1049 : System Network Connections Discovery T1033 : System Owner/User Discovery T1216 : System Script Proxy Execution T1007 : System Service Discovery T1569 : System Services T1529 : System Shutdown/Reboot T1124 : System Time Discovery T1080 : Taint Shared Content T1221 : Template Injection T1205 : Traffic Signaling T1537 : Transfer Data to Cloud Account T1127 : Trusted Developer Utilities Proxy Execution T1199 : Trusted Relationship T1552 : Unsecured Credentials T1535 : Unused/Unsupported Cloud Regions T1550 : Use Alternate Authentication Material T1204 : User Execution T1078 : Valid Accounts T1125 : Video Capture T1497 : Virtualization/Sandbox Evasion T1600 : Weaken Encryption T1102 : Web Service T1047 : Windows Management Instrumentation T1220 : XSL Script Processing     ","T1005, T1027, T1041, T1071, T1083, T1105, T1106, T1112, T1140, T1547, T1568","After analyzing the provided text, I have identified the following MITRE Enterprise attack patterns and mapped them to their corresponding technique IDs:

1. **T1548**: Abuse Elevation Control Mechanism - Amadey overwrites registry keys to maintain persistence.
2. **T1134**: Access Token Manipulation - Not explicitly mentioned in the text, but implied through the use of Windows API calls (e.g., GetComputerNameA, GetUserNameA).
3. **T1531**: Account Access Removal - Not mentioned in the text.
4. **T1087**: Account Discovery - Amadey collects information from compromised hosts.
5. **T1098**: Account Manipulation - Amadey can modify registry keys to maintain persistence.
6. **T1650**: Acquire Access - Amadey gains access to compromised hosts.
7. **T1583**: Acquire Infrastructure - Not explicitly mentioned in the text, but implied through the use of C2 servers and fast flux DNS.
8. **T1595**: Active Scanning - Not mentioned in the text.
9. **T1557**: Adversary-in-the-Middle - Not mentioned in the text.
10. **T1071**: Application Layer Protocol - Amadey communicates with its C2 servers via HTTP.
11. **T1010**: Application Window Discovery - Not mentioned in the text.
12. **T1560**: Archive Collected Data - Amadey sends collected data to its C2 servers.
13. **T1123**: Audio Capture - Not mentioned in the text.
14. **T1119**: Automated Collection - Amadey collects information from compromised hosts.
15. **T1020**: Automated Exfiltration - Amadey sends collected data to its C2 servers.
16. **T1197**: BITS Jobs - Not mentioned in the text.
17. **T1547**: Boot or Logon Autostart Execution - Amadey overwrites registry keys to maintain persistence.
18. **T1037**: Boot or Logon Initialization Scripts - Not mentioned in the text.
19. **T1176**: Browser Extensions - Not mentioned in the text.
20. **T1217**: Browser Information Discovery - Not mentioned in the text.
21. **T1185**: Browser Session Hijacking - Not mentioned in the text.
22. **T1110**: Brute Force - Not mentioned in the text.
23. **T1612**: Build Image on Host - Not mentioned in the text.
24. **T1115**: Clipboard Data - Not mentioned in the text.
25. **T1651**: Cloud Administration Command - Not mentioned in the text.
26. **T1580**: Cloud Infrastructure Discovery - Not explicitly mentioned in the text, but implied through the use of C2 servers and fast flux DNS.
27. **T1538**: Cloud Service Dashboard - Not mentioned in the text.
28. **T1526**: Cloud Service Discovery - Not mentioned in the text.
29. **T1619**: Cloud Storage Object Discovery - Not mentioned in the text.
30. **T1059**: Command and Scripting Interpreter - Amadey uses Windows API calls (e.g., CreateProcessA).
31. **T1092**: Communication Through Removable Media - Not mentioned in the text.
32. **T1586**: Compromise Accounts - Not explicitly mentioned in the text, but implied through the use of C2 servers and fast flux DNS.
33. **T1554**: Compromise Host Software Binary - Amadey overwrites registry keys to maintain persistence.
34. **T1584**: Compromise Infrastructure - Not explicitly mentioned in the text, but implied through the use of C2 servers and fast flux DNS.
35. **T1609**: Container Administration Command - Not mentioned in the text.
36. **T1613**: Container and Resource Discovery - Not mentioned in the text.
37. **T1659**: Content Injection - Not mentioned in the text.

The main techniques identified are:

T1548, T1071, T1560, T1020, T1547, T1059, T1586, T1554, T1584","T1010, T1020, T1037, T1059, T1071, T1087, T1092, T1098, T1110, T1115, T1119, T1123, T1134, T1176, T1185, T1197, T1217, T1526, T1531, T1538, T1547, T1548, T1554, T1557, T1560, T1580, T1583, T1584, T1586, T1595, T1609, T1612, T1613, T1619, T1650, T1651, T1659","T1071, T1547","T1010, T1020, T1037, T1059, T1087, T1092, T1098, T1110, T1115, T1119, T1123, T1134, T1176, T1185, T1197, T1217, T1526, T1531, T1538, T1548, T1554, T1557, T1560, T1580, T1583, T1584, T1586, T1595, T1609, T1612, T1613, T1619, T1650, T1651, T1659","T1005, T1027, T1041, T1083, T1105, T1106, T1112, T1140, T1568",0.054054054054054,0.1818181818181818,0.0833333333333333,extra predicted IDs / false positives; missed gold IDs / false negatives,11,37,2,35,9,44,,,
51,Enterprise,Samurai is a passive backdoor that has been used by ToddyCat since at least 2020. Samurai allows arbitrary C# code execution and is used with multiple modules for remote administration and lateral movement. Samurai can use a .NET HTTPListener class to receive and handle HTTP POST requests. Samurai can use a remote command module for execution via the Windows command line. Samurai can create a service at HKLM\SOFTWARE\Microsoft\Windows NT\CurrentVersion\SvcHost to trigger execution and maintain persistence. Samurai can base64 encode data sent in C2 communications prior to its encryption. Samurai can leverage an exfiltration module to download arbitrary files from compromised machines. Samurai can encrypt C2 communications with AES. Samurai can use a specific module for file enumeration. Samurai has been used to deploy other malware including Ninja. Samurai has created the directory %COMMONPROGRAMFILES%\Microsoft Shared\wmi\ to contain DLLs for loading successive stages. The Samurai loader component can create multiple Registry keys to force the svchost.exe process to load the final backdoor. Samurai has the ability to call Windows APIs.,"Extract all MITRE Enterprise attack patterns from the following text and map them to their corresponding MITRE technique IDs. Provide reasoning for each identification. Ensure the final line contains only the IDs for the main techniques, separated by commas, excluding any subtechnique IDs. MITRE Enterprise IDs are given below as reference.  **Text:** Samurai is a passive backdoor that has been used by ToddyCat since at least 2020. Samurai allows arbitrary C# code execution and is used with multiple modules for remote administration and lateral movement. Samurai can use a .NET HTTPListener class to receive and handle HTTP POST requests. Samurai can use a remote command module for execution via the Windows command line. Samurai can create a service at HKLM\SOFTWARE\Microsoft\Windows NT\CurrentVersion\SvcHost to trigger execution and maintain persistence. Samurai can base64 encode data sent in C2 communications prior to its encryption. Samurai can leverage an exfiltration module to download arbitrary files from compromised machines. Samurai can encrypt C2 communications with AES. Samurai can use a specific module for file enumeration. Samurai has been used to deploy other malware including Ninja. Samurai has created the directory %COMMONPROGRAMFILES%\Microsoft Shared\wmi\ to contain DLLs for loading successive stages. The Samurai loader component can create multiple Registry keys to force the svchost.exe process to load the final backdoor. Samurai has the ability to call Windows APIs.  **List of All MITRE Enterprise technique IDs** ID    : Name T1548 : Abuse Elevation Control Mechanism T1134 : Access Token Manipulation T1531 : Account Access Removal T1087 : Account Discovery T1098 : Account Manipulation T1650 : Acquire Access T1583 : Acquire Infrastructure T1595 : Active Scanning T1557 : Adversary-in-the-Middle T1071 : Application Layer Protocol T1010 : Application Window Discovery T1560 : Archive Collected Data T1123 : Audio Capture T1119 : Automated Collection T1020 : Automated Exfiltration T1197 : BITS Jobs T1547 : Boot or Logon Autostart Execution T1037 : Boot or Logon Initialization Scripts T1176 : Browser Extensions T1217 : Browser Information Discovery T1185 : Browser Session Hijacking T1110 : Brute Force T1612 : Build Image on Host T1115 : Clipboard Data T1651 : Cloud Administration Command T1580 : Cloud Infrastructure Discovery T1538 : Cloud Service Dashboard T1526 : Cloud Service Discovery T1619 : Cloud Storage Object Discovery T1059 : Command and Scripting Interpreter T1092 : Communication Through Removable Media T1586 : Compromise Accounts T1554 : Compromise Host Software Binary T1584 : Compromise Infrastructure T1609 : Container Administration Command T1613 : Container and Resource Discovery T1659 : Content Injection T1136 : Create Account T1543 : Create or Modify System Process T1555 : Credentials from Password Stores T1485 : Data Destruction T1132 : Data Encoding T1486 : Data Encrypted for Impact T1530 : Data from Cloud Storage T1602 : Data from Configuration Repository T1213 : Data from Information Repositories T1005 : Data from Local System T1039 : Data from Network Shared Drive T1025 : Data from Removable Media T1565 : Data Manipulation T1001 : Data Obfuscation T1074 : Data Staged T1030 : Data Transfer Size Limits T1622 : Debugger Evasion T1491 : Defacement T1140 : Deobfuscate/Decode Files or Information T1610 : Deploy Container T1587 : Develop Capabilities T1652 : Device Driver Discovery T1006 : Direct Volume Access T1561 : Disk Wipe T1484 : Domain or Tenant Policy Modification T1482 : Domain Trust Discovery T1189 : Drive-by Compromise T1568 : Dynamic Resolution T1114 : Email Collection T1573 : Encrypted Channel T1499 : Endpoint Denial of Service T1611 : Escape to Host T1585 : Establish Accounts T1546 : Event Triggered Execution T1480 : Execution Guardrails T1048 : Exfiltration Over Alternative Protocol T1041 : Exfiltration Over C2 Channel T1011 : Exfiltration Over Other Network Medium T1052 : Exfiltration Over Physical Medium T1567 : Exfiltration Over Web Service T1190 : Exploit Public-Facing Application T1203 : Exploitation for Client Execution T1212 : Exploitation for Credential Access T1211 : Exploitation for Defense Evasion T1068 : Exploitation for Privilege Escalation T1210 : Exploitation of Remote Services T1133 : External Remote Services T1008 : Fallback Channels T1083 : File and Directory Discovery T1222 : File and Directory Permissions Modification T1657 : Financial Theft T1495 : Firmware Corruption T1187 : Forced Authentication T1606 : Forge Web Credentials T1592 : Gather Victim Host Information T1589 : Gather Victim Identity Information T1590 : Gather Victim Network Information T1591 : Gather Victim Org Information T1615 : Group Policy Discovery T1200 : Hardware Additions T1564 : Hide Artifacts T1665 : Hide Infrastructure T1574 : Hijack Execution Flow T1562 : Impair Defenses T1656 : Impersonation T1525 : Implant Internal Image T1070 : Indicator Removal T1202 : Indirect Command Execution T1105 : Ingress Tool Transfer T1490 : Inhibit System Recovery T1056 : Input Capture T1559 : Inter-Process Communication T1534 : Internal Spearphishing T1570 : Lateral Tool Transfer T1654 : Log Enumeration T1036 : Masquerading T1556 : Modify Authentication Process T1578 : Modify Cloud Compute Infrastructure T1112 : Modify Registry T1601 : Modify System Image T1111 : Multi-Factor Authentication Interception T1621 : Multi-Factor Authentication Request Generation T1104 : Multi-Stage Channels T1106 : Native API T1599 : Network Boundary Bridging T1498 : Network Denial of Service T1046 : Network Service Discovery T1135 : Network Share Discovery T1040 : Network Sniffing T1095 : Non-Application Layer Protocol T1571 : Non-Standard Port T1027 : Obfuscated Files or Information T1588 : Obtain Capabilities T1137 : Office Application Startup T1003 : OS Credential Dumping T1201 : Password Policy Discovery T1120 : Peripheral Device Discovery T1069 : Permission Groups Discovery T1566 : Phishing T1598 : Phishing for Information T1647 : Plist File Modification T1653 : Power Settings T1542 : Pre-OS Boot T1057 : Process Discovery T1055 : Process Injection T1572 : Protocol Tunneling T1090 : Proxy T1012 : Query Registry T1620 : Reflective Code Loading T1219 : Remote Access Software T1563 : Remote Service Session Hijacking T1021 : Remote Services T1018 : Remote System Discovery T1091 : Replication Through Removable Media T1496 : Resource Hijacking T1207 : Rogue Domain Controller T1014 : Rootkit T1053 : Scheduled Task/Job T1029 : Scheduled Transfer T1113 : Screen Capture T1597 : Search Closed Sources T1596 : Search Open Technical Databases T1593 : Search Open Websites/Domains T1594 : Search Victim-Owned Websites T1505 : Server Software Component T1648 : Serverless Execution T1489 : Service Stop T1129 : Shared Modules T1072 : Software Deployment Tools T1518 : Software Discovery T1608 : Stage Capabilities T1528 : Steal Application Access Token T1649 : Steal or Forge Authentication Certificates T1558 : Steal or Forge Kerberos Tickets T1539 : Steal Web Session Cookie T1553 : Subvert Trust Controls T1195 : Supply Chain Compromise T1218 : System Binary Proxy Execution T1082 : System Information Discovery T1614 : System Location Discovery T1016 : System Network Configuration Discovery T1049 : System Network Connections Discovery T1033 : System Owner/User Discovery T1216 : System Script Proxy Execution T1007 : System Service Discovery T1569 : System Services T1529 : System Shutdown/Reboot T1124 : System Time Discovery T1080 : Taint Shared Content T1221 : Template Injection T1205 : Traffic Signaling T1537 : Transfer Data to Cloud Account T1127 : Trusted Developer Utilities Proxy Execution T1199 : Trusted Relationship T1552 : Unsecured Credentials T1535 : Unused/Unsupported Cloud Regions T1550 : Use Alternate Authentication Material T1204 : User Execution T1078 : Valid Accounts T1125 : Video Capture T1497 : Virtualization/Sandbox Evasion T1600 : Weaken Encryption T1102 : Web Service T1047 : Windows Management Instrumentation T1220 : XSL Script Processing     ","T1005, T1036, T1059, T1071, T1083, T1105, T1106, T1112, T1132, T1543, T1573","After analyzing the provided text, I have identified the following MITRE Enterprise attack patterns and mapped them to their corresponding technique IDs:

1. **T1548**: Abuse Elevation Control Mechanism - The Samurai backdoor allows arbitrary C# code execution, which can be used to bypass elevation control mechanisms.
2. **T1134**: Access Token Manipulation - Samurai uses a remote command module for execution via the Windows command line, which involves manipulating access tokens.
3. **T1531**: Account Access Removal - Samurai has been used to deploy other malware, including Ninja, which may involve removing account access.
4. **T1087**: Account Discovery - Samurai can use an exfiltration module to download arbitrary files from compromised machines, which may involve discovering accounts.
5. **T1098**: Account Manipulation - Samurai can create a service at HKLM\SOFTWARE\Microsoft\Windows NT\CurrentVersion\SvcHost to trigger execution and maintain persistence, which involves manipulating accounts.
6. **T1650**: Acquire Access - Samurai allows remote administration and lateral movement, which involves acquiring access to systems.
7. **T1583**: Acquire Infrastructure - Samurai can create a service at HKLM\SOFTWARE\Microsoft\Windows NT\CurrentVersion\SvcHost to trigger execution and maintain persistence, which involves acquiring infrastructure.
8. **T1595**: Active Scanning - Samurai uses an exfiltration module to download arbitrary files from compromised machines, which involves active scanning.
9. **T1557**: Adversary-in-the-Middle - Samurai can encrypt C2 communications with AES, which may involve adversary-in-the-middle attacks.
10. **T1071**: Application Layer Protocol - Samurai uses a .NET HTTPListener class to receive and handle HTTP POST requests, which involves application layer protocols.
11. **T1010**: Application Window Discovery - Samurai can use an exfiltration module to download arbitrary files from compromised machines, which may involve discovering application windows.
12. **T1560**: Archive Collected Data - Samurai can base64 encode data sent in C2 communications prior to its encryption, which involves archiving collected data.

Here are the main technique IDs, excluding subtechnique IDs:

T1548, T1134, T1650, T1583, T1595, T1557, T1071","T1010, T1071, T1087, T1098, T1134, T1531, T1548, T1557, T1560, T1583, T1595, T1650",T1071,"T1010, T1087, T1098, T1134, T1531, T1548, T1557, T1560, T1583, T1595, T1650","T1005, T1036, T1059, T1083, T1105, T1106, T1112, T1132, T1543, T1573",0.0833333333333333,0.0909090909090909,0.0869565217391304,extra predicted IDs / false positives; missed gold IDs / false negatives,11,12,1,11,10,21,,,
24,Mobile,"Asacub is a banking trojan designed to steal money from victims' bank accounts by initiating wire transfers via SMS from compromised devices. Asacub can request device administrator permissions to enhance its control over the infected device. It communicates with its command and control (C2) server using HTTP POST requests, with C2 communications encrypted using Base64-encoded RC4. The trojan often masquerades as a client of popular free ad services to deceive users. Asacub implements some of its functions in native code and stores encrypted strings within the APK file. It is capable of collecting the device’s contact list, sending SMS messages from compromised devices, and gathering various device information, such as the device model and OS version.","Extract all MITRE Mobile attack patterns from the following text and map them to their corresponding MITRE technique IDs. Provide reasoning for each identification. Ensure the final line contains only the IDs for the main techniques, separated by commas, excluding any subtechnique IDs. MITRE Mobile IDs are given below as reference.  **Text:** Asacub is a banking trojan designed to steal money from victims' bank accounts by initiating wire transfers via SMS from compromised devices. Asacub can request device administrator permissions to enhance its control over the infected device. It communicates with its command and control (C2) server using HTTP POST requests, with C2 communications encrypted using Base64-encoded RC4. The trojan often masquerades as a client of popular free ad services to deceive users. Asacub implements some of its functions in native code and stores encrypted strings within the APK file. It is capable of collecting the device’s contact list, sending SMS messages from compromised devices, and gathering various device information, such as the device model and OS version.  **List of All MITRE Mobile technique IDs** ID    : Name T1626 : Abuse Elevation Control Mechanism T1517 : Access Notifications T1640 : Account Access Removal T1638 : Adversary-in-the-Middle T1437 : Application Layer Protocol T1661 : Application Versioning T1532 : Archive Collected Data T1429 : Audio Capture T1398 : Boot or Logon Initialization Scripts T1616 : Call Control T1414 : Clipboard Data T1623 : Command and Scripting Interpreter T1577 : Compromise Application Executable T1645 : Compromise Client Software Binary T1634 : Credentials from Password Store T1662 : Data Destruction T1471 : Data Encrypted for Impact T1533 : Data from Local System T1641 : Data Manipulation T1407 : Download New Code at Runtime T1456 : Drive-By Compromise T1637 : Dynamic Resolution T1521 : Encrypted Channel T1642 : Endpoint Denial of Service T1624 : Event Triggered Execution T1627 : Execution Guardrails T1639 : Exfiltration Over Alternative Protocol T1646 : Exfiltration Over C2 Channel T1658 : Exploitation for Client Execution T1664 : Exploitation for Initial Access T1404 : Exploitation for Privilege Escalation T1428 : Exploitation of Remote Services T1420 : File and Directory Discovery T1541 : Foreground Persistence T1643 : Generate Traffic from Victim T1628 : Hide Artifacts T1625 : Hijack Execution Flow T1617 : Hooking T1629 : Impair Defenses T1630 : Indicator Removal on Host T1544 : Ingress Tool Transfer T1417 : Input Capture T1516 : Input Injection T1430 : Location Tracking T1461 : Lockscreen Bypass T1655 : Masquerading T1575 : Native API T1464 : Network Denial of Service T1423 : Network Service Scanning T1509 : Non-Standard Port T1406 : Obfuscated Files or Information T1644 : Out of Band Data T1660 : Phishing T1424 : Process Discovery T1631 : Process Injection T1636 : Protected User Data T1604 : Proxy Through Victim T1663 : Remote Access Software T1458 : Replication Through Removable Media T1603 : Scheduled Task/Job T1513 : Screen Capture T1582 : SMS Control T1418 : Software Discovery T1635 : Steal Application Access Token T1409 : Stored Application Data T1632 : Subvert Trust Controls T1474 : Supply Chain Compromise T1426 : System Information Discovery T1422 : System Network Configuration Discovery T1421 : System Network Connections Discovery T1512 : Video Capture T1633 : Virtualization/Sandbox Evasion T1481 : Web Service     ","T1406, T1422, T1426, T1437, T1532, T1575, T1582, T1626, T1636, T1655","After analyzing the text, I have identified the following MITRE Mobile attack patterns and mapped them to their corresponding technique IDs:

1. **T1626: Abuse Elevation Control Mechanism** - Asacub requests device administrator permissions to enhance its control over the infected device.
2. **T1533: Data from Local System** - Asacub collects the device's contact list, which is a form of data collection from the local system.
3. **T1637: Dynamic Resolution** - The trojan often masquerades as a client of popular free ad services to deceive users, indicating dynamic resolution techniques are used to evade detection.
4. **T1429: Audio Capture** - Asacub is capable of collecting various device information, including the device model and OS version, which may involve audio capture capabilities.
5. **T1407: Download New Code at Runtime** - The trojan implements some of its functions in native code, indicating new code is downloaded at runtime.
6. **T1456: Drive-By Compromise** - Asacub communicates with its C2 server using HTTP POST requests, which may involve drive-by compromise techniques.
7. **T1639: Exfiltration Over Alternative Protocol** - The trojan sends SMS messages from compromised devices, indicating exfiltration over alternative protocols (SMS).
8. **T1646: Exfiltration Over C2 Channel** - Asacub communicates with its C2 server using HTTP POST requests, which may involve exfiltration over the C2 channel.
9. **T1420: File and Directory Discovery** - The trojan collects various device information, including the device model and OS version, which involves file and directory discovery techniques.
10. **T1541: Foreground Persistence** - Asacub requests device administrator permissions to enhance its control over the infected device, indicating foreground persistence techniques are used.

Here is the list of main technique IDs, excluding subtechnique IDs:

T1626, T1533, T1637, T1429, T1407, T1456, T1639, T1646","T1407, T1420, T1429, T1456, T1533, T1541, T1626, T1637, T1639, T1646",T1626,"T1407, T1420, T1429, T1456, T1533, T1541, T1637, T1639, T1646","T1406, T1422, T1426, T1437, T1532, T1575, T1582, T1636, T1655",0.1,0.1,0.1,extra predicted IDs / false positives; missed gold IDs / false negatives,10,10,1,9,9,18,,,
15,Mobile,"Android/AdDisplay.Ashas is a variant of adware that has been distributed through several apps on the Google Play Store. It communicates with its command and control (C2) server via HTTP and registers to receive the BOOT_COMPLETED broadcast intent, allowing it to activate upon device startup. The adware generates revenue by automatically displaying ads. To avoid detection, Android/AdDisplay.Ashas can hide its icon and create a shortcut based on instructions from the C2 server. It also mimics Facebook and Google icons on the ""Recent apps"" screen and uses a com.google.xxx package name to further evade identification. The C2 server address is concealed using base-64 encoding. Additionally, Android/AdDisplay.Ashas checks the number of installed apps, specifically looking for Facebook or FB Messenger. It collects various device information, including device type, OS version, language, free storage space, battery status, root status, and whether developer mode is enabled. The adware also ensures that the device's IP is not within known Google IP ranges before triggering its payload and can delay payload deployment to avoid detection during testing and to prevent association with unwanted ads.","Extract all MITRE Mobile attack patterns from the following text and map them to their corresponding MITRE technique IDs. Provide reasoning for each identification. Ensure the final line contains only the IDs for the main techniques, separated by commas, excluding any subtechnique IDs. MITRE Mobile IDs are given below as reference.  **Text:** Android/AdDisplay.Ashas is a variant of adware that has been distributed through several apps on the Google Play Store. It communicates with its command and control (C2) server via HTTP and registers to receive the BOOT_COMPLETED broadcast intent, allowing it to activate upon device startup. The adware generates revenue by automatically displaying ads. To avoid detection, Android/AdDisplay.Ashas can hide its icon and create a shortcut based on instructions from the C2 server. It also mimics Facebook and Google icons on the ""Recent apps"" screen and uses a com.google.xxx package name to further evade identification. The C2 server address is concealed using base-64 encoding. Additionally, Android/AdDisplay.Ashas checks the number of installed apps, specifically looking for Facebook or FB Messenger. It collects various device information, including device type, OS version, language, free storage space, battery status, root status, and whether developer mode is enabled. The adware also ensures that the device's IP is not within known Google IP ranges before triggering its payload and can delay payload deployment to avoid detection during testing and to prevent association with unwanted ads.  **List of All MITRE Mobile technique IDs** ID    : Name T1626 : Abuse Elevation Control Mechanism T1517 : Access Notifications T1640 : Account Access Removal T1638 : Adversary-in-the-Middle T1437 : Application Layer Protocol T1661 : Application Versioning T1532 : Archive Collected Data T1429 : Audio Capture T1398 : Boot or Logon Initialization Scripts T1616 : Call Control T1414 : Clipboard Data T1623 : Command and Scripting Interpreter T1577 : Compromise Application Executable T1645 : Compromise Client Software Binary T1634 : Credentials from Password Store T1662 : Data Destruction T1471 : Data Encrypted for Impact T1533 : Data from Local System T1641 : Data Manipulation T1407 : Download New Code at Runtime T1456 : Drive-By Compromise T1637 : Dynamic Resolution T1521 : Encrypted Channel T1642 : Endpoint Denial of Service T1624 : Event Triggered Execution T1627 : Execution Guardrails T1639 : Exfiltration Over Alternative Protocol T1646 : Exfiltration Over C2 Channel T1658 : Exploitation for Client Execution T1664 : Exploitation for Initial Access T1404 : Exploitation for Privilege Escalation T1428 : Exploitation of Remote Services T1420 : File and Directory Discovery T1541 : Foreground Persistence T1643 : Generate Traffic from Victim T1628 : Hide Artifacts T1625 : Hijack Execution Flow T1617 : Hooking T1629 : Impair Defenses T1630 : Indicator Removal on Host T1544 : Ingress Tool Transfer T1417 : Input Capture T1516 : Input Injection T1430 : Location Tracking T1461 : Lockscreen Bypass T1655 : Masquerading T1575 : Native API T1464 : Network Denial of Service T1423 : Network Service Scanning T1509 : Non-Standard Port T1406 : Obfuscated Files or Information T1644 : Out of Band Data T1660 : Phishing T1424 : Process Discovery T1631 : Process Injection T1636 : Protected User Data T1604 : Proxy Through Victim T1663 : Remote Access Software T1458 : Replication Through Removable Media T1603 : Scheduled Task/Job T1513 : Screen Capture T1582 : SMS Control T1418 : Software Discovery T1635 : Steal Application Access Token T1409 : Stored Application Data T1632 : Subvert Trust Controls T1474 : Supply Chain Compromise T1426 : System Information Discovery T1422 : System Network Configuration Discovery T1421 : System Network Connections Discovery T1512 : Video Capture T1633 : Virtualization/Sandbox Evasion T1481 : Web Service     ","T1406, T1418, T1426, T1437, T1624, T1628, T1633, T1643, T1655","After analyzing the text, I have identified the following MITRE Mobile attack patterns and mapped them to their corresponding technique IDs:

1. **T1437: Application Layer Protocol** - Android/AdDisplay.Ashas communicates with its C2 server via HTTP.
2. **T1623: Command and Scripting Interpreter** - The adware uses base-64 encoding to conceal the C2 server address, which implies the use of a command or scripting interpreter.
3. **T1532: Archive Collected Data** - Android/AdDisplay.Ashas collects various device information, including device type, OS version, language, free storage space, battery status, root status, and whether developer mode is enabled.
4. **T1429: Audio Capture** - Although not explicitly mentioned, the adware's ability to collect device information implies it can capture audio data (e.g., microphone access).
5. **T1407: Download New Code at Runtime** - Android/AdDisplay.Ashas receives instructions from the C2 server to create a shortcut and hide its icon.
6. **T1456: Drive-By Compromise** - The adware is distributed through apps on the Google Play Store, which can lead to drive-by compromise if users install these apps without proper vetting.
7. **T1634: Credentials from Password Store** - Although not explicitly mentioned, the adware's ability to collect device information implies it can access password stores (e.g., keychain or credential storage).
8. **T1646: Exfiltration Over C2 Channel** - Android/AdDisplay.Ashas communicates with its C2 server via HTTP, which is a common channel for exfiltrating data.
9. **T1625: Hijack Execution Flow** - The adware can delay payload deployment to avoid detection during testing and to prevent association with unwanted ads.
10. **T1630: Indicator Removal on Host** - Android/AdDisplay.Ashas hides its icon and creates a shortcut based on instructions from the C2 server, which is an indicator removal tactic.

Here are the main technique IDs, excluding subtechnique IDs:

T1437, T1623, T1532, T1429, T1407, T1456, T1634, T1646, T1625, T1630","T1407, T1429, T1437, T1456, T1532, T1623, T1625, T1630, T1634, T1646",T1437,"T1407, T1429, T1456, T1532, T1623, T1625, T1630, T1634, T1646","T1406, T1418, T1426, T1624, T1628, T1633, T1643, T1655",0.1,0.1111111111111111,0.1052631578947368,extra predicted IDs / false positives; missed gold IDs / false negatives,9,10,1,9,8,17,,,
33,Enterprise,"SocGholish is a JavaScript-based loader malware that has been active since at least 2017. It has been used in global attacks across various sectors, primarily gaining initial access through drive-by downloads disguised as software updates. Operated by Mustard Tempest, SocGholish’s access has been sold to groups like Indrik Spider for deploying secondary payloads, including remote access Trojans (RATs) and ransomware. SocGholish is executed as a JavaScript payload and can write the output of the `whoami` command to a local temp file using the naming convention `rad<5-hex-chars>.tmp`. It profiles compromised systems to identify domain trust relationships and is often distributed through compromised websites that present malicious content as browser updates.  The malware can exfiltrate data directly to its command and control (C2) server via HTTP and is capable of downloading additional malware onto infected hosts. SocGholish has been named `AutoUpdater.js` to mimic legitimate update files and is frequently delivered within compressed ZIP archives. It also employs single or double Base64 encoding for references to its second-stage server URLs. Additionally, SocGholish has been spread via emails containing malicious links.","Extract all MITRE Enterprise attack patterns from the following text and map them to their corresponding MITRE technique IDs. Provide reasoning for each identification. Ensure the final line contains only the IDs for the main techniques, separated by commas, excluding any subtechnique IDs. MITRE Enterprise IDs are given below as reference.  **Text:** SocGholish is a JavaScript-based loader malware that has been active since at least 2017. It has been used in global attacks across various sectors, primarily gaining initial access through drive-by downloads disguised as software updates. Operated by Mustard Tempest, SocGholish’s access has been sold to groups like Indrik Spider for deploying secondary payloads, including remote access Trojans (RATs) and ransomware. SocGholish is executed as a JavaScript payload and can write the output of the `whoami` command to a local temp file using the naming convention `rad<5-hex-chars>.tmp`. It profiles compromised systems to identify domain trust relationships and is often distributed through compromised websites that present malicious content as browser updates.  The malware can exfiltrate data directly to its command and control (C2) server via HTTP and is capable of downloading additional malware onto infected hosts. SocGholish has been named `AutoUpdater.js` to mimic legitimate update files and is frequently delivered within compressed ZIP archives. It also employs single or double Base64 encoding for references to its second-stage server URLs. Additionally, SocGholish has been spread via emails containing malicious links.  **List of All MITRE Enterprise technique IDs** ID    : Name T1548 : Abuse Elevation Control Mechanism T1134 : Access Token Manipulation T1531 : Account Access Removal T1087 : Account Discovery T1098 : Account Manipulation T1650 : Acquire Access T1583 : Acquire Infrastructure T1595 : Active Scanning T1557 : Adversary-in-the-Middle T1071 : Application Layer Protocol T1010 : Application Window Discovery T1560 : Archive Collected Data T1123 : Audio Capture T1119 : Automated Collection T1020 : Automated Exfiltration T1197 : BITS Jobs T1547 : Boot or Logon Autostart Execution T1037 : Boot or Logon Initialization Scripts T1176 : Browser Extensions T1217 : Browser Information Discovery T1185 : Browser Session Hijacking T1110 : Brute Force T1612 : Build Image on Host T1115 : Clipboard Data T1651 : Cloud Administration Command T1580 : Cloud Infrastructure Discovery T1538 : Cloud Service Dashboard T1526 : Cloud Service Discovery T1619 : Cloud Storage Object Discovery T1059 : Command and Scripting Interpreter T1092 : Communication Through Removable Media T1586 : Compromise Accounts T1554 : Compromise Host Software Binary T1584 : Compromise Infrastructure T1609 : Container Administration Command T1613 : Container and Resource Discovery T1659 : Content Injection T1136 : Create Account T1543 : Create or Modify System Process T1555 : Credentials from Password Stores T1485 : Data Destruction T1132 : Data Encoding T1486 : Data Encrypted for Impact T1530 : Data from Cloud Storage T1602 : Data from Configuration Repository T1213 : Data from Information Repositories T1005 : Data from Local System T1039 : Data from Network Shared Drive T1025 : Data from Removable Media T1565 : Data Manipulation T1001 : Data Obfuscation T1074 : Data Staged T1030 : Data Transfer Size Limits T1622 : Debugger Evasion T1491 : Defacement T1140 : Deobfuscate/Decode Files or Information T1610 : Deploy Container T1587 : Develop Capabilities T1652 : Device Driver Discovery T1006 : Direct Volume Access T1561 : Disk Wipe T1484 : Domain or Tenant Policy Modification T1482 : Domain Trust Discovery T1189 : Drive-by Compromise T1568 : Dynamic Resolution T1114 : Email Collection T1573 : Encrypted Channel T1499 : Endpoint Denial of Service T1611 : Escape to Host T1585 : Establish Accounts T1546 : Event Triggered Execution T1480 : Execution Guardrails T1048 : Exfiltration Over Alternative Protocol T1041 : Exfiltration Over C2 Channel T1011 : Exfiltration Over Other Network Medium T1052 : Exfiltration Over Physical Medium T1567 : Exfiltration Over Web Service T1190 : Exploit Public-Facing Application T1203 : Exploitation for Client Execution T1212 : Exploitation for Credential Access T1211 : Exploitation for Defense Evasion T1068 : Exploitation for Privilege Escalation T1210 : Exploitation of Remote Services T1133 : External Remote Services T1008 : Fallback Channels T1083 : File and Directory Discovery T1222 : File and Directory Permissions Modification T1657 : Financial Theft T1495 : Firmware Corruption T1187 : Forced Authentication T1606 : Forge Web Credentials T1592 : Gather Victim Host Information T1589 : Gather Victim Identity Information T1590 : Gather Victim Network Information T1591 : Gather Victim Org Information T1615 : Group Policy Discovery T1200 : Hardware Additions T1564 : Hide Artifacts T1665 : Hide Infrastructure T1574 : Hijack Execution Flow T1562 : Impair Defenses T1656 : Impersonation T1525 : Implant Internal Image T1070 : Indicator Removal T1202 : Indirect Command Execution T1105 : Ingress Tool Transfer T1490 : Inhibit System Recovery T1056 : Input Capture T1559 : Inter-Process Communication T1534 : Internal Spearphishing T1570 : Lateral Tool Transfer T1654 : Log Enumeration T1036 : Masquerading T1556 : Modify Authentication Process T1578 : Modify Cloud Compute Infrastructure T1112 : Modify Registry T1601 : Modify System Image T1111 : Multi-Factor Authentication Interception T1621 : Multi-Factor Authentication Request Generation T1104 : Multi-Stage Channels T1106 : Native API T1599 : Network Boundary Bridging T1498 : Network Denial of Service T1046 : Network Service Discovery T1135 : Network Share Discovery T1040 : Network Sniffing T1095 : Non-Application Layer Protocol T1571 : Non-Standard Port T1027 : Obfuscated Files or Information T1588 : Obtain Capabilities T1137 : Office Application Startup T1003 : OS Credential Dumping T1201 : Password Policy Discovery T1120 : Peripheral Device Discovery T1069 : Permission Groups Discovery T1566 : Phishing T1598 : Phishing for Information T1647 : Plist File Modification T1653 : Power Settings T1542 : Pre-OS Boot T1057 : Process Discovery T1055 : Process Injection T1572 : Protocol Tunneling T1090 : Proxy T1012 : Query Registry T1620 : Reflective Code Loading T1219 : Remote Access Software T1563 : Remote Service Session Hijacking T1021 : Remote Services T1018 : Remote System Discovery T1091 : Replication Through Removable Media T1496 : Resource Hijacking T1207 : Rogue Domain Controller T1014 : Rootkit T1053 : Scheduled Task/Job T1029 : Scheduled Transfer T1113 : Screen Capture T1597 : Search Closed Sources T1596 : Search Open Technical Databases T1593 : Search Open Websites/Domains T1594 : Search Victim-Owned Websites T1505 : Server Software Component T1648 : Serverless Execution T1489 : Service Stop T1129 : Shared Modules T1072 : Software Deployment Tools T1518 : Software Discovery T1608 : Stage Capabilities T1528 : Steal Application Access Token T1649 : Steal or Forge Authentication Certificates T1558 : Steal or Forge Kerberos Tickets T1539 : Steal Web Session Cookie T1553 : Subvert Trust Controls T1195 : Supply Chain Compromise T1218 : System Binary Proxy Execution T1082 : System Information Discovery T1614 : System Location Discovery T1016 : System Network Configuration Discovery T1049 : System Network Connections Discovery T1033 : System Owner/User Discovery T1216 : System Script Proxy Execution T1007 : System Service Discovery T1569 : System Services T1529 : System Shutdown/Reboot T1124 : System Time Discovery T1080 : Taint Shared Content T1221 : Template Injection T1205 : Traffic Signaling T1537 : Transfer Data to Cloud Account T1127 : Trusted Developer Utilities Proxy Execution T1199 : Trusted Relationship T1552 : Unsecured Credentials T1535 : Unused/Unsupported Cloud Regions T1550 : Use Alternate Authentication Material T1204 : User Execution T1078 : Valid Accounts T1125 : Video Capture T1497 : Virtualization/Sandbox Evasion T1600 : Weaken Encryption T1102 : Web Service T1047 : Windows Management Instrumentation T1220 : XSL Script Processing     ","T1027, T1036, T1048, T1059, T1074, T1105, T1189, T1482, T1566","After analyzing the provided text, I have identified several MITRE Enterprise attack patterns and mapped them to their corresponding technique IDs. Here are the extracted techniques:

1. **T1134**: Access Token Manipulation - SocGholish can write the output of the `whoami` command to a local temp file using the naming convention `rad<5-hex-chars>.tmp`, which suggests it is manipulating access tokens.
2. **T1010**: Application Window Discovery - The malware profiles compromised systems to identify domain trust relationships, indicating it discovers application windows or processes.
3. **T1059**: Command and Scripting Interpreter - SocGholish is executed as a JavaScript payload, which implies the use of a command and scripting interpreter.
4. **T1041**: Exfiltration Over C2 Channel - The malware can exfiltrate data directly to its command and control (C2) server via HTTP, indicating exfiltration over a C2 channel.
5. **T1190**: Exploit Public-Facing Application - SocGholish is often distributed through compromised websites that present malicious content as browser updates, which suggests it exploits public-facing applications.
6. **T1211**: Exploitation for Defense Evasion - The malware employs single or double Base64 encoding for references to its second-stage server URLs, indicating exploitation of defense evasion techniques.
7. **T1070**: Indicator Removal - SocGholish profiles compromised systems to identify domain trust relationships and is often distributed through compromised websites, which suggests it removes indicators of compromise.
8. **T1204**: User Execution - The malware can be spread via emails containing malicious links, indicating user execution as a delivery mechanism.
9. **T1552**: Unsecured Credentials - SocGholish has been sold to groups like Indrik Spider for deploying secondary payloads, which implies the use of unsecured credentials.

Here are the main technique IDs, excluding subtechnique IDs, separated by commas:

T1134, T1010, T1059, T1041, T1190, T1211, T1070, T1204, T1552","T1010, T1041, T1059, T1070, T1134, T1190, T1204, T1211, T1552",T1059,"T1010, T1041, T1070, T1134, T1190, T1204, T1211, T1552","T1027, T1036, T1048, T1074, T1105, T1189, T1482, T1566",0.1111111111111111,0.1111111111111111,0.1111111111111111,extra predicted IDs / false positives; missed gold IDs / false negatives,9,9,1,8,8,16,,,
29,Enterprise,"WellMail is a lightweight malware written in Golang used by APT29, similar in design and structure to WellMess. WellMail can archive files on the compromised host. WellMail can exfiltrate files from the victim machine. WellMail can decompress scripts received from C2. WellMail can use hard coded client and certificate authority certificates to communicate with C2 over mutual TLS. WellMail can receive data and executable scripts from C2. WellMail can use TCP for C2 communications. WellMail has been observed using TCP port 25, without using SMTP, to leverage an open port for secure command and control communications. WellMail can identify the IP address of the victim system. WellMail can identify the current username on the victim system.[1]","Extract all MITRE Enterprise attack patterns from the following text and map them to their corresponding MITRE technique IDs. Provide reasoning for each identification. Ensure the final line contains only the IDs for the main techniques, separated by commas, excluding any subtechnique IDs. MITRE Enterprise IDs are given below as reference.  **Text:** WellMail is a lightweight malware written in Golang used by APT29, similar in design and structure to WellMess. WellMail can archive files on the compromised host. WellMail can exfiltrate files from the victim machine. WellMail can decompress scripts received from C2. WellMail can use hard coded client and certificate authority certificates to communicate with C2 over mutual TLS. WellMail can receive data and executable scripts from C2. WellMail can use TCP for C2 communications. WellMail has been observed using TCP port 25, without using SMTP, to leverage an open port for secure command and control communications. WellMail can identify the IP address of the victim system. WellMail can identify the current username on the victim system.[1]  **List of All MITRE Enterprise technique IDs** ID    : Name T1548 : Abuse Elevation Control Mechanism T1134 : Access Token Manipulation T1531 : Account Access Removal T1087 : Account Discovery T1098 : Account Manipulation T1650 : Acquire Access T1583 : Acquire Infrastructure T1595 : Active Scanning T1557 : Adversary-in-the-Middle T1071 : Application Layer Protocol T1010 : Application Window Discovery T1560 : Archive Collected Data T1123 : Audio Capture T1119 : Automated Collection T1020 : Automated Exfiltration T1197 : BITS Jobs T1547 : Boot or Logon Autostart Execution T1037 : Boot or Logon Initialization Scripts T1176 : Browser Extensions T1217 : Browser Information Discovery T1185 : Browser Session Hijacking T1110 : Brute Force T1612 : Build Image on Host T1115 : Clipboard Data T1651 : Cloud Administration Command T1580 : Cloud Infrastructure Discovery T1538 : Cloud Service Dashboard T1526 : Cloud Service Discovery T1619 : Cloud Storage Object Discovery T1059 : Command and Scripting Interpreter T1092 : Communication Through Removable Media T1586 : Compromise Accounts T1554 : Compromise Host Software Binary T1584 : Compromise Infrastructure T1609 : Container Administration Command T1613 : Container and Resource Discovery T1659 : Content Injection T1136 : Create Account T1543 : Create or Modify System Process T1555 : Credentials from Password Stores T1485 : Data Destruction T1132 : Data Encoding T1486 : Data Encrypted for Impact T1530 : Data from Cloud Storage T1602 : Data from Configuration Repository T1213 : Data from Information Repositories T1005 : Data from Local System T1039 : Data from Network Shared Drive T1025 : Data from Removable Media T1565 : Data Manipulation T1001 : Data Obfuscation T1074 : Data Staged T1030 : Data Transfer Size Limits T1622 : Debugger Evasion T1491 : Defacement T1140 : Deobfuscate/Decode Files or Information T1610 : Deploy Container T1587 : Develop Capabilities T1652 : Device Driver Discovery T1006 : Direct Volume Access T1561 : Disk Wipe T1484 : Domain or Tenant Policy Modification T1482 : Domain Trust Discovery T1189 : Drive-by Compromise T1568 : Dynamic Resolution T1114 : Email Collection T1573 : Encrypted Channel T1499 : Endpoint Denial of Service T1611 : Escape to Host T1585 : Establish Accounts T1546 : Event Triggered Execution T1480 : Execution Guardrails T1048 : Exfiltration Over Alternative Protocol T1041 : Exfiltration Over C2 Channel T1011 : Exfiltration Over Other Network Medium T1052 : Exfiltration Over Physical Medium T1567 : Exfiltration Over Web Service T1190 : Exploit Public-Facing Application T1203 : Exploitation for Client Execution T1212 : Exploitation for Credential Access T1211 : Exploitation for Defense Evasion T1068 : Exploitation for Privilege Escalation T1210 : Exploitation of Remote Services T1133 : External Remote Services T1008 : Fallback Channels T1083 : File and Directory Discovery T1222 : File and Directory Permissions Modification T1657 : Financial Theft T1495 : Firmware Corruption T1187 : Forced Authentication T1606 : Forge Web Credentials T1592 : Gather Victim Host Information T1589 : Gather Victim Identity Information T1590 : Gather Victim Network Information T1591 : Gather Victim Org Information T1615 : Group Policy Discovery T1200 : Hardware Additions T1564 : Hide Artifacts T1665 : Hide Infrastructure T1574 : Hijack Execution Flow T1562 : Impair Defenses T1656 : Impersonation T1525 : Implant Internal Image T1070 : Indicator Removal T1202 : Indirect Command Execution T1105 : Ingress Tool Transfer T1490 : Inhibit System Recovery T1056 : Input Capture T1559 : Inter-Process Communication T1534 : Internal Spearphishing T1570 : Lateral Tool Transfer T1654 : Log Enumeration T1036 : Masquerading T1556 : Modify Authentication Process T1578 : Modify Cloud Compute Infrastructure T1112 : Modify Registry T1601 : Modify System Image T1111 : Multi-Factor Authentication Interception T1621 : Multi-Factor Authentication Request Generation T1104 : Multi-Stage Channels T1106 : Native API T1599 : Network Boundary Bridging T1498 : Network Denial of Service T1046 : Network Service Discovery T1135 : Network Share Discovery T1040 : Network Sniffing T1095 : Non-Application Layer Protocol T1571 : Non-Standard Port T1027 : Obfuscated Files or Information T1588 : Obtain Capabilities T1137 : Office Application Startup T1003 : OS Credential Dumping T1201 : Password Policy Discovery T1120 : Peripheral Device Discovery T1069 : Permission Groups Discovery T1566 : Phishing T1598 : Phishing for Information T1647 : Plist File Modification T1653 : Power Settings T1542 : Pre-OS Boot T1057 : Process Discovery T1055 : Process Injection T1572 : Protocol Tunneling T1090 : Proxy T1012 : Query Registry T1620 : Reflective Code Loading T1219 : Remote Access Software T1563 : Remote Service Session Hijacking T1021 : Remote Services T1018 : Remote System Discovery T1091 : Replication Through Removable Media T1496 : Resource Hijacking T1207 : Rogue Domain Controller T1014 : Rootkit T1053 : Scheduled Task/Job T1029 : Scheduled Transfer T1113 : Screen Capture T1597 : Search Closed Sources T1596 : Search Open Technical Databases T1593 : Search Open Websites/Domains T1594 : Search Victim-Owned Websites T1505 : Server Software Component T1648 : Serverless Execution T1489 : Service Stop T1129 : Shared Modules T1072 : Software Deployment Tools T1518 : Software Discovery T1608 : Stage Capabilities T1528 : Steal Application Access Token T1649 : Steal or Forge Authentication Certificates T1558 : Steal or Forge Kerberos Tickets T1539 : Steal Web Session Cookie T1553 : Subvert Trust Controls T1195 : Supply Chain Compromise T1218 : System Binary Proxy Execution T1082 : System Information Discovery T1614 : System Location Discovery T1016 : System Network Configuration Discovery T1049 : System Network Connections Discovery T1033 : System Owner/User Discovery T1216 : System Script Proxy Execution T1007 : System Service Discovery T1569 : System Services T1529 : System Shutdown/Reboot T1124 : System Time Discovery T1080 : Taint Shared Content T1221 : Template Injection T1205 : Traffic Signaling T1537 : Transfer Data to Cloud Account T1127 : Trusted Developer Utilities Proxy Execution T1199 : Trusted Relationship T1552 : Unsecured Credentials T1535 : Unused/Unsupported Cloud Regions T1550 : Use Alternate Authentication Material T1204 : User Execution T1078 : Valid Accounts T1125 : Video Capture T1497 : Virtualization/Sandbox Evasion T1600 : Weaken Encryption T1102 : Web Service T1047 : Windows Management Instrumentation T1220 : XSL Script Processing     ","T1005, T1016, T1033, T1095, T1105, T1140, T1560, T1571, T1573","After analyzing the text, I have identified the following MITRE Enterprise attack patterns and mapped them to their corresponding technique IDs:

1. **T1548**: Abuse Elevation Control Mechanism - WellMail can use hard-coded client and certificate authority certificates to communicate with C2 over mutual TLS.
2. **T1560**: Archive Collected Data - WellMail can archive files on the compromised host.
3. **T1041**: Exfiltration Over C2 Channel - WellMail can exfiltrate files from the victim machine.
4. **T1059**: Command and Scripting Interpreter - WellMail can decompress scripts received from C2.
5. **T1071**: Application Layer Protocol - WellMail uses TCP for C2 communications.
6. **T1010**: Application Window Discovery - WellMail can identify the IP address of the victim system.
7. **T1083**: File and Directory Discovery - WellMail can identify the current username on the victim system.

The main techniques, excluding subtechnique IDs, are:

T1548, T1560, T1041, T1059, T1071, T1010, T1083","T1010, T1041, T1059, T1071, T1083, T1548, T1560",T1560,"T1010, T1041, T1059, T1071, T1083, T1548","T1005, T1016, T1033, T1095, T1105, T1140, T1571, T1573",0.1428571428571428,0.1111111111111111,0.125,extra predicted IDs / false positives; missed gold IDs / false negatives,9,7,1,6,8,14,,,
4,Enterprise,"Action RAT is a remote access tool developed in Delphi and has been employed by SideCopy since at least December 2021, targeting government personnel in India and Afghanistan. The malware communicates with command and control (C2) servers via HTTP and can execute commands on an infected host using cmd.exe. Action RAT is capable of collecting local data, as well as drive and file information from compromised machines. It also uses Base64 decoding to process communications from actor-controlled C2 servers and can download additional payloads onto infected systems.","Extract all MITRE Enterprise attack patterns from the following text and map them to their corresponding MITRE technique IDs. Provide reasoning for each identification. Ensure the final line contains only the IDs for the main techniques, separated by commas, excluding any subtechnique IDs. MITRE Enterprise IDs are given below as reference.  **Text:** Action RAT is a remote access tool developed in Delphi and has been employed by SideCopy since at least December 2021, targeting government personnel in India and Afghanistan. The malware communicates with command and control (C2) servers via HTTP and can execute commands on an infected host using cmd.exe. Action RAT is capable of collecting local data, as well as drive and file information from compromised machines. It also uses Base64 decoding to process communications from actor-controlled C2 servers and can download additional payloads onto infected systems.  **List of All MITRE Enterprise technique IDs** ID    : Name T1548 : Abuse Elevation Control Mechanism T1134 : Access Token Manipulation T1531 : Account Access Removal T1087 : Account Discovery T1098 : Account Manipulation T1650 : Acquire Access T1583 : Acquire Infrastructure T1595 : Active Scanning T1557 : Adversary-in-the-Middle T1071 : Application Layer Protocol T1010 : Application Window Discovery T1560 : Archive Collected Data T1123 : Audio Capture T1119 : Automated Collection T1020 : Automated Exfiltration T1197 : BITS Jobs T1547 : Boot or Logon Autostart Execution T1037 : Boot or Logon Initialization Scripts T1176 : Browser Extensions T1217 : Browser Information Discovery T1185 : Browser Session Hijacking T1110 : Brute Force T1612 : Build Image on Host T1115 : Clipboard Data T1651 : Cloud Administration Command T1580 : Cloud Infrastructure Discovery T1538 : Cloud Service Dashboard T1526 : Cloud Service Discovery T1619 : Cloud Storage Object Discovery T1059 : Command and Scripting Interpreter T1092 : Communication Through Removable Media T1586 : Compromise Accounts T1554 : Compromise Host Software Binary T1584 : Compromise Infrastructure T1609 : Container Administration Command T1613 : Container and Resource Discovery T1659 : Content Injection T1136 : Create Account T1543 : Create or Modify System Process T1555 : Credentials from Password Stores T1485 : Data Destruction T1132 : Data Encoding T1486 : Data Encrypted for Impact T1530 : Data from Cloud Storage T1602 : Data from Configuration Repository T1213 : Data from Information Repositories T1005 : Data from Local System T1039 : Data from Network Shared Drive T1025 : Data from Removable Media T1565 : Data Manipulation T1001 : Data Obfuscation T1074 : Data Staged T1030 : Data Transfer Size Limits T1622 : Debugger Evasion T1491 : Defacement T1140 : Deobfuscate/Decode Files or Information T1610 : Deploy Container T1587 : Develop Capabilities T1652 : Device Driver Discovery T1006 : Direct Volume Access T1561 : Disk Wipe T1484 : Domain or Tenant Policy Modification T1482 : Domain Trust Discovery T1189 : Drive-by Compromise T1568 : Dynamic Resolution T1114 : Email Collection T1573 : Encrypted Channel T1499 : Endpoint Denial of Service T1611 : Escape to Host T1585 : Establish Accounts T1546 : Event Triggered Execution T1480 : Execution Guardrails T1048 : Exfiltration Over Alternative Protocol T1041 : Exfiltration Over C2 Channel T1011 : Exfiltration Over Other Network Medium T1052 : Exfiltration Over Physical Medium T1567 : Exfiltration Over Web Service T1190 : Exploit Public-Facing Application T1203 : Exploitation for Client Execution T1212 : Exploitation for Credential Access T1211 : Exploitation for Defense Evasion T1068 : Exploitation for Privilege Escalation T1210 : Exploitation of Remote Services T1133 : External Remote Services T1008 : Fallback Channels T1083 : File and Directory Discovery T1222 : File and Directory Permissions Modification T1657 : Financial Theft T1495 : Firmware Corruption T1187 : Forced Authentication T1606 : Forge Web Credentials T1592 : Gather Victim Host Information T1589 : Gather Victim Identity Information T1590 : Gather Victim Network Information T1591 : Gather Victim Org Information T1615 : Group Policy Discovery T1200 : Hardware Additions T1564 : Hide Artifacts T1665 : Hide Infrastructure T1574 : Hijack Execution Flow T1562 : Impair Defenses T1656 : Impersonation T1525 : Implant Internal Image T1070 : Indicator Removal T1202 : Indirect Command Execution T1105 : Ingress Tool Transfer T1490 : Inhibit System Recovery T1056 : Input Capture T1559 : Inter-Process Communication T1534 : Internal Spearphishing T1570 : Lateral Tool Transfer T1654 : Log Enumeration T1036 : Masquerading T1556 : Modify Authentication Process T1578 : Modify Cloud Compute Infrastructure T1112 : Modify Registry T1601 : Modify System Image T1111 : Multi-Factor Authentication Interception T1621 : Multi-Factor Authentication Request Generation T1104 : Multi-Stage Channels T1106 : Native API T1599 : Network Boundary Bridging T1498 : Network Denial of Service T1046 : Network Service Discovery T1135 : Network Share Discovery T1040 : Network Sniffing T1095 : Non-Application Layer Protocol T1571 : Non-Standard Port T1027 : Obfuscated Files or Information T1588 : Obtain Capabilities T1137 : Office Application Startup T1003 : OS Credential Dumping T1201 : Password Policy Discovery T1120 : Peripheral Device Discovery T1069 : Permission Groups Discovery T1566 : Phishing T1598 : Phishing for Information T1647 : Plist File Modification T1653 : Power Settings T1542 : Pre-OS Boot T1057 : Process Discovery T1055 : Process Injection T1572 : Protocol Tunneling T1090 : Proxy T1012 : Query Registry T1620 : Reflective Code Loading T1219 : Remote Access Software T1563 : Remote Service Session Hijacking T1021 : Remote Services T1018 : Remote System Discovery T1091 : Replication Through Removable Media T1496 : Resource Hijacking T1207 : Rogue Domain Controller T1014 : Rootkit T1053 : Scheduled Task/Job T1029 : Scheduled Transfer T1113 : Screen Capture T1597 : Search Closed Sources T1596 : Search Open Technical Databases T1593 : Search Open Websites/Domains T1594 : Search Victim-Owned Websites T1505 : Server Software Component T1648 : Serverless Execution T1489 : Service Stop T1129 : Shared Modules T1072 : Software Deployment Tools T1518 : Software Discovery T1608 : Stage Capabilities T1528 : Steal Application Access Token T1649 : Steal or Forge Authentication Certificates T1558 : Steal or Forge Kerberos Tickets T1539 : Steal Web Session Cookie T1553 : Subvert Trust Controls T1195 : Supply Chain Compromise T1218 : System Binary Proxy Execution T1082 : System Information Discovery T1614 : System Location Discovery T1016 : System Network Configuration Discovery T1049 : System Network Connections Discovery T1033 : System Owner/User Discovery T1216 : System Script Proxy Execution T1007 : System Service Discovery T1569 : System Services T1529 : System Shutdown/Reboot T1124 : System Time Discovery T1080 : Taint Shared Content T1221 : Template Injection T1205 : Traffic Signaling T1537 : Transfer Data to Cloud Account T1127 : Trusted Developer Utilities Proxy Execution T1199 : Trusted Relationship T1552 : Unsecured Credentials T1535 : Unused/Unsupported Cloud Regions T1550 : Use Alternate Authentication Material T1204 : User Execution T1078 : Valid Accounts T1125 : Video Capture T1497 : Virtualization/Sandbox Evasion T1600 : Weaken Encryption T1102 : Web Service T1047 : Windows Management Instrumentation T1220 : XSL Script Processing     ","T1005, T1059, T1071, T1083, T1105, T1140","After analyzing the text, I have identified the following MITRE Enterprise attack patterns and mapped them to their corresponding technique IDs:

1. **Action RAT communicates with command and control (C2) servers via HTTP**: This indicates the use of **T1043: Network Service Discovery**.
2. **Action RAT can execute commands on an infected host using cmd.exe**: This suggests the use of **T1055: Process Injection**, as it implies the execution of arbitrary code on the compromised system.
3. **Action RAT collects local data, drive and file information from compromised machines**: This indicates the use of **T1012: Query Registry** and **T1039: Data from Network Shared Drive**.
4. **Action RAT uses Base64 decoding to process communications from actor-controlled C2 servers**: This suggests the use of **T1140: Deobfuscate/Decode Files or Information**.
5. **Action RAT can download additional payloads onto infected systems**: This indicates the use of **T1106: Native API**, as it implies the execution of arbitrary code on the compromised system.

Here are the corresponding MITRE Enterprise technique IDs, excluding subtechnique IDs:

T1043, T1055, T1012, T1039, T1140, T1106","T1012, T1039, T1043, T1055, T1106, T1140",T1140,"T1012, T1039, T1043, T1055, T1106","T1005, T1059, T1071, T1083, T1105",0.1666666666666666,0.1666666666666666,0.1666666666666666,extra predicted IDs / false positives; missed gold IDs / false negatives,6,6,1,5,5,10,,,
28,Enterprise,"The AutoIt backdoor is malware used by the threat actors behind the MONSOON campaign. It was frequently deployed via weaponized .pps files exploiting CVE-2014-6352. This malware leverages the legitimate AutoIt scripting language, designed for Windows GUI automation, for malicious purposes. The AutoIt backdoor attempts to escalate privileges by bypassing User Account Control (UAC). It downloads a PowerShell script that decodes into a standard shellcode loader and communicates with its command and control (C2) server using base64-encoded responses. Additionally, the backdoor is capable of identifying and targeting documents on the victim's system with specific extensions, including .doc, .pdf, .csv, .ppt, .docx, .pst, .xls, .xlsx, .pptx, and .jpeg.","Extract all MITRE Enterprise attack patterns from the following text and map them to their corresponding MITRE technique IDs. Provide reasoning for each identification. Ensure the final line contains only the IDs for the main techniques, separated by commas, excluding any subtechnique IDs. MITRE Enterprise IDs are given below as reference.  **Text:** The AutoIt backdoor is malware used by the threat actors behind the MONSOON campaign. It was frequently deployed via weaponized .pps files exploiting CVE-2014-6352. This malware leverages the legitimate AutoIt scripting language, designed for Windows GUI automation, for malicious purposes. The AutoIt backdoor attempts to escalate privileges by bypassing User Account Control (UAC). It downloads a PowerShell script that decodes into a standard shellcode loader and communicates with its command and control (C2) server using base64-encoded responses. Additionally, the backdoor is capable of identifying and targeting documents on the victim's system with specific extensions, including .doc, .pdf, .csv, .ppt, .docx, .pst, .xls, .xlsx, .pptx, and .jpeg.  **List of All MITRE Enterprise technique IDs** ID    : Name T1548 : Abuse Elevation Control Mechanism T1134 : Access Token Manipulation T1531 : Account Access Removal T1087 : Account Discovery T1098 : Account Manipulation T1650 : Acquire Access T1583 : Acquire Infrastructure T1595 : Active Scanning T1557 : Adversary-in-the-Middle T1071 : Application Layer Protocol T1010 : Application Window Discovery T1560 : Archive Collected Data T1123 : Audio Capture T1119 : Automated Collection T1020 : Automated Exfiltration T1197 : BITS Jobs T1547 : Boot or Logon Autostart Execution T1037 : Boot or Logon Initialization Scripts T1176 : Browser Extensions T1217 : Browser Information Discovery T1185 : Browser Session Hijacking T1110 : Brute Force T1612 : Build Image on Host T1115 : Clipboard Data T1651 : Cloud Administration Command T1580 : Cloud Infrastructure Discovery T1538 : Cloud Service Dashboard T1526 : Cloud Service Discovery T1619 : Cloud Storage Object Discovery T1059 : Command and Scripting Interpreter T1092 : Communication Through Removable Media T1586 : Compromise Accounts T1554 : Compromise Host Software Binary T1584 : Compromise Infrastructure T1609 : Container Administration Command T1613 : Container and Resource Discovery T1659 : Content Injection T1136 : Create Account T1543 : Create or Modify System Process T1555 : Credentials from Password Stores T1485 : Data Destruction T1132 : Data Encoding T1486 : Data Encrypted for Impact T1530 : Data from Cloud Storage T1602 : Data from Configuration Repository T1213 : Data from Information Repositories T1005 : Data from Local System T1039 : Data from Network Shared Drive T1025 : Data from Removable Media T1565 : Data Manipulation T1001 : Data Obfuscation T1074 : Data Staged T1030 : Data Transfer Size Limits T1622 : Debugger Evasion T1491 : Defacement T1140 : Deobfuscate/Decode Files or Information T1610 : Deploy Container T1587 : Develop Capabilities T1652 : Device Driver Discovery T1006 : Direct Volume Access T1561 : Disk Wipe T1484 : Domain or Tenant Policy Modification T1482 : Domain Trust Discovery T1189 : Drive-by Compromise T1568 : Dynamic Resolution T1114 : Email Collection T1573 : Encrypted Channel T1499 : Endpoint Denial of Service T1611 : Escape to Host T1585 : Establish Accounts T1546 : Event Triggered Execution T1480 : Execution Guardrails T1048 : Exfiltration Over Alternative Protocol T1041 : Exfiltration Over C2 Channel T1011 : Exfiltration Over Other Network Medium T1052 : Exfiltration Over Physical Medium T1567 : Exfiltration Over Web Service T1190 : Exploit Public-Facing Application T1203 : Exploitation for Client Execution T1212 : Exploitation for Credential Access T1211 : Exploitation for Defense Evasion T1068 : Exploitation for Privilege Escalation T1210 : Exploitation of Remote Services T1133 : External Remote Services T1008 : Fallback Channels T1083 : File and Directory Discovery T1222 : File and Directory Permissions Modification T1657 : Financial Theft T1495 : Firmware Corruption T1187 : Forced Authentication T1606 : Forge Web Credentials T1592 : Gather Victim Host Information T1589 : Gather Victim Identity Information T1590 : Gather Victim Network Information T1591 : Gather Victim Org Information T1615 : Group Policy Discovery T1200 : Hardware Additions T1564 : Hide Artifacts T1665 : Hide Infrastructure T1574 : Hijack Execution Flow T1562 : Impair Defenses T1656 : Impersonation T1525 : Implant Internal Image T1070 : Indicator Removal T1202 : Indirect Command Execution T1105 : Ingress Tool Transfer T1490 : Inhibit System Recovery T1056 : Input Capture T1559 : Inter-Process Communication T1534 : Internal Spearphishing T1570 : Lateral Tool Transfer T1654 : Log Enumeration T1036 : Masquerading T1556 : Modify Authentication Process T1578 : Modify Cloud Compute Infrastructure T1112 : Modify Registry T1601 : Modify System Image T1111 : Multi-Factor Authentication Interception T1621 : Multi-Factor Authentication Request Generation T1104 : Multi-Stage Channels T1106 : Native API T1599 : Network Boundary Bridging T1498 : Network Denial of Service T1046 : Network Service Discovery T1135 : Network Share Discovery T1040 : Network Sniffing T1095 : Non-Application Layer Protocol T1571 : Non-Standard Port T1027 : Obfuscated Files or Information T1588 : Obtain Capabilities T1137 : Office Application Startup T1003 : OS Credential Dumping T1201 : Password Policy Discovery T1120 : Peripheral Device Discovery T1069 : Permission Groups Discovery T1566 : Phishing T1598 : Phishing for Information T1647 : Plist File Modification T1653 : Power Settings T1542 : Pre-OS Boot T1057 : Process Discovery T1055 : Process Injection T1572 : Protocol Tunneling T1090 : Proxy T1012 : Query Registry T1620 : Reflective Code Loading T1219 : Remote Access Software T1563 : Remote Service Session Hijacking T1021 : Remote Services T1018 : Remote System Discovery T1091 : Replication Through Removable Media T1496 : Resource Hijacking T1207 : Rogue Domain Controller T1014 : Rootkit T1053 : Scheduled Task/Job T1029 : Scheduled Transfer T1113 : Screen Capture T1597 : Search Closed Sources T1596 : Search Open Technical Databases T1593 : Search Open Websites/Domains T1594 : Search Victim-Owned Websites T1505 : Server Software Component T1648 : Serverless Execution T1489 : Service Stop T1129 : Shared Modules T1072 : Software Deployment Tools T1518 : Software Discovery T1608 : Stage Capabilities T1528 : Steal Application Access Token T1649 : Steal or Forge Authentication Certificates T1558 : Steal or Forge Kerberos Tickets T1539 : Steal Web Session Cookie T1553 : Subvert Trust Controls T1195 : Supply Chain Compromise T1218 : System Binary Proxy Execution T1082 : System Information Discovery T1614 : System Location Discovery T1016 : System Network Configuration Discovery T1049 : System Network Connections Discovery T1033 : System Owner/User Discovery T1216 : System Script Proxy Execution T1007 : System Service Discovery T1569 : System Services T1529 : System Shutdown/Reboot T1124 : System Time Discovery T1080 : Taint Shared Content T1221 : Template Injection T1205 : Traffic Signaling T1537 : Transfer Data to Cloud Account T1127 : Trusted Developer Utilities Proxy Execution T1199 : Trusted Relationship T1552 : Unsecured Credentials T1535 : Unused/Unsupported Cloud Regions T1550 : Use Alternate Authentication Material T1204 : User Execution T1078 : Valid Accounts T1125 : Video Capture T1497 : Virtualization/Sandbox Evasion T1600 : Weaken Encryption T1102 : Web Service T1047 : Windows Management Instrumentation T1220 : XSL Script Processing     ","T1059, T1083, T1132, T1548","After analyzing the provided text, I have identified the following MITRE Enterprise attack patterns and mapped them to their corresponding technique IDs:

1. **T1548**: Abuse Elevation Control Mechanism - The AutoIt backdoor attempts to escalate privileges by bypassing User Account Control (UAC).
2. **T1134**: Access Token Manipulation - Although not explicitly mentioned, the backdoor's ability to communicate with its C2 server using base64-encoded responses implies manipulation of access tokens.
3. **T1531**: Account Access Removal - The backdoor is capable of identifying and targeting documents on the victim's system with specific extensions, which may involve removing or modifying account access.
4. **T1087**: Account Discovery - The backdoor likely discovers accounts on the victim's system to target specific documents.
5. **T1098**: Account Manipulation - The backdoor manipulates accounts by identifying and targeting specific documents.
6. **T1650**: Acquire Access - The backdoor acquires access to the victim's system by exploiting CVE-2014-6352.
7. **T1583**: Acquire Infrastructure - Although not explicitly mentioned, the backdoor likely acquires infrastructure (e.g., C2 servers) to communicate with.
8. **T1557**: Adversary-in-the-Middle - The backdoor's communication with its C2 server using base64-encoded responses implies an adversary-in-the-middle scenario.

The main techniques identified are:

T1548, T1134, T1531, T1087, T1098, T1650, T1583, and T1557","T1087, T1098, T1134, T1531, T1548, T1557, T1583, T1650",T1548,"T1087, T1098, T1134, T1531, T1557, T1583, T1650","T1059, T1083, T1132",0.125,0.25,0.1666666666666666,extra predicted IDs / false positives; missed gold IDs / false negatives,4,8,1,7,3,10,,,
42,Enterprise,"LoFiSe has been used by ToddyCat since at least 2023 to identify and collect files of interest on targeted systems. LoFiSe is capable of collecting files into password-protected ZIP archives for exfiltration. It periodically gathers all files from the working directory every three hours, placing them into a password-protected archive for later extraction. The malware also targets specific files of interest on compromised systems, saving them in the `C:\ProgramData\Microsoft\` and `C:\Windows\Temp\` folders for further evaluation and exfiltration. LoFiSe monitors the file system to identify files smaller than 6.4 MB with extensions such as .doc, .docx, .xls, .xlsx, .ppt, .pptx, .pdf, .rtf, .tif, .odt, .ods, .odp, .eml, and .msg. It has been executed through DLL side-loading as a file named `DsNcDiag.dll`.","Extract all MITRE Enterprise attack patterns from the following text and map them to their corresponding MITRE technique IDs. Provide reasoning for each identification. Ensure the final line contains only the IDs for the main techniques, separated by commas, excluding any subtechnique IDs. MITRE Enterprise IDs are given below as reference.  **Text:** LoFiSe has been used by ToddyCat since at least 2023 to identify and collect files of interest on targeted systems. LoFiSe is capable of collecting files into password-protected ZIP archives for exfiltration. It periodically gathers all files from the working directory every three hours, placing them into a password-protected archive for later extraction. The malware also targets specific files of interest on compromised systems, saving them in the `C:\ProgramData\Microsoft\` and `C:\Windows\Temp\` folders for further evaluation and exfiltration. LoFiSe monitors the file system to identify files smaller than 6.4 MB with extensions such as .doc, .docx, .xls, .xlsx, .ppt, .pptx, .pdf, .rtf, .tif, .odt, .ods, .odp, .eml, and .msg. It has been executed through DLL side-loading as a file named `DsNcDiag.dll`.  **List of All MITRE Enterprise technique IDs** ID    : Name T1548 : Abuse Elevation Control Mechanism T1134 : Access Token Manipulation T1531 : Account Access Removal T1087 : Account Discovery T1098 : Account Manipulation T1650 : Acquire Access T1583 : Acquire Infrastructure T1595 : Active Scanning T1557 : Adversary-in-the-Middle T1071 : Application Layer Protocol T1010 : Application Window Discovery T1560 : Archive Collected Data T1123 : Audio Capture T1119 : Automated Collection T1020 : Automated Exfiltration T1197 : BITS Jobs T1547 : Boot or Logon Autostart Execution T1037 : Boot or Logon Initialization Scripts T1176 : Browser Extensions T1217 : Browser Information Discovery T1185 : Browser Session Hijacking T1110 : Brute Force T1612 : Build Image on Host T1115 : Clipboard Data T1651 : Cloud Administration Command T1580 : Cloud Infrastructure Discovery T1538 : Cloud Service Dashboard T1526 : Cloud Service Discovery T1619 : Cloud Storage Object Discovery T1059 : Command and Scripting Interpreter T1092 : Communication Through Removable Media T1586 : Compromise Accounts T1554 : Compromise Host Software Binary T1584 : Compromise Infrastructure T1609 : Container Administration Command T1613 : Container and Resource Discovery T1659 : Content Injection T1136 : Create Account T1543 : Create or Modify System Process T1555 : Credentials from Password Stores T1485 : Data Destruction T1132 : Data Encoding T1486 : Data Encrypted for Impact T1530 : Data from Cloud Storage T1602 : Data from Configuration Repository T1213 : Data from Information Repositories T1005 : Data from Local System T1039 : Data from Network Shared Drive T1025 : Data from Removable Media T1565 : Data Manipulation T1001 : Data Obfuscation T1074 : Data Staged T1030 : Data Transfer Size Limits T1622 : Debugger Evasion T1491 : Defacement T1140 : Deobfuscate/Decode Files or Information T1610 : Deploy Container T1587 : Develop Capabilities T1652 : Device Driver Discovery T1006 : Direct Volume Access T1561 : Disk Wipe T1484 : Domain or Tenant Policy Modification T1482 : Domain Trust Discovery T1189 : Drive-by Compromise T1568 : Dynamic Resolution T1114 : Email Collection T1573 : Encrypted Channel T1499 : Endpoint Denial of Service T1611 : Escape to Host T1585 : Establish Accounts T1546 : Event Triggered Execution T1480 : Execution Guardrails T1048 : Exfiltration Over Alternative Protocol T1041 : Exfiltration Over C2 Channel T1011 : Exfiltration Over Other Network Medium T1052 : Exfiltration Over Physical Medium T1567 : Exfiltration Over Web Service T1190 : Exploit Public-Facing Application T1203 : Exploitation for Client Execution T1212 : Exploitation for Credential Access T1211 : Exploitation for Defense Evasion T1068 : Exploitation for Privilege Escalation T1210 : Exploitation of Remote Services T1133 : External Remote Services T1008 : Fallback Channels T1083 : File and Directory Discovery T1222 : File and Directory Permissions Modification T1657 : Financial Theft T1495 : Firmware Corruption T1187 : Forced Authentication T1606 : Forge Web Credentials T1592 : Gather Victim Host Information T1589 : Gather Victim Identity Information T1590 : Gather Victim Network Information T1591 : Gather Victim Org Information T1615 : Group Policy Discovery T1200 : Hardware Additions T1564 : Hide Artifacts T1665 : Hide Infrastructure T1574 : Hijack Execution Flow T1562 : Impair Defenses T1656 : Impersonation T1525 : Implant Internal Image T1070 : Indicator Removal T1202 : Indirect Command Execution T1105 : Ingress Tool Transfer T1490 : Inhibit System Recovery T1056 : Input Capture T1559 : Inter-Process Communication T1534 : Internal Spearphishing T1570 : Lateral Tool Transfer T1654 : Log Enumeration T1036 : Masquerading T1556 : Modify Authentication Process T1578 : Modify Cloud Compute Infrastructure T1112 : Modify Registry T1601 : Modify System Image T1111 : Multi-Factor Authentication Interception T1621 : Multi-Factor Authentication Request Generation T1104 : Multi-Stage Channels T1106 : Native API T1599 : Network Boundary Bridging T1498 : Network Denial of Service T1046 : Network Service Discovery T1135 : Network Share Discovery T1040 : Network Sniffing T1095 : Non-Application Layer Protocol T1571 : Non-Standard Port T1027 : Obfuscated Files or Information T1588 : Obtain Capabilities T1137 : Office Application Startup T1003 : OS Credential Dumping T1201 : Password Policy Discovery T1120 : Peripheral Device Discovery T1069 : Permission Groups Discovery T1566 : Phishing T1598 : Phishing for Information T1647 : Plist File Modification T1653 : Power Settings T1542 : Pre-OS Boot T1057 : Process Discovery T1055 : Process Injection T1572 : Protocol Tunneling T1090 : Proxy T1012 : Query Registry T1620 : Reflective Code Loading T1219 : Remote Access Software T1563 : Remote Service Session Hijacking T1021 : Remote Services T1018 : Remote System Discovery T1091 : Replication Through Removable Media T1496 : Resource Hijacking T1207 : Rogue Domain Controller T1014 : Rootkit T1053 : Scheduled Task/Job T1029 : Scheduled Transfer T1113 : Screen Capture T1597 : Search Closed Sources T1596 : Search Open Technical Databases T1593 : Search Open Websites/Domains T1594 : Search Victim-Owned Websites T1505 : Server Software Component T1648 : Serverless Execution T1489 : Service Stop T1129 : Shared Modules T1072 : Software Deployment Tools T1518 : Software Discovery T1608 : Stage Capabilities T1528 : Steal Application Access Token T1649 : Steal or Forge Authentication Certificates T1558 : Steal or Forge Kerberos Tickets T1539 : Steal Web Session Cookie T1553 : Subvert Trust Controls T1195 : Supply Chain Compromise T1218 : System Binary Proxy Execution T1082 : System Information Discovery T1614 : System Location Discovery T1016 : System Network Configuration Discovery T1049 : System Network Connections Discovery T1033 : System Owner/User Discovery T1216 : System Script Proxy Execution T1007 : System Service Discovery T1569 : System Services T1529 : System Shutdown/Reboot T1124 : System Time Discovery T1080 : Taint Shared Content T1221 : Template Injection T1205 : Traffic Signaling T1537 : Transfer Data to Cloud Account T1127 : Trusted Developer Utilities Proxy Execution T1199 : Trusted Relationship T1552 : Unsecured Credentials T1535 : Unused/Unsupported Cloud Regions T1550 : Use Alternate Authentication Material T1204 : User Execution T1078 : Valid Accounts T1125 : Video Capture T1497 : Virtualization/Sandbox Evasion T1600 : Weaken Encryption T1102 : Web Service T1047 : Windows Management Instrumentation T1220 : XSL Script Processing     ","T1005, T1074, T1083, T1119, T1560, T1574","After analyzing the provided text, I have identified the following MITRE Enterprise attack patterns and mapped them to their corresponding technique IDs:

1. **T1548**: Abuse Elevation Control Mechanism - LoFiSe monitors the file system to identify files smaller than 6.4 MB with specific extensions, which implies it is bypassing security controls.
2. **T1560**: Archive Collected Data - LoFiSe collects files into password-protected ZIP archives for exfiltration.
3. **T1059**: Command and Scripting Interpreter - LoFiSe executes through DLL side-loading as a file named `DsNcDiag.dll`, which suggests it uses a command or scripting interpreter to execute its payload.
4. **T1048**: Exfiltration Over Alternative Protocol - LoFiSe collects files into password-protected ZIP archives for exfiltration, indicating data is being transferred over an alternative protocol (e.g., ZIP archive).
5. **T1567**: Exfiltration Over Web Service - LoFiSe collects files into password-protected ZIP archives for exfiltration, which can be considered a web service-based exfiltration method.
6. **T1543**: Create or Modify System Process - LoFiSe targets specific files of interest on compromised systems and saves them in the `C:\ProgramData\Microsoft\` and `C:\Windows\Temp\` folders for further evaluation and exfiltration, implying it creates or modifies system processes.

The main techniques identified are:

T1548, T1560, T1059, T1048, T1567, T1543","T1048, T1059, T1543, T1548, T1560, T1567",T1560,"T1048, T1059, T1543, T1548, T1567","T1005, T1074, T1083, T1119, T1574",0.1666666666666666,0.1666666666666666,0.1666666666666666,extra predicted IDs / false positives; missed gold IDs / false negatives,6,6,1,5,5,10,,,
2,Enterprise,"ABK is a downloader associated with BRONZE BUTLER, active since at least 2019. It communicates with its command and control (C2) server via HTTP and can use the command line to execute Portable Executables (PEs) on compromised hosts. ABK is capable of decrypting AES-encrypted payloads and downloading files from the C2 server. Additionally, it can extract malicious PEs from images and inject shellcode into svchost.exe. ABK also has the ability to detect the installed anti-virus software on the compromised host.","Extract all MITRE Enterprise attack patterns from the following text and map them to their corresponding MITRE technique IDs. Provide reasoning for each identification. Ensure the final line contains only the IDs for the main techniques, separated by commas, excluding any subtechnique IDs. MITRE Enterprise IDs are given below as reference.  **Text:** ABK is a downloader associated with BRONZE BUTLER, active since at least 2019. It communicates with its command and control (C2) server via HTTP and can use the command line to execute Portable Executables (PEs) on compromised hosts. ABK is capable of decrypting AES-encrypted payloads and downloading files from the C2 server. Additionally, it can extract malicious PEs from images and inject shellcode into svchost.exe. ABK also has the ability to detect the installed anti-virus software on the compromised host.  **List of All MITRE Enterprise technique IDs** ID    : Name T1548 : Abuse Elevation Control Mechanism T1134 : Access Token Manipulation T1531 : Account Access Removal T1087 : Account Discovery T1098 : Account Manipulation T1650 : Acquire Access T1583 : Acquire Infrastructure T1595 : Active Scanning T1557 : Adversary-in-the-Middle T1071 : Application Layer Protocol T1010 : Application Window Discovery T1560 : Archive Collected Data T1123 : Audio Capture T1119 : Automated Collection T1020 : Automated Exfiltration T1197 : BITS Jobs T1547 : Boot or Logon Autostart Execution T1037 : Boot or Logon Initialization Scripts T1176 : Browser Extensions T1217 : Browser Information Discovery T1185 : Browser Session Hijacking T1110 : Brute Force T1612 : Build Image on Host T1115 : Clipboard Data T1651 : Cloud Administration Command T1580 : Cloud Infrastructure Discovery T1538 : Cloud Service Dashboard T1526 : Cloud Service Discovery T1619 : Cloud Storage Object Discovery T1059 : Command and Scripting Interpreter T1092 : Communication Through Removable Media T1586 : Compromise Accounts T1554 : Compromise Host Software Binary T1584 : Compromise Infrastructure T1609 : Container Administration Command T1613 : Container and Resource Discovery T1659 : Content Injection T1136 : Create Account T1543 : Create or Modify System Process T1555 : Credentials from Password Stores T1485 : Data Destruction T1132 : Data Encoding T1486 : Data Encrypted for Impact T1530 : Data from Cloud Storage T1602 : Data from Configuration Repository T1213 : Data from Information Repositories T1005 : Data from Local System T1039 : Data from Network Shared Drive T1025 : Data from Removable Media T1565 : Data Manipulation T1001 : Data Obfuscation T1074 : Data Staged T1030 : Data Transfer Size Limits T1622 : Debugger Evasion T1491 : Defacement T1140 : Deobfuscate/Decode Files or Information T1610 : Deploy Container T1587 : Develop Capabilities T1652 : Device Driver Discovery T1006 : Direct Volume Access T1561 : Disk Wipe T1484 : Domain or Tenant Policy Modification T1482 : Domain Trust Discovery T1189 : Drive-by Compromise T1568 : Dynamic Resolution T1114 : Email Collection T1573 : Encrypted Channel T1499 : Endpoint Denial of Service T1611 : Escape to Host T1585 : Establish Accounts T1546 : Event Triggered Execution T1480 : Execution Guardrails T1048 : Exfiltration Over Alternative Protocol T1041 : Exfiltration Over C2 Channel T1011 : Exfiltration Over Other Network Medium T1052 : Exfiltration Over Physical Medium T1567 : Exfiltration Over Web Service T1190 : Exploit Public-Facing Application T1203 : Exploitation for Client Execution T1212 : Exploitation for Credential Access T1211 : Exploitation for Defense Evasion T1068 : Exploitation for Privilege Escalation T1210 : Exploitation of Remote Services T1133 : External Remote Services T1008 : Fallback Channels T1083 : File and Directory Discovery T1222 : File and Directory Permissions Modification T1657 : Financial Theft T1495 : Firmware Corruption T1187 : Forced Authentication T1606 : Forge Web Credentials T1592 : Gather Victim Host Information T1589 : Gather Victim Identity Information T1590 : Gather Victim Network Information T1591 : Gather Victim Org Information T1615 : Group Policy Discovery T1200 : Hardware Additions T1564 : Hide Artifacts T1665 : Hide Infrastructure T1574 : Hijack Execution Flow T1562 : Impair Defenses T1656 : Impersonation T1525 : Implant Internal Image T1070 : Indicator Removal T1202 : Indirect Command Execution T1105 : Ingress Tool Transfer T1490 : Inhibit System Recovery T1056 : Input Capture T1559 : Inter-Process Communication T1534 : Internal Spearphishing T1570 : Lateral Tool Transfer T1654 : Log Enumeration T1036 : Masquerading T1556 : Modify Authentication Process T1578 : Modify Cloud Compute Infrastructure T1112 : Modify Registry T1601 : Modify System Image T1111 : Multi-Factor Authentication Interception T1621 : Multi-Factor Authentication Request Generation T1104 : Multi-Stage Channels T1106 : Native API T1599 : Network Boundary Bridging T1498 : Network Denial of Service T1046 : Network Service Discovery T1135 : Network Share Discovery T1040 : Network Sniffing T1095 : Non-Application Layer Protocol T1571 : Non-Standard Port T1027 : Obfuscated Files or Information T1588 : Obtain Capabilities T1137 : Office Application Startup T1003 : OS Credential Dumping T1201 : Password Policy Discovery T1120 : Peripheral Device Discovery T1069 : Permission Groups Discovery T1566 : Phishing T1598 : Phishing for Information T1647 : Plist File Modification T1653 : Power Settings T1542 : Pre-OS Boot T1057 : Process Discovery T1055 : Process Injection T1572 : Protocol Tunneling T1090 : Proxy T1012 : Query Registry T1620 : Reflective Code Loading T1219 : Remote Access Software T1563 : Remote Service Session Hijacking T1021 : Remote Services T1018 : Remote System Discovery T1091 : Replication Through Removable Media T1496 : Resource Hijacking T1207 : Rogue Domain Controller T1014 : Rootkit T1053 : Scheduled Task/Job T1029 : Scheduled Transfer T1113 : Screen Capture T1597 : Search Closed Sources T1596 : Search Open Technical Databases T1593 : Search Open Websites/Domains T1594 : Search Victim-Owned Websites T1505 : Server Software Component T1648 : Serverless Execution T1489 : Service Stop T1129 : Shared Modules T1072 : Software Deployment Tools T1518 : Software Discovery T1608 : Stage Capabilities T1528 : Steal Application Access Token T1649 : Steal or Forge Authentication Certificates T1558 : Steal or Forge Kerberos Tickets T1539 : Steal Web Session Cookie T1553 : Subvert Trust Controls T1195 : Supply Chain Compromise T1218 : System Binary Proxy Execution T1082 : System Information Discovery T1614 : System Location Discovery T1016 : System Network Configuration Discovery T1049 : System Network Connections Discovery T1033 : System Owner/User Discovery T1216 : System Script Proxy Execution T1007 : System Service Discovery T1569 : System Services T1529 : System Shutdown/Reboot T1124 : System Time Discovery T1080 : Taint Shared Content T1221 : Template Injection T1205 : Traffic Signaling T1537 : Transfer Data to Cloud Account T1127 : Trusted Developer Utilities Proxy Execution T1199 : Trusted Relationship T1552 : Unsecured Credentials T1535 : Unused/Unsupported Cloud Regions T1550 : Use Alternate Authentication Material T1204 : User Execution T1078 : Valid Accounts T1125 : Video Capture T1497 : Virtualization/Sandbox Evasion T1600 : Weaken Encryption T1102 : Web Service T1047 : Windows Management Instrumentation T1220 : XSL Script Processing     ","T1027, T1055, T1059, T1071, T1105, T1140, T1518","After analyzing the provided text, I have identified the following MITRE Enterprise attack patterns and mapped them to their corresponding technique IDs:

1. **ABK can use the command line to execute Portable Executables (PEs) on compromised hosts**: This behavior is associated with T1055: Process Injection.
2. **ABK can extract malicious PEs from images**: This behavior is associated with T1137: Office Application Startup.
3. **ABK can inject shellcode into svchost.exe**: This behavior is associated with T1219: Remote Access Software.
4. **ABK can detect the installed anti-virus software on the compromised host**: This behavior is associated with T1552: Unsecured Credentials.

Here are the main technique IDs, excluding subtechnique IDs:

T1055, T1137, T1219","T1055, T1137, T1219, T1552",T1055,"T1137, T1219, T1552","T1027, T1059, T1071, T1105, T1140, T1518",0.25,0.1428571428571428,0.1818181818181818,extra predicted IDs / false positives; missed gold IDs / false negatives,7,4,1,3,6,9,,,
50,Enterprise,Ninja is a malware developed in C++ that has been used by ToddyCat to penetrate networks and control remote systems since at least 2020. Ninja is possibly part of a post exploitation toolkit exclusively used by ToddyCat and allows multiple operators to work simultaneously on the same machine. Ninja has been used against government and military entities in Europe and Asia and observed in specific infection chains being deployed by Samurai. Ninja can use HTTP for C2 communications. Ninja can create the services httpsvc and w3esvc for persistence. Ninja can encode C2 communications with a base64 algorithm using a custom alphabet. Ninja has the ability to modify headers and URL paths to hide malicious traffic in HTTP requests. Ninja has the ability to mimic legitimate services with customized HTTP URL paths and headers to hide malicious traffic. The Ninja loader component can decrypt and decompress the payload. Ninja can XOR and AES encrypt C2 messages. Ninja can store its final payload in the Registry under $HKLM\SOFTWARE\Classes\Interface\ encrypted with a dynamically generated key based on the drive’s serial number. Ninja has the ability to enumerate directory content. Ninja loaders can be side-loaded with legitimate and signed executables including the VLC.exe media player. Ninja can change or create the last access or write times.,"Extract all MITRE Enterprise attack patterns from the following text and map them to their corresponding MITRE technique IDs. Provide reasoning for each identification. Ensure the final line contains only the IDs for the main techniques, separated by commas, excluding any subtechnique IDs. MITRE Enterprise IDs are given below as reference.  **Text:** Ninja is a malware developed in C++ that has been used by ToddyCat to penetrate networks and control remote systems since at least 2020. Ninja is possibly part of a post exploitation toolkit exclusively used by ToddyCat and allows multiple operators to work simultaneously on the same machine. Ninja has been used against government and military entities in Europe and Asia and observed in specific infection chains being deployed by Samurai. Ninja can use HTTP for C2 communications. Ninja can create the services httpsvc and w3esvc for persistence. Ninja can encode C2 communications with a base64 algorithm using a custom alphabet. Ninja has the ability to modify headers and URL paths to hide malicious traffic in HTTP requests. Ninja has the ability to mimic legitimate services with customized HTTP URL paths and headers to hide malicious traffic. The Ninja loader component can decrypt and decompress the payload. Ninja can XOR and AES encrypt C2 messages. Ninja can store its final payload in the Registry under $HKLM\SOFTWARE\Classes\Interface\ encrypted with a dynamically generated key based on the drive’s serial number. Ninja has the ability to enumerate directory content. Ninja loaders can be side-loaded with legitimate and signed executables including the VLC.exe media player. Ninja can change or create the last access or write times.  **List of All MITRE Enterprise technique IDs** ID    : Name T1548 : Abuse Elevation Control Mechanism T1134 : Access Token Manipulation T1531 : Account Access Removal T1087 : Account Discovery T1098 : Account Manipulation T1650 : Acquire Access T1583 : Acquire Infrastructure T1595 : Active Scanning T1557 : Adversary-in-the-Middle T1071 : Application Layer Protocol T1010 : Application Window Discovery T1560 : Archive Collected Data T1123 : Audio Capture T1119 : Automated Collection T1020 : Automated Exfiltration T1197 : BITS Jobs T1547 : Boot or Logon Autostart Execution T1037 : Boot or Logon Initialization Scripts T1176 : Browser Extensions T1217 : Browser Information Discovery T1185 : Browser Session Hijacking T1110 : Brute Force T1612 : Build Image on Host T1115 : Clipboard Data T1651 : Cloud Administration Command T1580 : Cloud Infrastructure Discovery T1538 : Cloud Service Dashboard T1526 : Cloud Service Discovery T1619 : Cloud Storage Object Discovery T1059 : Command and Scripting Interpreter T1092 : Communication Through Removable Media T1586 : Compromise Accounts T1554 : Compromise Host Software Binary T1584 : Compromise Infrastructure T1609 : Container Administration Command T1613 : Container and Resource Discovery T1659 : Content Injection T1136 : Create Account T1543 : Create or Modify System Process T1555 : Credentials from Password Stores T1485 : Data Destruction T1132 : Data Encoding T1486 : Data Encrypted for Impact T1530 : Data from Cloud Storage T1602 : Data from Configuration Repository T1213 : Data from Information Repositories T1005 : Data from Local System T1039 : Data from Network Shared Drive T1025 : Data from Removable Media T1565 : Data Manipulation T1001 : Data Obfuscation T1074 : Data Staged T1030 : Data Transfer Size Limits T1622 : Debugger Evasion T1491 : Defacement T1140 : Deobfuscate/Decode Files or Information T1610 : Deploy Container T1587 : Develop Capabilities T1652 : Device Driver Discovery T1006 : Direct Volume Access T1561 : Disk Wipe T1484 : Domain or Tenant Policy Modification T1482 : Domain Trust Discovery T1189 : Drive-by Compromise T1568 : Dynamic Resolution T1114 : Email Collection T1573 : Encrypted Channel T1499 : Endpoint Denial of Service T1611 : Escape to Host T1585 : Establish Accounts T1546 : Event Triggered Execution T1480 : Execution Guardrails T1048 : Exfiltration Over Alternative Protocol T1041 : Exfiltration Over C2 Channel T1011 : Exfiltration Over Other Network Medium T1052 : Exfiltration Over Physical Medium T1567 : Exfiltration Over Web Service T1190 : Exploit Public-Facing Application T1203 : Exploitation for Client Execution T1212 : Exploitation for Credential Access T1211 : Exploitation for Defense Evasion T1068 : Exploitation for Privilege Escalation T1210 : Exploitation of Remote Services T1133 : External Remote Services T1008 : Fallback Channels T1083 : File and Directory Discovery T1222 : File and Directory Permissions Modification T1657 : Financial Theft T1495 : Firmware Corruption T1187 : Forced Authentication T1606 : Forge Web Credentials T1592 : Gather Victim Host Information T1589 : Gather Victim Identity Information T1590 : Gather Victim Network Information T1591 : Gather Victim Org Information T1615 : Group Policy Discovery T1200 : Hardware Additions T1564 : Hide Artifacts T1665 : Hide Infrastructure T1574 : Hijack Execution Flow T1562 : Impair Defenses T1656 : Impersonation T1525 : Implant Internal Image T1070 : Indicator Removal T1202 : Indirect Command Execution T1105 : Ingress Tool Transfer T1490 : Inhibit System Recovery T1056 : Input Capture T1559 : Inter-Process Communication T1534 : Internal Spearphishing T1570 : Lateral Tool Transfer T1654 : Log Enumeration T1036 : Masquerading T1556 : Modify Authentication Process T1578 : Modify Cloud Compute Infrastructure T1112 : Modify Registry T1601 : Modify System Image T1111 : Multi-Factor Authentication Interception T1621 : Multi-Factor Authentication Request Generation T1104 : Multi-Stage Channels T1106 : Native API T1599 : Network Boundary Bridging T1498 : Network Denial of Service T1046 : Network Service Discovery T1135 : Network Share Discovery T1040 : Network Sniffing T1095 : Non-Application Layer Protocol T1571 : Non-Standard Port T1027 : Obfuscated Files or Information T1588 : Obtain Capabilities T1137 : Office Application Startup T1003 : OS Credential Dumping T1201 : Password Policy Discovery T1120 : Peripheral Device Discovery T1069 : Permission Groups Discovery T1566 : Phishing T1598 : Phishing for Information T1647 : Plist File Modification T1653 : Power Settings T1542 : Pre-OS Boot T1057 : Process Discovery T1055 : Process Injection T1572 : Protocol Tunneling T1090 : Proxy T1012 : Query Registry T1620 : Reflective Code Loading T1219 : Remote Access Software T1563 : Remote Service Session Hijacking T1021 : Remote Services T1018 : Remote System Discovery T1091 : Replication Through Removable Media T1496 : Resource Hijacking T1207 : Rogue Domain Controller T1014 : Rootkit T1053 : Scheduled Task/Job T1029 : Scheduled Transfer T1113 : Screen Capture T1597 : Search Closed Sources T1596 : Search Open Technical Databases T1593 : Search Open Websites/Domains T1594 : Search Victim-Owned Websites T1505 : Server Software Component T1648 : Serverless Execution T1489 : Service Stop T1129 : Shared Modules T1072 : Software Deployment Tools T1518 : Software Discovery T1608 : Stage Capabilities T1528 : Steal Application Access Token T1649 : Steal or Forge Authentication Certificates T1558 : Steal or Forge Kerberos Tickets T1539 : Steal Web Session Cookie T1553 : Subvert Trust Controls T1195 : Supply Chain Compromise T1218 : System Binary Proxy Execution T1082 : System Information Discovery T1614 : System Location Discovery T1016 : System Network Configuration Discovery T1049 : System Network Connections Discovery T1033 : System Owner/User Discovery T1216 : System Script Proxy Execution T1007 : System Service Discovery T1569 : System Services T1529 : System Shutdown/Reboot T1124 : System Time Discovery T1080 : Taint Shared Content T1221 : Template Injection T1205 : Traffic Signaling T1537 : Transfer Data to Cloud Account T1127 : Trusted Developer Utilities Proxy Execution T1199 : Trusted Relationship T1552 : Unsecured Credentials T1535 : Unused/Unsupported Cloud Regions T1550 : Use Alternate Authentication Material T1204 : User Execution T1078 : Valid Accounts T1125 : Video Capture T1497 : Virtualization/Sandbox Evasion T1600 : Weaken Encryption T1102 : Web Service T1047 : Windows Management Instrumentation T1220 : XSL Script Processing     ","T1001, T1070, T1071, T1083, T1132, T1140, T1480, T1543, T1573, T1574","After analyzing the provided text, I have identified the following MITRE Enterprise attack patterns and mapped them to their corresponding technique IDs:

1. **T1134**: Access Token Manipulation - Ninja can modify headers and URL paths to hide malicious traffic in HTTP requests.
2. **T1071**: Application Layer Protocol - Ninja uses HTTP for C2 communications.
3. **T1548**: Abuse Elevation Control Mechanism - Ninja creates services (httpsvc and w3esvc) for persistence.
4. **T1530**: Data from Cloud Storage - Ninja stores its final payload in the Registry under $HKLM\SOFTWARE\Classes\Interface, encrypted with a dynamically generated key based on the drive's serial number.
5. **T1059**: Command and Scripting Interpreter - Ninja can XOR and AES encrypt C2 messages.
6. **T1048**: Exfiltration Over Alternative Protocol - Ninja can store its final payload in the Registry under $HKLM\SOFTWARE\Classes\Interface, encrypted with a dynamically generated key based on the drive's serial number.
7. **T1052**: Exfiltration Over Physical Medium - Ninja loaders can be side-loaded with legitimate and signed executables including the VLC.exe media player.
8. **T1565**: Data Manipulation - Ninja has the ability to modify headers and URL paths to hide malicious traffic in HTTP requests.
9. **T1001**: Data Obfuscation - Ninja encodes C2 communications with a base64 algorithm using a custom alphabet.
10. **T1074**: Data Staged - Ninja stores its final payload in the Registry under $HKLM\SOFTWARE\Classes\Interface, encrypted with a dynamically generated key based on the drive's serial number.

Here are the main technique IDs (excluding subtechnique IDs) separated by commas:

T1134,T1071,T1548,T1530,T1059,T1048,T1052,T1565,T1001,T1074","T1001, T1048, T1052, T1059, T1071, T1074, T1134, T1530, T1548, T1565","T1001, T1071","T1048, T1052, T1059, T1074, T1134, T1530, T1548, T1565","T1070, T1083, T1132, T1140, T1480, T1543, T1573, T1574",0.2,0.2,0.2,extra predicted IDs / false positives; missed gold IDs / false negatives,10,10,2,8,8,16,,,
1,Enterprise,"4H RAT is a piece of malware linked to Putter Panda, with evidence of its use dating back to at least 2007. It relies on HTTP for command and control (C2) communication and has the ability to create a remote shell. To obfuscate its C2 traffic, 4H RAT uses a 1-byte XOR encryption with the key 0xBE. The malware is capable of retrieving file and directory listings, as well as obtaining information about running processes and loaded modules. Additionally, 4H RAT includes an OS version identifier in its beacon messages.","Extract all MITRE Enterprise attack patterns from the following text and map them to their corresponding MITRE technique IDs. Provide reasoning for each identification. Ensure the final line contains only the IDs for the main techniques, separated by commas, excluding any subtechnique IDs. MITRE Enterprise IDs are given below as reference.  **Text:** 4H RAT is a piece of malware linked to Putter Panda, with evidence of its use dating back to at least 2007. It relies on HTTP for command and control (C2) communication and has the ability to create a remote shell. To obfuscate its C2 traffic, 4H RAT uses a 1-byte XOR encryption with the key 0xBE. The malware is capable of retrieving file and directory listings, as well as obtaining information about running processes and loaded modules. Additionally, 4H RAT includes an OS version identifier in its beacon messages.  **List of All MITRE Enterprise technique IDs** ID    : Name T1548 : Abuse Elevation Control Mechanism T1134 : Access Token Manipulation T1531 : Account Access Removal T1087 : Account Discovery T1098 : Account Manipulation T1650 : Acquire Access T1583 : Acquire Infrastructure T1595 : Active Scanning T1557 : Adversary-in-the-Middle T1071 : Application Layer Protocol T1010 : Application Window Discovery T1560 : Archive Collected Data T1123 : Audio Capture T1119 : Automated Collection T1020 : Automated Exfiltration T1197 : BITS Jobs T1547 : Boot or Logon Autostart Execution T1037 : Boot or Logon Initialization Scripts T1176 : Browser Extensions T1217 : Browser Information Discovery T1185 : Browser Session Hijacking T1110 : Brute Force T1612 : Build Image on Host T1115 : Clipboard Data T1651 : Cloud Administration Command T1580 : Cloud Infrastructure Discovery T1538 : Cloud Service Dashboard T1526 : Cloud Service Discovery T1619 : Cloud Storage Object Discovery T1059 : Command and Scripting Interpreter T1092 : Communication Through Removable Media T1586 : Compromise Accounts T1554 : Compromise Host Software Binary T1584 : Compromise Infrastructure T1609 : Container Administration Command T1613 : Container and Resource Discovery T1659 : Content Injection T1136 : Create Account T1543 : Create or Modify System Process T1555 : Credentials from Password Stores T1485 : Data Destruction T1132 : Data Encoding T1486 : Data Encrypted for Impact T1530 : Data from Cloud Storage T1602 : Data from Configuration Repository T1213 : Data from Information Repositories T1005 : Data from Local System T1039 : Data from Network Shared Drive T1025 : Data from Removable Media T1565 : Data Manipulation T1001 : Data Obfuscation T1074 : Data Staged T1030 : Data Transfer Size Limits T1622 : Debugger Evasion T1491 : Defacement T1140 : Deobfuscate/Decode Files or Information T1610 : Deploy Container T1587 : Develop Capabilities T1652 : Device Driver Discovery T1006 : Direct Volume Access T1561 : Disk Wipe T1484 : Domain or Tenant Policy Modification T1482 : Domain Trust Discovery T1189 : Drive-by Compromise T1568 : Dynamic Resolution T1114 : Email Collection T1573 : Encrypted Channel T1499 : Endpoint Denial of Service T1611 : Escape to Host T1585 : Establish Accounts T1546 : Event Triggered Execution T1480 : Execution Guardrails T1048 : Exfiltration Over Alternative Protocol T1041 : Exfiltration Over C2 Channel T1011 : Exfiltration Over Other Network Medium T1052 : Exfiltration Over Physical Medium T1567 : Exfiltration Over Web Service T1190 : Exploit Public-Facing Application T1203 : Exploitation for Client Execution T1212 : Exploitation for Credential Access T1211 : Exploitation for Defense Evasion T1068 : Exploitation for Privilege Escalation T1210 : Exploitation of Remote Services T1133 : External Remote Services T1008 : Fallback Channels T1083 : File and Directory Discovery T1222 : File and Directory Permissions Modification T1657 : Financial Theft T1495 : Firmware Corruption T1187 : Forced Authentication T1606 : Forge Web Credentials T1592 : Gather Victim Host Information T1589 : Gather Victim Identity Information T1590 : Gather Victim Network Information T1591 : Gather Victim Org Information T1615 : Group Policy Discovery T1200 : Hardware Additions T1564 : Hide Artifacts T1665 : Hide Infrastructure T1574 : Hijack Execution Flow T1562 : Impair Defenses T1656 : Impersonation T1525 : Implant Internal Image T1070 : Indicator Removal T1202 : Indirect Command Execution T1105 : Ingress Tool Transfer T1490 : Inhibit System Recovery T1056 : Input Capture T1559 : Inter-Process Communication T1534 : Internal Spearphishing T1570 : Lateral Tool Transfer T1654 : Log Enumeration T1036 : Masquerading T1556 : Modify Authentication Process T1578 : Modify Cloud Compute Infrastructure T1112 : Modify Registry T1601 : Modify System Image T1111 : Multi-Factor Authentication Interception T1621 : Multi-Factor Authentication Request Generation T1104 : Multi-Stage Channels T1106 : Native API T1599 : Network Boundary Bridging T1498 : Network Denial of Service T1046 : Network Service Discovery T1135 : Network Share Discovery T1040 : Network Sniffing T1095 : Non-Application Layer Protocol T1571 : Non-Standard Port T1027 : Obfuscated Files or Information T1588 : Obtain Capabilities T1137 : Office Application Startup T1003 : OS Credential Dumping T1201 : Password Policy Discovery T1120 : Peripheral Device Discovery T1069 : Permission Groups Discovery T1566 : Phishing T1598 : Phishing for Information T1647 : Plist File Modification T1653 : Power Settings T1542 : Pre-OS Boot T1057 : Process Discovery T1055 : Process Injection T1572 : Protocol Tunneling T1090 : Proxy T1012 : Query Registry T1620 : Reflective Code Loading T1219 : Remote Access Software T1563 : Remote Service Session Hijacking T1021 : Remote Services T1018 : Remote System Discovery T1091 : Replication Through Removable Media T1496 : Resource Hijacking T1207 : Rogue Domain Controller T1014 : Rootkit T1053 : Scheduled Task/Job T1029 : Scheduled Transfer T1113 : Screen Capture T1597 : Search Closed Sources T1596 : Search Open Technical Databases T1593 : Search Open Websites/Domains T1594 : Search Victim-Owned Websites T1505 : Server Software Component T1648 : Serverless Execution T1489 : Service Stop T1129 : Shared Modules T1072 : Software Deployment Tools T1518 : Software Discovery T1608 : Stage Capabilities T1528 : Steal Application Access Token T1649 : Steal or Forge Authentication Certificates T1558 : Steal or Forge Kerberos Tickets T1539 : Steal Web Session Cookie T1553 : Subvert Trust Controls T1195 : Supply Chain Compromise T1218 : System Binary Proxy Execution T1082 : System Information Discovery T1614 : System Location Discovery T1016 : System Network Configuration Discovery T1049 : System Network Connections Discovery T1033 : System Owner/User Discovery T1216 : System Script Proxy Execution T1007 : System Service Discovery T1569 : System Services T1529 : System Shutdown/Reboot T1124 : System Time Discovery T1080 : Taint Shared Content T1221 : Template Injection T1205 : Traffic Signaling T1537 : Transfer Data to Cloud Account T1127 : Trusted Developer Utilities Proxy Execution T1199 : Trusted Relationship T1552 : Unsecured Credentials T1535 : Unused/Unsupported Cloud Regions T1550 : Use Alternate Authentication Material T1204 : User Execution T1078 : Valid Accounts T1125 : Video Capture T1497 : Virtualization/Sandbox Evasion T1600 : Weaken Encryption T1102 : Web Service T1047 : Windows Management Instrumentation T1220 : XSL Script Processing     ","T1057, T1059, T1071, T1082, T1083, T1573","After analyzing the text, I have identified the following MITRE Enterprise attack patterns and mapped them to their corresponding technique IDs:

1. **T1059: Command and Scripting Interpreter**: 4H RAT uses HTTP for command and control (C2) communication.
2. **T1003: OS Credential Dumping**: The malware is capable of retrieving file and directory listings, as well as obtaining information about running processes and loaded modules.
3. **T1010: Application Window Discovery**: The malware includes an OS version identifier in its beacon messages.
4. **T1041: Exfiltration Over C2 Channel**: 4H RAT uses a 1-byte XOR encryption with the key 0xBE to obfuscate its C2 traffic.

The main techniques, excluding subtechnique IDs, are:

T1059, T1003, T1010, T1041","T1003, T1010, T1041, T1059",T1059,"T1003, T1010, T1041","T1057, T1071, T1082, T1083, T1573",0.25,0.1666666666666666,0.2,extra predicted IDs / false positives; missed gold IDs / false negatives,6,4,1,3,5,8,,,
16,Mobile,"The Android malware known as Android/Chuli.A was distributed to activist groups through a spearphishing email that contained an attachment. This malware utilized HTTP uploads to a specific URL as its command and control mechanism. Android/Chuli.A was capable of stealing various forms of sensitive data, including geo-location information, call logs, contact lists stored both on the phone and the SIM card, and SMS message content. Additionally, it used SMS to receive command and control messages. The malware also gathered system information such as the phone number, OS version, phone model, and SDK version.","Extract all MITRE Mobile attack patterns from the following text and map them to their corresponding MITRE technique IDs. Provide reasoning for each identification. Ensure the final line contains only the IDs for the main techniques, separated by commas, excluding any subtechnique IDs. MITRE Mobile IDs are given below as reference.  **Text:** The Android malware known as Android/Chuli.A was distributed to activist groups through a spearphishing email that contained an attachment. This malware utilized HTTP uploads to a specific URL as its command and control mechanism. Android/Chuli.A was capable of stealing various forms of sensitive data, including geo-location information, call logs, contact lists stored both on the phone and the SIM card, and SMS message content. Additionally, it used SMS to receive command and control messages. The malware also gathered system information such as the phone number, OS version, phone model, and SDK version.  **List of All MITRE Mobile technique IDs** ID    : Name T1626 : Abuse Elevation Control Mechanism T1517 : Access Notifications T1640 : Account Access Removal T1638 : Adversary-in-the-Middle T1437 : Application Layer Protocol T1661 : Application Versioning T1532 : Archive Collected Data T1429 : Audio Capture T1398 : Boot or Logon Initialization Scripts T1616 : Call Control T1414 : Clipboard Data T1623 : Command and Scripting Interpreter T1577 : Compromise Application Executable T1645 : Compromise Client Software Binary T1634 : Credentials from Password Store T1662 : Data Destruction T1471 : Data Encrypted for Impact T1533 : Data from Local System T1641 : Data Manipulation T1407 : Download New Code at Runtime T1456 : Drive-By Compromise T1637 : Dynamic Resolution T1521 : Encrypted Channel T1642 : Endpoint Denial of Service T1624 : Event Triggered Execution T1627 : Execution Guardrails T1639 : Exfiltration Over Alternative Protocol T1646 : Exfiltration Over C2 Channel T1658 : Exploitation for Client Execution T1664 : Exploitation for Initial Access T1404 : Exploitation for Privilege Escalation T1428 : Exploitation of Remote Services T1420 : File and Directory Discovery T1541 : Foreground Persistence T1643 : Generate Traffic from Victim T1628 : Hide Artifacts T1625 : Hijack Execution Flow T1617 : Hooking T1629 : Impair Defenses T1630 : Indicator Removal on Host T1544 : Ingress Tool Transfer T1417 : Input Capture T1516 : Input Injection T1430 : Location Tracking T1461 : Lockscreen Bypass T1655 : Masquerading T1575 : Native API T1464 : Network Denial of Service T1423 : Network Service Scanning T1509 : Non-Standard Port T1406 : Obfuscated Files or Information T1644 : Out of Band Data T1660 : Phishing T1424 : Process Discovery T1631 : Process Injection T1636 : Protected User Data T1604 : Proxy Through Victim T1663 : Remote Access Software T1458 : Replication Through Removable Media T1603 : Scheduled Task/Job T1513 : Screen Capture T1582 : SMS Control T1418 : Software Discovery T1635 : Steal Application Access Token T1409 : Stored Application Data T1632 : Subvert Trust Controls T1474 : Supply Chain Compromise T1426 : System Information Discovery T1422 : System Network Configuration Discovery T1421 : System Network Connections Discovery T1512 : Video Capture T1633 : Virtualization/Sandbox Evasion T1481 : Web Service     ","T1426, T1430, T1437, T1636, T1644","After analyzing the text, I have identified the following MITRE Mobile attack patterns and mapped them to their corresponding technique IDs:

1. **T1437: Application Layer Protocol** - The malware uses HTTP uploads as its command and control mechanism.
2. **T1533: Data from Local System** - Android/Chuli.A steals various forms of sensitive data, including geo-location information, call logs, contact lists stored both on the phone and the SIM card, and SMS message content.
3. **T1429: Audio Capture** - Although not explicitly mentioned in the text, this technique is related to T1533, as it also involves collecting sensitive data from the device.
4. **T1582: SMS Control** - The malware uses SMS to receive command and control messages.
5. **T1637: Dynamic Resolution** - Android/Chuli.A gathers system information such as the phone number, OS version, phone model, and SDK version.

Here are the main technique IDs, excluding subtechnique IDs:

T1437, T1533, T1582, T1637","T1429, T1437, T1533, T1582, T1637",T1437,"T1429, T1533, T1582, T1637","T1426, T1430, T1636, T1644",0.2,0.2,0.2,extra predicted IDs / false positives; missed gold IDs / false negatives,5,5,1,4,4,8,,,
44,Enterprise,"Mispadu is a banking trojan written in Delphi, first observed in 2019, that operates under a Malware-as-a-Service (MaaS) model. Managed and sold by the Malteiro cybercriminal group, Mispadu primarily targets victims in Brazil and Mexico, with confirmed operations across Latin America and Europe. Mispadu establishes persistence by creating a link in the startup folder and adding an entry to the registry key `HKCU\Software\Microsoft\Windows\CurrentVersion\Run`. It utilizes malicious Google Chrome extensions to steal financial data and monitors browser activity for online banking actions, often displaying full-screen overlays to block user access to legitimate sites or to prompt for additional data. The trojan can capture and replace Bitcoin wallet addresses in the clipboard on compromised hosts. Mispadu’s dropper uses VBS files to install and execute its payloads. Additionally, the malware steals credentials from mail clients using NirSoft MailPassView and from Google Chrome. Before execution, Mispadu decrypts its encrypted configuration files. Mispadu includes a copy of the OpenSSL library to encrypt its command and control (C2) traffic, and it sends collected financial data to its C2 server.","Extract all MITRE Enterprise attack patterns from the following text and map them to their corresponding MITRE technique IDs. Provide reasoning for each identification. Ensure the final line contains only the IDs for the main techniques, separated by commas, excluding any subtechnique IDs. MITRE Enterprise IDs are given below as reference.  **Text:** Mispadu is a banking trojan written in Delphi, first observed in 2019, that operates under a Malware-as-a-Service (MaaS) model. Managed and sold by the Malteiro cybercriminal group, Mispadu primarily targets victims in Brazil and Mexico, with confirmed operations across Latin America and Europe. Mispadu establishes persistence by creating a link in the startup folder and adding an entry to the registry key `HKCU\Software\Microsoft\Windows\CurrentVersion\Run`. It utilizes malicious Google Chrome extensions to steal financial data and monitors browser activity for online banking actions, often displaying full-screen overlays to block user access to legitimate sites or to prompt for additional data. The trojan can capture and replace Bitcoin wallet addresses in the clipboard on compromised hosts. Mispadu’s dropper uses VBS files to install and execute its payloads. Additionally, the malware steals credentials from mail clients using NirSoft MailPassView and from Google Chrome. Before execution, Mispadu decrypts its encrypted configuration files. Mispadu includes a copy of the OpenSSL library to encrypt its command and control (C2) traffic, and it sends collected financial data to its C2 server.  **List of All MITRE Enterprise technique IDs** ID    : Name T1548 : Abuse Elevation Control Mechanism T1134 : Access Token Manipulation T1531 : Account Access Removal T1087 : Account Discovery T1098 : Account Manipulation T1650 : Acquire Access T1583 : Acquire Infrastructure T1595 : Active Scanning T1557 : Adversary-in-the-Middle T1071 : Application Layer Protocol T1010 : Application Window Discovery T1560 : Archive Collected Data T1123 : Audio Capture T1119 : Automated Collection T1020 : Automated Exfiltration T1197 : BITS Jobs T1547 : Boot or Logon Autostart Execution T1037 : Boot or Logon Initialization Scripts T1176 : Browser Extensions T1217 : Browser Information Discovery T1185 : Browser Session Hijacking T1110 : Brute Force T1612 : Build Image on Host T1115 : Clipboard Data T1651 : Cloud Administration Command T1580 : Cloud Infrastructure Discovery T1538 : Cloud Service Dashboard T1526 : Cloud Service Discovery T1619 : Cloud Storage Object Discovery T1059 : Command and Scripting Interpreter T1092 : Communication Through Removable Media T1586 : Compromise Accounts T1554 : Compromise Host Software Binary T1584 : Compromise Infrastructure T1609 : Container Administration Command T1613 : Container and Resource Discovery T1659 : Content Injection T1136 : Create Account T1543 : Create or Modify System Process T1555 : Credentials from Password Stores T1485 : Data Destruction T1132 : Data Encoding T1486 : Data Encrypted for Impact T1530 : Data from Cloud Storage T1602 : Data from Configuration Repository T1213 : Data from Information Repositories T1005 : Data from Local System T1039 : Data from Network Shared Drive T1025 : Data from Removable Media T1565 : Data Manipulation T1001 : Data Obfuscation T1074 : Data Staged T1030 : Data Transfer Size Limits T1622 : Debugger Evasion T1491 : Defacement T1140 : Deobfuscate/Decode Files or Information T1610 : Deploy Container T1587 : Develop Capabilities T1652 : Device Driver Discovery T1006 : Direct Volume Access T1561 : Disk Wipe T1484 : Domain or Tenant Policy Modification T1482 : Domain Trust Discovery T1189 : Drive-by Compromise T1568 : Dynamic Resolution T1114 : Email Collection T1573 : Encrypted Channel T1499 : Endpoint Denial of Service T1611 : Escape to Host T1585 : Establish Accounts T1546 : Event Triggered Execution T1480 : Execution Guardrails T1048 : Exfiltration Over Alternative Protocol T1041 : Exfiltration Over C2 Channel T1011 : Exfiltration Over Other Network Medium T1052 : Exfiltration Over Physical Medium T1567 : Exfiltration Over Web Service T1190 : Exploit Public-Facing Application T1203 : Exploitation for Client Execution T1212 : Exploitation for Credential Access T1211 : Exploitation for Defense Evasion T1068 : Exploitation for Privilege Escalation T1210 : Exploitation of Remote Services T1133 : External Remote Services T1008 : Fallback Channels T1083 : File and Directory Discovery T1222 : File and Directory Permissions Modification T1657 : Financial Theft T1495 : Firmware Corruption T1187 : Forced Authentication T1606 : Forge Web Credentials T1592 : Gather Victim Host Information T1589 : Gather Victim Identity Information T1590 : Gather Victim Network Information T1591 : Gather Victim Org Information T1615 : Group Policy Discovery T1200 : Hardware Additions T1564 : Hide Artifacts T1665 : Hide Infrastructure T1574 : Hijack Execution Flow T1562 : Impair Defenses T1656 : Impersonation T1525 : Implant Internal Image T1070 : Indicator Removal T1202 : Indirect Command Execution T1105 : Ingress Tool Transfer T1490 : Inhibit System Recovery T1056 : Input Capture T1559 : Inter-Process Communication T1534 : Internal Spearphishing T1570 : Lateral Tool Transfer T1654 : Log Enumeration T1036 : Masquerading T1556 : Modify Authentication Process T1578 : Modify Cloud Compute Infrastructure T1112 : Modify Registry T1601 : Modify System Image T1111 : Multi-Factor Authentication Interception T1621 : Multi-Factor Authentication Request Generation T1104 : Multi-Stage Channels T1106 : Native API T1599 : Network Boundary Bridging T1498 : Network Denial of Service T1046 : Network Service Discovery T1135 : Network Share Discovery T1040 : Network Sniffing T1095 : Non-Application Layer Protocol T1571 : Non-Standard Port T1027 : Obfuscated Files or Information T1588 : Obtain Capabilities T1137 : Office Application Startup T1003 : OS Credential Dumping T1201 : Password Policy Discovery T1120 : Peripheral Device Discovery T1069 : Permission Groups Discovery T1566 : Phishing T1598 : Phishing for Information T1647 : Plist File Modification T1653 : Power Settings T1542 : Pre-OS Boot T1057 : Process Discovery T1055 : Process Injection T1572 : Protocol Tunneling T1090 : Proxy T1012 : Query Registry T1620 : Reflective Code Loading T1219 : Remote Access Software T1563 : Remote Service Session Hijacking T1021 : Remote Services T1018 : Remote System Discovery T1091 : Replication Through Removable Media T1496 : Resource Hijacking T1207 : Rogue Domain Controller T1014 : Rootkit T1053 : Scheduled Task/Job T1029 : Scheduled Transfer T1113 : Screen Capture T1597 : Search Closed Sources T1596 : Search Open Technical Databases T1593 : Search Open Websites/Domains T1594 : Search Victim-Owned Websites T1505 : Server Software Component T1648 : Serverless Execution T1489 : Service Stop T1129 : Shared Modules T1072 : Software Deployment Tools T1518 : Software Discovery T1608 : Stage Capabilities T1528 : Steal Application Access Token T1649 : Steal or Forge Authentication Certificates T1558 : Steal or Forge Kerberos Tickets T1539 : Steal Web Session Cookie T1553 : Subvert Trust Controls T1195 : Supply Chain Compromise T1218 : System Binary Proxy Execution T1082 : System Information Discovery T1614 : System Location Discovery T1016 : System Network Configuration Discovery T1049 : System Network Connections Discovery T1033 : System Owner/User Discovery T1216 : System Script Proxy Execution T1007 : System Service Discovery T1569 : System Services T1529 : System Shutdown/Reboot T1124 : System Time Discovery T1080 : Taint Shared Content T1221 : Template Injection T1205 : Traffic Signaling T1537 : Transfer Data to Cloud Account T1127 : Trusted Developer Utilities Proxy Execution T1199 : Trusted Relationship T1552 : Unsecured Credentials T1535 : Unused/Unsupported Cloud Regions T1550 : Use Alternate Authentication Material T1204 : User Execution T1078 : Valid Accounts T1125 : Video Capture T1497 : Virtualization/Sandbox Evasion T1600 : Weaken Encryption T1102 : Web Service T1047 : Windows Management Instrumentation T1220 : XSL Script Processing     ","T1041, T1059, T1115, T1140, T1176, T1217, T1547, T1555, T1573","After analyzing the text, I have identified the following MITRE Enterprise attack patterns and mapped them to their corresponding technique IDs:

1. **T1134**: Access Token Manipulation - Mispadu uses malicious Google Chrome extensions to steal financial data and monitors browser activity for online banking actions.
2. **T1548**: Abuse Elevation Control Mechanism - Mispadu creates a link in the startup folder and adds an entry to the registry key `HKCU\Software\Microsoft\Windows\CurrentVersion\Run` to establish persistence.
3. **T1557**: Adversary-in-the-Middle - Mispadu captures and replaces Bitcoin wallet addresses in the clipboard on compromised hosts.
4. **T1071**: Application Layer Protocol - Mispadu uses VBS files to install and execute its payloads, which involves communication through a protocol ( likely HTTP or HTTPS).
5. **T1187**: Forced Authentication - Mispadu displays full-screen overlays to block user access to legitimate sites or prompt for additional data.
6. **T1554**: Compromise Host Software Binary - Mispadu includes a copy of the OpenSSL library to encrypt its command and control (C2) traffic.
7. **T1059**: Command and Scripting Interpreter - Mispadu uses VBS files to install and execute its payloads, which involves using a scripting interpreter ( likely Windows Script Host).
8. **T1041**: Exfiltration Over C2 Channel - Mispadu sends collected financial data to its C2 server.
9. **T1565**: Data Manipulation - Mispadu steals credentials from mail clients using NirSoft MailPassView and from Google Chrome.

Here are the main technique IDs, excluding subtechnique IDs:

T1134, T1548, T1557, T1071, T1187, T1554, T1059, T1041, T1565","T1041, T1059, T1071, T1134, T1187, T1548, T1554, T1557, T1565","T1041, T1059","T1071, T1134, T1187, T1548, T1554, T1557, T1565","T1115, T1140, T1176, T1217, T1547, T1555, T1573",0.2222222222222222,0.2222222222222222,0.2222222222222222,extra predicted IDs / false positives; missed gold IDs / false negatives,9,9,2,7,7,14,,,
0,Enterprise,"3PARA RAT is a remote access tool (RAT) developed in C++ and associated with the group Putter Panda. It communicates with its command and control (C2) servers via HTTP, with commands encrypted using the DES algorithm in CBC mode. The encryption key is derived from the MD5 hash of the string ""HYF54&%9&jkMCXuiS."" If the DES decryption fails, 3PARA RAT will attempt to decode the commands using an 8-byte XOR key, also derived from the same string. The tool includes commands to retrieve file metadata, list the current working directory, and modify file attributes, such as creation and modification timestamps.","Extract all MITRE Enterprise attack patterns from the following text and map them to their corresponding MITRE technique IDs. Provide reasoning for each identification. Ensure the final line contains only the IDs for the main techniques, separated by commas, excluding any subtechnique IDs. MITRE Enterprise IDs are given below as reference.  **Text:** 3PARA RAT is a remote access tool (RAT) developed in C++ and associated with the group Putter Panda. It communicates with its command and control (C2) servers via HTTP, with commands encrypted using the DES algorithm in CBC mode. The encryption key is derived from the MD5 hash of the string ""HYF54&%9&jkMCXuiS."" If the DES decryption fails, 3PARA RAT will attempt to decode the commands using an 8-byte XOR key, also derived from the same string. The tool includes commands to retrieve file metadata, list the current working directory, and modify file attributes, such as creation and modification timestamps.  **List of All MITRE Enterprise technique IDs** ID    : Name T1548 : Abuse Elevation Control Mechanism T1134 : Access Token Manipulation T1531 : Account Access Removal T1087 : Account Discovery T1098 : Account Manipulation T1650 : Acquire Access T1583 : Acquire Infrastructure T1595 : Active Scanning T1557 : Adversary-in-the-Middle T1071 : Application Layer Protocol T1010 : Application Window Discovery T1560 : Archive Collected Data T1123 : Audio Capture T1119 : Automated Collection T1020 : Automated Exfiltration T1197 : BITS Jobs T1547 : Boot or Logon Autostart Execution T1037 : Boot or Logon Initialization Scripts T1176 : Browser Extensions T1217 : Browser Information Discovery T1185 : Browser Session Hijacking T1110 : Brute Force T1612 : Build Image on Host T1115 : Clipboard Data T1651 : Cloud Administration Command T1580 : Cloud Infrastructure Discovery T1538 : Cloud Service Dashboard T1526 : Cloud Service Discovery T1619 : Cloud Storage Object Discovery T1059 : Command and Scripting Interpreter T1092 : Communication Through Removable Media T1586 : Compromise Accounts T1554 : Compromise Host Software Binary T1584 : Compromise Infrastructure T1609 : Container Administration Command T1613 : Container and Resource Discovery T1659 : Content Injection T1136 : Create Account T1543 : Create or Modify System Process T1555 : Credentials from Password Stores T1485 : Data Destruction T1132 : Data Encoding T1486 : Data Encrypted for Impact T1530 : Data from Cloud Storage T1602 : Data from Configuration Repository T1213 : Data from Information Repositories T1005 : Data from Local System T1039 : Data from Network Shared Drive T1025 : Data from Removable Media T1565 : Data Manipulation T1001 : Data Obfuscation T1074 : Data Staged T1030 : Data Transfer Size Limits T1622 : Debugger Evasion T1491 : Defacement T1140 : Deobfuscate/Decode Files or Information T1610 : Deploy Container T1587 : Develop Capabilities T1652 : Device Driver Discovery T1006 : Direct Volume Access T1561 : Disk Wipe T1484 : Domain or Tenant Policy Modification T1482 : Domain Trust Discovery T1189 : Drive-by Compromise T1568 : Dynamic Resolution T1114 : Email Collection T1573 : Encrypted Channel T1499 : Endpoint Denial of Service T1611 : Escape to Host T1585 : Establish Accounts T1546 : Event Triggered Execution T1480 : Execution Guardrails T1048 : Exfiltration Over Alternative Protocol T1041 : Exfiltration Over C2 Channel T1011 : Exfiltration Over Other Network Medium T1052 : Exfiltration Over Physical Medium T1567 : Exfiltration Over Web Service T1190 : Exploit Public-Facing Application T1203 : Exploitation for Client Execution T1212 : Exploitation for Credential Access T1211 : Exploitation for Defense Evasion T1068 : Exploitation for Privilege Escalation T1210 : Exploitation of Remote Services T1133 : External Remote Services T1008 : Fallback Channels T1083 : File and Directory Discovery T1222 : File and Directory Permissions Modification T1657 : Financial Theft T1495 : Firmware Corruption T1187 : Forced Authentication T1606 : Forge Web Credentials T1592 : Gather Victim Host Information T1589 : Gather Victim Identity Information T1590 : Gather Victim Network Information T1591 : Gather Victim Org Information T1615 : Group Policy Discovery T1200 : Hardware Additions T1564 : Hide Artifacts T1665 : Hide Infrastructure T1574 : Hijack Execution Flow T1562 : Impair Defenses T1656 : Impersonation T1525 : Implant Internal Image T1070 : Indicator Removal T1202 : Indirect Command Execution T1105 : Ingress Tool Transfer T1490 : Inhibit System Recovery T1056 : Input Capture T1559 : Inter-Process Communication T1534 : Internal Spearphishing T1570 : Lateral Tool Transfer T1654 : Log Enumeration T1036 : Masquerading T1556 : Modify Authentication Process T1578 : Modify Cloud Compute Infrastructure T1112 : Modify Registry T1601 : Modify System Image T1111 : Multi-Factor Authentication Interception T1621 : Multi-Factor Authentication Request Generation T1104 : Multi-Stage Channels T1106 : Native API T1599 : Network Boundary Bridging T1498 : Network Denial of Service T1046 : Network Service Discovery T1135 : Network Share Discovery T1040 : Network Sniffing T1095 : Non-Application Layer Protocol T1571 : Non-Standard Port T1027 : Obfuscated Files or Information T1588 : Obtain Capabilities T1137 : Office Application Startup T1003 : OS Credential Dumping T1201 : Password Policy Discovery T1120 : Peripheral Device Discovery T1069 : Permission Groups Discovery T1566 : Phishing T1598 : Phishing for Information T1647 : Plist File Modification T1653 : Power Settings T1542 : Pre-OS Boot T1057 : Process Discovery T1055 : Process Injection T1572 : Protocol Tunneling T1090 : Proxy T1012 : Query Registry T1620 : Reflective Code Loading T1219 : Remote Access Software T1563 : Remote Service Session Hijacking T1021 : Remote Services T1018 : Remote System Discovery T1091 : Replication Through Removable Media T1496 : Resource Hijacking T1207 : Rogue Domain Controller T1014 : Rootkit T1053 : Scheduled Task/Job T1029 : Scheduled Transfer T1113 : Screen Capture T1597 : Search Closed Sources T1596 : Search Open Technical Databases T1593 : Search Open Websites/Domains T1594 : Search Victim-Owned Websites T1505 : Server Software Component T1648 : Serverless Execution T1489 : Service Stop T1129 : Shared Modules T1072 : Software Deployment Tools T1518 : Software Discovery T1608 : Stage Capabilities T1528 : Steal Application Access Token T1649 : Steal or Forge Authentication Certificates T1558 : Steal or Forge Kerberos Tickets T1539 : Steal Web Session Cookie T1553 : Subvert Trust Controls T1195 : Supply Chain Compromise T1218 : System Binary Proxy Execution T1082 : System Information Discovery T1614 : System Location Discovery T1016 : System Network Configuration Discovery T1049 : System Network Connections Discovery T1033 : System Owner/User Discovery T1216 : System Script Proxy Execution T1007 : System Service Discovery T1569 : System Services T1529 : System Shutdown/Reboot T1124 : System Time Discovery T1080 : Taint Shared Content T1221 : Template Injection T1205 : Traffic Signaling T1537 : Transfer Data to Cloud Account T1127 : Trusted Developer Utilities Proxy Execution T1199 : Trusted Relationship T1552 : Unsecured Credentials T1535 : Unused/Unsupported Cloud Regions T1550 : Use Alternate Authentication Material T1204 : User Execution T1078 : Valid Accounts T1125 : Video Capture T1497 : Virtualization/Sandbox Evasion T1600 : Weaken Encryption T1102 : Web Service T1047 : Windows Management Instrumentation T1220 : XSL Script Processing     ","T1070, T1071, T1083, T1573","After analyzing the provided text, I have identified several MITRE Enterprise attack patterns and mapped them to their corresponding technique IDs. Here are the extracted techniques:

1. **T1059: Command and Scripting Interpreter**: 3PARA RAT uses a command interpreter to execute commands from its C2 servers.
2. **T1041: Exfiltration Over C2 Channel**: The tool communicates with its C2 servers via HTTP, which is used for exfiltrating data.
3. **T1557: Adversary-in-the-Middle**: 3PARA RAT can intercept and modify commands sent from the C2 server to the compromised system.
4. **T1071: Application Layer Protocol**: The tool uses HTTP as its communication protocol with the C2 servers.
5. **T1548: Abuse Elevation Control Mechanism**: 3PARA RAT attempts to elevate privileges on the compromised system by modifying file attributes and timestamps.

Here are the main technique IDs, excluding subtechnique IDs, separated by commas:

T1059,T1041,T1557,T1071,T1548","T1041, T1059, T1071, T1548, T1557",T1071,"T1041, T1059, T1548, T1557","T1070, T1083, T1573",0.2,0.25,0.2222222222222222,extra predicted IDs / false positives; missed gold IDs / false negatives,4,5,1,4,3,7,,,
38,Enterprise,"FRAMESTING is a Python-based web shell used during the Cutting Edge campaign to infiltrate Ivanti Connect Secure environments by embedding itself into a Python package for command execution. FRAMESTING can retrieve command and control (C2) instructions from values stored in the DSID cookie of an HTTP request or from decompressed zlib data within the request's POST data. It is specifically designed to embed itself within the CAV Python package of an Ivanti Connect Secure VPN, located at `/home/venv3/lib/python3.6/site-packages/cav-0.1-py3.6.egg/cav/api/resources/category.py`. The web shell can send and receive zlib-compressed data through POST requests and decompress incoming data for processing. FRAMESTING enables the execution of arbitrary commands on compromised Ivanti Connect Secure VPNs.","Extract all MITRE Enterprise attack patterns from the following text and map them to their corresponding MITRE technique IDs. Provide reasoning for each identification. Ensure the final line contains only the IDs for the main techniques, separated by commas, excluding any subtechnique IDs. MITRE Enterprise IDs are given below as reference.  **Text:** FRAMESTING is a Python-based web shell used during the Cutting Edge campaign to infiltrate Ivanti Connect Secure environments by embedding itself into a Python package for command execution. FRAMESTING can retrieve command and control (C2) instructions from values stored in the DSID cookie of an HTTP request or from decompressed zlib data within the request's POST data. It is specifically designed to embed itself within the CAV Python package of an Ivanti Connect Secure VPN, located at `/home/venv3/lib/python3.6/site-packages/cav-0.1-py3.6.egg/cav/api/resources/category.py`. The web shell can send and receive zlib-compressed data through POST requests and decompress incoming data for processing. FRAMESTING enables the execution of arbitrary commands on compromised Ivanti Connect Secure VPNs.  **List of All MITRE Enterprise technique IDs** ID    : Name T1548 : Abuse Elevation Control Mechanism T1134 : Access Token Manipulation T1531 : Account Access Removal T1087 : Account Discovery T1098 : Account Manipulation T1650 : Acquire Access T1583 : Acquire Infrastructure T1595 : Active Scanning T1557 : Adversary-in-the-Middle T1071 : Application Layer Protocol T1010 : Application Window Discovery T1560 : Archive Collected Data T1123 : Audio Capture T1119 : Automated Collection T1020 : Automated Exfiltration T1197 : BITS Jobs T1547 : Boot or Logon Autostart Execution T1037 : Boot or Logon Initialization Scripts T1176 : Browser Extensions T1217 : Browser Information Discovery T1185 : Browser Session Hijacking T1110 : Brute Force T1612 : Build Image on Host T1115 : Clipboard Data T1651 : Cloud Administration Command T1580 : Cloud Infrastructure Discovery T1538 : Cloud Service Dashboard T1526 : Cloud Service Discovery T1619 : Cloud Storage Object Discovery T1059 : Command and Scripting Interpreter T1092 : Communication Through Removable Media T1586 : Compromise Accounts T1554 : Compromise Host Software Binary T1584 : Compromise Infrastructure T1609 : Container Administration Command T1613 : Container and Resource Discovery T1659 : Content Injection T1136 : Create Account T1543 : Create or Modify System Process T1555 : Credentials from Password Stores T1485 : Data Destruction T1132 : Data Encoding T1486 : Data Encrypted for Impact T1530 : Data from Cloud Storage T1602 : Data from Configuration Repository T1213 : Data from Information Repositories T1005 : Data from Local System T1039 : Data from Network Shared Drive T1025 : Data from Removable Media T1565 : Data Manipulation T1001 : Data Obfuscation T1074 : Data Staged T1030 : Data Transfer Size Limits T1622 : Debugger Evasion T1491 : Defacement T1140 : Deobfuscate/Decode Files or Information T1610 : Deploy Container T1587 : Develop Capabilities T1652 : Device Driver Discovery T1006 : Direct Volume Access T1561 : Disk Wipe T1484 : Domain or Tenant Policy Modification T1482 : Domain Trust Discovery T1189 : Drive-by Compromise T1568 : Dynamic Resolution T1114 : Email Collection T1573 : Encrypted Channel T1499 : Endpoint Denial of Service T1611 : Escape to Host T1585 : Establish Accounts T1546 : Event Triggered Execution T1480 : Execution Guardrails T1048 : Exfiltration Over Alternative Protocol T1041 : Exfiltration Over C2 Channel T1011 : Exfiltration Over Other Network Medium T1052 : Exfiltration Over Physical Medium T1567 : Exfiltration Over Web Service T1190 : Exploit Public-Facing Application T1203 : Exploitation for Client Execution T1212 : Exploitation for Credential Access T1211 : Exploitation for Defense Evasion T1068 : Exploitation for Privilege Escalation T1210 : Exploitation of Remote Services T1133 : External Remote Services T1008 : Fallback Channels T1083 : File and Directory Discovery T1222 : File and Directory Permissions Modification T1657 : Financial Theft T1495 : Firmware Corruption T1187 : Forced Authentication T1606 : Forge Web Credentials T1592 : Gather Victim Host Information T1589 : Gather Victim Identity Information T1590 : Gather Victim Network Information T1591 : Gather Victim Org Information T1615 : Group Policy Discovery T1200 : Hardware Additions T1564 : Hide Artifacts T1665 : Hide Infrastructure T1574 : Hijack Execution Flow T1562 : Impair Defenses T1656 : Impersonation T1525 : Implant Internal Image T1070 : Indicator Removal T1202 : Indirect Command Execution T1105 : Ingress Tool Transfer T1490 : Inhibit System Recovery T1056 : Input Capture T1559 : Inter-Process Communication T1534 : Internal Spearphishing T1570 : Lateral Tool Transfer T1654 : Log Enumeration T1036 : Masquerading T1556 : Modify Authentication Process T1578 : Modify Cloud Compute Infrastructure T1112 : Modify Registry T1601 : Modify System Image T1111 : Multi-Factor Authentication Interception T1621 : Multi-Factor Authentication Request Generation T1104 : Multi-Stage Channels T1106 : Native API T1599 : Network Boundary Bridging T1498 : Network Denial of Service T1046 : Network Service Discovery T1135 : Network Share Discovery T1040 : Network Sniffing T1095 : Non-Application Layer Protocol T1571 : Non-Standard Port T1027 : Obfuscated Files or Information T1588 : Obtain Capabilities T1137 : Office Application Startup T1003 : OS Credential Dumping T1201 : Password Policy Discovery T1120 : Peripheral Device Discovery T1069 : Permission Groups Discovery T1566 : Phishing T1598 : Phishing for Information T1647 : Plist File Modification T1653 : Power Settings T1542 : Pre-OS Boot T1057 : Process Discovery T1055 : Process Injection T1572 : Protocol Tunneling T1090 : Proxy T1012 : Query Registry T1620 : Reflective Code Loading T1219 : Remote Access Software T1563 : Remote Service Session Hijacking T1021 : Remote Services T1018 : Remote System Discovery T1091 : Replication Through Removable Media T1496 : Resource Hijacking T1207 : Rogue Domain Controller T1014 : Rootkit T1053 : Scheduled Task/Job T1029 : Scheduled Transfer T1113 : Screen Capture T1597 : Search Closed Sources T1596 : Search Open Technical Databases T1593 : Search Open Websites/Domains T1594 : Search Victim-Owned Websites T1505 : Server Software Component T1648 : Serverless Execution T1489 : Service Stop T1129 : Shared Modules T1072 : Software Deployment Tools T1518 : Software Discovery T1608 : Stage Capabilities T1528 : Steal Application Access Token T1649 : Steal or Forge Authentication Certificates T1558 : Steal or Forge Kerberos Tickets T1539 : Steal Web Session Cookie T1553 : Subvert Trust Controls T1195 : Supply Chain Compromise T1218 : System Binary Proxy Execution T1082 : System Information Discovery T1614 : System Location Discovery T1016 : System Network Configuration Discovery T1049 : System Network Connections Discovery T1033 : System Owner/User Discovery T1216 : System Script Proxy Execution T1007 : System Service Discovery T1569 : System Services T1529 : System Shutdown/Reboot T1124 : System Time Discovery T1080 : Taint Shared Content T1221 : Template Injection T1205 : Traffic Signaling T1537 : Transfer Data to Cloud Account T1127 : Trusted Developer Utilities Proxy Execution T1199 : Trusted Relationship T1552 : Unsecured Credentials T1535 : Unused/Unsupported Cloud Regions T1550 : Use Alternate Authentication Material T1204 : User Execution T1078 : Valid Accounts T1125 : Video Capture T1497 : Virtualization/Sandbox Evasion T1600 : Weaken Encryption T1102 : Web Service T1047 : Windows Management Instrumentation T1220 : XSL Script Processing     ","T1001, T1059, T1071, T1140, T1505, T1554","After analyzing the provided text, I have identified the following MITRE Enterprise attack patterns and mapped them to their corresponding technique IDs:

1. **T1059: Command and Scripting Interpreter**: FRAMESTING is a Python-based web shell that executes arbitrary commands on compromised Ivanti Connect Secure VPNs.
2. **T1041: Exfiltration Over C2 Channel**: The web shell can send and receive zlib-compressed data through POST requests, which implies exfiltration of data over a C2 channel.
3. **T1057: Process Discovery**: FRAMESTING enables the execution of arbitrary commands on compromised Ivanti Connect Secure VPNs, implying process discovery to identify potential targets for exploitation.

The corresponding MITRE Enterprise technique IDs (excluding subtechnique IDs) are:

T1059, T1041, T1057","T1041, T1057, T1059",T1059,"T1041, T1057","T1001, T1071, T1140, T1505, T1554",0.3333333333333333,0.1666666666666666,0.2222222222222222,extra predicted IDs / false positives; missed gold IDs / false negatives,6,3,1,2,5,7,,,
22,Enterprise,"AppleJeus is a malware family of downloaders first discovered in 2018, embedded within trojanized cryptocurrency applications. This malware, attributed to the Lazarus Group, has targeted organizations in various sectors, including energy, finance, government, technology, and telecommunications, across multiple countries such as the United States, United Kingdom, South Korea, Australia, Brazil, New Zealand, and Russia. AppleJeus has been used to distribute the FALLCHILL Remote Access Trojan (RAT). AppleJeus has the capability to present a User Account Control (UAC) prompt to elevate privileges during installation. It communicates with its command and control (C2) server via POST requests and uses shell scripts to execute commands and establish persistence after installation. The malware can install itself as a service and has been observed decoding files received from its C2 server. During installation, AppleJeus uses post-installation scripts to extract a hidden plist file from the application's /Resources folder, which is then executed as a Launch Daemon with elevated permissions. Additionally, it exfiltrates collected host information to its C2 server.","Extract all MITRE Enterprise attack patterns from the following text and map them to their corresponding MITRE technique IDs. Provide reasoning for each identification. Ensure the final line contains only the IDs for the main techniques, separated by commas, excluding any subtechnique IDs. MITRE Enterprise IDs are given below as reference.  **Text:** AppleJeus is a malware family of downloaders first discovered in 2018, embedded within trojanized cryptocurrency applications. This malware, attributed to the Lazarus Group, has targeted organizations in various sectors, including energy, finance, government, technology, and telecommunications, across multiple countries such as the United States, United Kingdom, South Korea, Australia, Brazil, New Zealand, and Russia. AppleJeus has been used to distribute the FALLCHILL Remote Access Trojan (RAT). AppleJeus has the capability to present a User Account Control (UAC) prompt to elevate privileges during installation. It communicates with its command and control (C2) server via POST requests and uses shell scripts to execute commands and establish persistence after installation. The malware can install itself as a service and has been observed decoding files received from its C2 server. During installation, AppleJeus uses post-installation scripts to extract a hidden plist file from the application's /Resources folder, which is then executed as a Launch Daemon with elevated permissions. Additionally, it exfiltrates collected host information to its C2 server.  **List of All MITRE Enterprise technique IDs** ID    : Name T1548 : Abuse Elevation Control Mechanism T1134 : Access Token Manipulation T1531 : Account Access Removal T1087 : Account Discovery T1098 : Account Manipulation T1650 : Acquire Access T1583 : Acquire Infrastructure T1595 : Active Scanning T1557 : Adversary-in-the-Middle T1071 : Application Layer Protocol T1010 : Application Window Discovery T1560 : Archive Collected Data T1123 : Audio Capture T1119 : Automated Collection T1020 : Automated Exfiltration T1197 : BITS Jobs T1547 : Boot or Logon Autostart Execution T1037 : Boot or Logon Initialization Scripts T1176 : Browser Extensions T1217 : Browser Information Discovery T1185 : Browser Session Hijacking T1110 : Brute Force T1612 : Build Image on Host T1115 : Clipboard Data T1651 : Cloud Administration Command T1580 : Cloud Infrastructure Discovery T1538 : Cloud Service Dashboard T1526 : Cloud Service Discovery T1619 : Cloud Storage Object Discovery T1059 : Command and Scripting Interpreter T1092 : Communication Through Removable Media T1586 : Compromise Accounts T1554 : Compromise Host Software Binary T1584 : Compromise Infrastructure T1609 : Container Administration Command T1613 : Container and Resource Discovery T1659 : Content Injection T1136 : Create Account T1543 : Create or Modify System Process T1555 : Credentials from Password Stores T1485 : Data Destruction T1132 : Data Encoding T1486 : Data Encrypted for Impact T1530 : Data from Cloud Storage T1602 : Data from Configuration Repository T1213 : Data from Information Repositories T1005 : Data from Local System T1039 : Data from Network Shared Drive T1025 : Data from Removable Media T1565 : Data Manipulation T1001 : Data Obfuscation T1074 : Data Staged T1030 : Data Transfer Size Limits T1622 : Debugger Evasion T1491 : Defacement T1140 : Deobfuscate/Decode Files or Information T1610 : Deploy Container T1587 : Develop Capabilities T1652 : Device Driver Discovery T1006 : Direct Volume Access T1561 : Disk Wipe T1484 : Domain or Tenant Policy Modification T1482 : Domain Trust Discovery T1189 : Drive-by Compromise T1568 : Dynamic Resolution T1114 : Email Collection T1573 : Encrypted Channel T1499 : Endpoint Denial of Service T1611 : Escape to Host T1585 : Establish Accounts T1546 : Event Triggered Execution T1480 : Execution Guardrails T1048 : Exfiltration Over Alternative Protocol T1041 : Exfiltration Over C2 Channel T1011 : Exfiltration Over Other Network Medium T1052 : Exfiltration Over Physical Medium T1567 : Exfiltration Over Web Service T1190 : Exploit Public-Facing Application T1203 : Exploitation for Client Execution T1212 : Exploitation for Credential Access T1211 : Exploitation for Defense Evasion T1068 : Exploitation for Privilege Escalation T1210 : Exploitation of Remote Services T1133 : External Remote Services T1008 : Fallback Channels T1083 : File and Directory Discovery T1222 : File and Directory Permissions Modification T1657 : Financial Theft T1495 : Firmware Corruption T1187 : Forced Authentication T1606 : Forge Web Credentials T1592 : Gather Victim Host Information T1589 : Gather Victim Identity Information T1590 : Gather Victim Network Information T1591 : Gather Victim Org Information T1615 : Group Policy Discovery T1200 : Hardware Additions T1564 : Hide Artifacts T1665 : Hide Infrastructure T1574 : Hijack Execution Flow T1562 : Impair Defenses T1656 : Impersonation T1525 : Implant Internal Image T1070 : Indicator Removal T1202 : Indirect Command Execution T1105 : Ingress Tool Transfer T1490 : Inhibit System Recovery T1056 : Input Capture T1559 : Inter-Process Communication T1534 : Internal Spearphishing T1570 : Lateral Tool Transfer T1654 : Log Enumeration T1036 : Masquerading T1556 : Modify Authentication Process T1578 : Modify Cloud Compute Infrastructure T1112 : Modify Registry T1601 : Modify System Image T1111 : Multi-Factor Authentication Interception T1621 : Multi-Factor Authentication Request Generation T1104 : Multi-Stage Channels T1106 : Native API T1599 : Network Boundary Bridging T1498 : Network Denial of Service T1046 : Network Service Discovery T1135 : Network Share Discovery T1040 : Network Sniffing T1095 : Non-Application Layer Protocol T1571 : Non-Standard Port T1027 : Obfuscated Files or Information T1588 : Obtain Capabilities T1137 : Office Application Startup T1003 : OS Credential Dumping T1201 : Password Policy Discovery T1120 : Peripheral Device Discovery T1069 : Permission Groups Discovery T1566 : Phishing T1598 : Phishing for Information T1647 : Plist File Modification T1653 : Power Settings T1542 : Pre-OS Boot T1057 : Process Discovery T1055 : Process Injection T1572 : Protocol Tunneling T1090 : Proxy T1012 : Query Registry T1620 : Reflective Code Loading T1219 : Remote Access Software T1563 : Remote Service Session Hijacking T1021 : Remote Services T1018 : Remote System Discovery T1091 : Replication Through Removable Media T1496 : Resource Hijacking T1207 : Rogue Domain Controller T1014 : Rootkit T1053 : Scheduled Task/Job T1029 : Scheduled Transfer T1113 : Screen Capture T1597 : Search Closed Sources T1596 : Search Open Technical Databases T1593 : Search Open Websites/Domains T1594 : Search Victim-Owned Websites T1505 : Server Software Component T1648 : Serverless Execution T1489 : Service Stop T1129 : Shared Modules T1072 : Software Deployment Tools T1518 : Software Discovery T1608 : Stage Capabilities T1528 : Steal Application Access Token T1649 : Steal or Forge Authentication Certificates T1558 : Steal or Forge Kerberos Tickets T1539 : Steal Web Session Cookie T1553 : Subvert Trust Controls T1195 : Supply Chain Compromise T1218 : System Binary Proxy Execution T1082 : System Information Discovery T1614 : System Location Discovery T1016 : System Network Configuration Discovery T1049 : System Network Connections Discovery T1033 : System Owner/User Discovery T1216 : System Script Proxy Execution T1007 : System Service Discovery T1569 : System Services T1529 : System Shutdown/Reboot T1124 : System Time Discovery T1080 : Taint Shared Content T1221 : Template Injection T1205 : Traffic Signaling T1537 : Transfer Data to Cloud Account T1127 : Trusted Developer Utilities Proxy Execution T1199 : Trusted Relationship T1552 : Unsecured Credentials T1535 : Unused/Unsupported Cloud Regions T1550 : Use Alternate Authentication Material T1204 : User Execution T1078 : Valid Accounts T1125 : Video Capture T1497 : Virtualization/Sandbox Evasion T1600 : Weaken Encryption T1102 : Web Service T1047 : Windows Management Instrumentation T1220 : XSL Script Processing     ","T1041, T1059, T1071, T1140, T1543, T1546, T1548","After analyzing the text, I have identified the following MITRE Enterprise attack patterns and mapped them to their corresponding technique IDs:

1. **T1548: Abuse Elevation Control Mechanism** - AppleJeus presents a User Account Control (UAC) prompt to elevate privileges during installation.
2. **T1134: Access Token Manipulation** - Not explicitly mentioned, but the malware uses shell scripts to execute commands and establish persistence after installation, which may involve manipulating access tokens.
3. **T1531: Account Access Removal** - Not applicable, as there is no mention of removing account access.
4. **T1087: Account Discovery** - AppleJeus collects host information, including user accounts, and exfiltrates it to its C2 server.
5. **T1098: Account Manipulation** - The malware uses post-installation scripts to extract a hidden plist file from the application's /Resources folder, which is then executed as a Launch Daemon with elevated permissions, potentially manipulating system accounts.
6. **T1650: Acquire Access** - AppleJeus acquires access to the victim's system by installing itself as a service and establishing persistence.
7. **T1583: Acquire Infrastructure** - The malware communicates with its C2 server via POST requests, indicating that it has acquired infrastructure for command and control.
8. **T1595: Active Scanning** - Not applicable, as there is no mention of active scanning.
9. **T1557: Adversary-in-the-Middle** - Not applicable, as this technique involves intercepting communication between two parties, which is not mentioned in the text.
10. **T1071: Application Layer Protocol** - AppleJeus communicates with its C2 server via POST requests, using an application layer protocol.

The main techniques identified are:

T1548, T1087, T1098, T1650, T1583, T1071","T1071, T1087, T1098, T1134, T1531, T1548, T1557, T1583, T1595, T1650","T1071, T1548","T1087, T1098, T1134, T1531, T1557, T1583, T1595, T1650","T1041, T1059, T1140, T1543, T1546",0.2,0.2857142857142857,0.2352941176470588,extra predicted IDs / false positives; missed gold IDs / false negatives,7,10,2,8,5,13,,,
23,Enterprise,"AppleSeed is a backdoor used by the Kimsuky group to target South Korean government, academic, and commercial entities since at least 2021.  AppleSeed can escalate its privileges to the system level by passing the SeDebugPrivilege to the AdjustTokenPrivilege API. It communicates with its command and control (C2) server over HTTP and compresses collected data before exfiltration. The malware is capable of automatically gathering data from USB drives, keystrokes, and screen captures prior to exfiltration. For persistence, AppleSeed creates the Registry key `EstsoftAutoUpdate` at `HKCU\Software\Microsoft\Windows\CurrentVersion\RunOnce`. It can also execute its payload via PowerShell, collect data from compromised hosts, and locate and extract information from removable media devices.","Extract all MITRE Enterprise attack patterns from the following text and map them to their corresponding MITRE technique IDs. Provide reasoning for each identification. Ensure the final line contains only the IDs for the main techniques, separated by commas, excluding any subtechnique IDs. MITRE Enterprise IDs are given below as reference.  **Text:** AppleSeed is a backdoor used by the Kimsuky group to target South Korean government, academic, and commercial entities since at least 2021.  AppleSeed can escalate its privileges to the system level by passing the SeDebugPrivilege to the AdjustTokenPrivilege API. It communicates with its command and control (C2) server over HTTP and compresses collected data before exfiltration. The malware is capable of automatically gathering data from USB drives, keystrokes, and screen captures prior to exfiltration. For persistence, AppleSeed creates the Registry key `EstsoftAutoUpdate` at `HKCU\Software\Microsoft\Windows\CurrentVersion\RunOnce`. It can also execute its payload via PowerShell, collect data from compromised hosts, and locate and extract information from removable media devices.  **List of All MITRE Enterprise technique IDs** ID    : Name T1548 : Abuse Elevation Control Mechanism T1134 : Access Token Manipulation T1531 : Account Access Removal T1087 : Account Discovery T1098 : Account Manipulation T1650 : Acquire Access T1583 : Acquire Infrastructure T1595 : Active Scanning T1557 : Adversary-in-the-Middle T1071 : Application Layer Protocol T1010 : Application Window Discovery T1560 : Archive Collected Data T1123 : Audio Capture T1119 : Automated Collection T1020 : Automated Exfiltration T1197 : BITS Jobs T1547 : Boot or Logon Autostart Execution T1037 : Boot or Logon Initialization Scripts T1176 : Browser Extensions T1217 : Browser Information Discovery T1185 : Browser Session Hijacking T1110 : Brute Force T1612 : Build Image on Host T1115 : Clipboard Data T1651 : Cloud Administration Command T1580 : Cloud Infrastructure Discovery T1538 : Cloud Service Dashboard T1526 : Cloud Service Discovery T1619 : Cloud Storage Object Discovery T1059 : Command and Scripting Interpreter T1092 : Communication Through Removable Media T1586 : Compromise Accounts T1554 : Compromise Host Software Binary T1584 : Compromise Infrastructure T1609 : Container Administration Command T1613 : Container and Resource Discovery T1659 : Content Injection T1136 : Create Account T1543 : Create or Modify System Process T1555 : Credentials from Password Stores T1485 : Data Destruction T1132 : Data Encoding T1486 : Data Encrypted for Impact T1530 : Data from Cloud Storage T1602 : Data from Configuration Repository T1213 : Data from Information Repositories T1005 : Data from Local System T1039 : Data from Network Shared Drive T1025 : Data from Removable Media T1565 : Data Manipulation T1001 : Data Obfuscation T1074 : Data Staged T1030 : Data Transfer Size Limits T1622 : Debugger Evasion T1491 : Defacement T1140 : Deobfuscate/Decode Files or Information T1610 : Deploy Container T1587 : Develop Capabilities T1652 : Device Driver Discovery T1006 : Direct Volume Access T1561 : Disk Wipe T1484 : Domain or Tenant Policy Modification T1482 : Domain Trust Discovery T1189 : Drive-by Compromise T1568 : Dynamic Resolution T1114 : Email Collection T1573 : Encrypted Channel T1499 : Endpoint Denial of Service T1611 : Escape to Host T1585 : Establish Accounts T1546 : Event Triggered Execution T1480 : Execution Guardrails T1048 : Exfiltration Over Alternative Protocol T1041 : Exfiltration Over C2 Channel T1011 : Exfiltration Over Other Network Medium T1052 : Exfiltration Over Physical Medium T1567 : Exfiltration Over Web Service T1190 : Exploit Public-Facing Application T1203 : Exploitation for Client Execution T1212 : Exploitation for Credential Access T1211 : Exploitation for Defense Evasion T1068 : Exploitation for Privilege Escalation T1210 : Exploitation of Remote Services T1133 : External Remote Services T1008 : Fallback Channels T1083 : File and Directory Discovery T1222 : File and Directory Permissions Modification T1657 : Financial Theft T1495 : Firmware Corruption T1187 : Forced Authentication T1606 : Forge Web Credentials T1592 : Gather Victim Host Information T1589 : Gather Victim Identity Information T1590 : Gather Victim Network Information T1591 : Gather Victim Org Information T1615 : Group Policy Discovery T1200 : Hardware Additions T1564 : Hide Artifacts T1665 : Hide Infrastructure T1574 : Hijack Execution Flow T1562 : Impair Defenses T1656 : Impersonation T1525 : Implant Internal Image T1070 : Indicator Removal T1202 : Indirect Command Execution T1105 : Ingress Tool Transfer T1490 : Inhibit System Recovery T1056 : Input Capture T1559 : Inter-Process Communication T1534 : Internal Spearphishing T1570 : Lateral Tool Transfer T1654 : Log Enumeration T1036 : Masquerading T1556 : Modify Authentication Process T1578 : Modify Cloud Compute Infrastructure T1112 : Modify Registry T1601 : Modify System Image T1111 : Multi-Factor Authentication Interception T1621 : Multi-Factor Authentication Request Generation T1104 : Multi-Stage Channels T1106 : Native API T1599 : Network Boundary Bridging T1498 : Network Denial of Service T1046 : Network Service Discovery T1135 : Network Share Discovery T1040 : Network Sniffing T1095 : Non-Application Layer Protocol T1571 : Non-Standard Port T1027 : Obfuscated Files or Information T1588 : Obtain Capabilities T1137 : Office Application Startup T1003 : OS Credential Dumping T1201 : Password Policy Discovery T1120 : Peripheral Device Discovery T1069 : Permission Groups Discovery T1566 : Phishing T1598 : Phishing for Information T1647 : Plist File Modification T1653 : Power Settings T1542 : Pre-OS Boot T1057 : Process Discovery T1055 : Process Injection T1572 : Protocol Tunneling T1090 : Proxy T1012 : Query Registry T1620 : Reflective Code Loading T1219 : Remote Access Software T1563 : Remote Service Session Hijacking T1021 : Remote Services T1018 : Remote System Discovery T1091 : Replication Through Removable Media T1496 : Resource Hijacking T1207 : Rogue Domain Controller T1014 : Rootkit T1053 : Scheduled Task/Job T1029 : Scheduled Transfer T1113 : Screen Capture T1597 : Search Closed Sources T1596 : Search Open Technical Databases T1593 : Search Open Websites/Domains T1594 : Search Victim-Owned Websites T1505 : Server Software Component T1648 : Serverless Execution T1489 : Service Stop T1129 : Shared Modules T1072 : Software Deployment Tools T1518 : Software Discovery T1608 : Stage Capabilities T1528 : Steal Application Access Token T1649 : Steal or Forge Authentication Certificates T1558 : Steal or Forge Kerberos Tickets T1539 : Steal Web Session Cookie T1553 : Subvert Trust Controls T1195 : Supply Chain Compromise T1218 : System Binary Proxy Execution T1082 : System Information Discovery T1614 : System Location Discovery T1016 : System Network Configuration Discovery T1049 : System Network Connections Discovery T1033 : System Owner/User Discovery T1216 : System Script Proxy Execution T1007 : System Service Discovery T1569 : System Services T1529 : System Shutdown/Reboot T1124 : System Time Discovery T1080 : Taint Shared Content T1221 : Template Injection T1205 : Traffic Signaling T1537 : Transfer Data to Cloud Account T1127 : Trusted Developer Utilities Proxy Execution T1199 : Trusted Relationship T1552 : Unsecured Credentials T1535 : Unused/Unsupported Cloud Regions T1550 : Use Alternate Authentication Material T1204 : User Execution T1078 : Valid Accounts T1125 : Video Capture T1497 : Virtualization/Sandbox Evasion T1600 : Weaken Encryption T1102 : Web Service T1047 : Windows Management Instrumentation T1220 : XSL Script Processing     ","T1005, T1025, T1059, T1071, T1119, T1134, T1547, T1560","Here are the MITRE Enterprise attack patterns extracted from the text, mapped to their corresponding technique IDs:

1. **T1548**: Abuse Elevation Control Mechanism - AppleSeed escalates its privileges by passing the SeDebugPrivilege to the AdjustTokenPrivilege API.
2. **T1134**: Access Token Manipulation - AppleSeed manipulates access tokens to gain elevated privileges.
3. **T1530**: Data from Cloud Storage - AppleSeed collects data from cloud storage services.
4. **T1565**: Data Manipulation - AppleSeed compresses collected data before exfiltration, which is a form of data manipulation.
5. **T1048**: Exfiltration Over Alternative Protocol - AppleSeed communicates with its C2 server over HTTP, which is an alternative protocol for exfiltration.
6. **T1059**: Command and Scripting Interpreter - AppleSeed executes its payload via PowerShell, which is a command and scripting interpreter.
7. **T1092**: Communication Through Removable Media - AppleSeed collects data from USB drives, which involves communication through removable media.
8. **T1543**: Create or Modify System Process - AppleSeed creates the Registry key `EstsoftAutoUpdate` at `HKCU\Software\Microsoft\Windows\CurrentVersion\RunOnce`, which is a system process modification.
9. **T1555**: Credentials from Password Stores - AppleSeed collects credentials from password stores, such as keystrokes and screen captures.

Here are the main technique IDs, separated by commas:

T1548, T1134, T1048, T1059, T1092, T1543","T1048, T1059, T1092, T1134, T1530, T1543, T1548, T1555, T1565","T1059, T1134","T1048, T1092, T1530, T1543, T1548, T1555, T1565","T1005, T1025, T1071, T1119, T1547, T1560",0.2222222222222222,0.25,0.2352941176470588,extra predicted IDs / false positives; missed gold IDs / false negatives,8,9,2,7,6,13,,,
31,Enterprise,"DarkGate, first identified in 2018, has evolved into a versatile tool used in various criminal cyber operations, including initial access, data gathering, credential theft, cryptomining, cryptotheft, and pre-ransomware activities. Written in Delphi and named by its author, DarkGate has seen a significant increase in use since 2022 and is actively being developed as a Malware-as-a-Service (MaaS) offering. DarkGate employs two distinct User Account Control (UAC) bypass techniques to escalate privileges and utilizes parent PID spoofing as part of its ""rootkit-like"" features to evade detection by tools like Task Manager or Process Explorer. During execution, the malware elevates accounts it creates to the local administrator group. The command and control (C2) infrastructure of DarkGate includes hard-coded domains designed to mimic legitimate services like Akamai CDN or Amazon Web Services. It also disguises C2 traffic within DNS records associated with legitimate services to evade reputation-based detection. DarkGate is capable of searching for cryptocurrency wallets by scanning application window names for specific strings and uses the FindWindow API function to extract data collected via NirSoft tools from the hosting process's memory. When stored credentials linked to cryptocurrency wallets are identified, DarkGate alerts its C2 server.","Extract all MITRE Enterprise attack patterns from the following text and map them to their corresponding MITRE technique IDs. Provide reasoning for each identification. Ensure the final line contains only the IDs for the main techniques, separated by commas, excluding any subtechnique IDs. MITRE Enterprise IDs are given below as reference.  **Text:** DarkGate, first identified in 2018, has evolved into a versatile tool used in various criminal cyber operations, including initial access, data gathering, credential theft, cryptomining, cryptotheft, and pre-ransomware activities. Written in Delphi and named by its author, DarkGate has seen a significant increase in use since 2022 and is actively being developed as a Malware-as-a-Service (MaaS) offering. DarkGate employs two distinct User Account Control (UAC) bypass techniques to escalate privileges and utilizes parent PID spoofing as part of its ""rootkit-like"" features to evade detection by tools like Task Manager or Process Explorer. During execution, the malware elevates accounts it creates to the local administrator group. The command and control (C2) infrastructure of DarkGate includes hard-coded domains designed to mimic legitimate services like Akamai CDN or Amazon Web Services. It also disguises C2 traffic within DNS records associated with legitimate services to evade reputation-based detection. DarkGate is capable of searching for cryptocurrency wallets by scanning application window names for specific strings and uses the FindWindow API function to extract data collected via NirSoft tools from the hosting process's memory. When stored credentials linked to cryptocurrency wallets are identified, DarkGate alerts its C2 server.  **List of All MITRE Enterprise technique IDs** ID    : Name T1548 : Abuse Elevation Control Mechanism T1134 : Access Token Manipulation T1531 : Account Access Removal T1087 : Account Discovery T1098 : Account Manipulation T1650 : Acquire Access T1583 : Acquire Infrastructure T1595 : Active Scanning T1557 : Adversary-in-the-Middle T1071 : Application Layer Protocol T1010 : Application Window Discovery T1560 : Archive Collected Data T1123 : Audio Capture T1119 : Automated Collection T1020 : Automated Exfiltration T1197 : BITS Jobs T1547 : Boot or Logon Autostart Execution T1037 : Boot or Logon Initialization Scripts T1176 : Browser Extensions T1217 : Browser Information Discovery T1185 : Browser Session Hijacking T1110 : Brute Force T1612 : Build Image on Host T1115 : Clipboard Data T1651 : Cloud Administration Command T1580 : Cloud Infrastructure Discovery T1538 : Cloud Service Dashboard T1526 : Cloud Service Discovery T1619 : Cloud Storage Object Discovery T1059 : Command and Scripting Interpreter T1092 : Communication Through Removable Media T1586 : Compromise Accounts T1554 : Compromise Host Software Binary T1584 : Compromise Infrastructure T1609 : Container Administration Command T1613 : Container and Resource Discovery T1659 : Content Injection T1136 : Create Account T1543 : Create or Modify System Process T1555 : Credentials from Password Stores T1485 : Data Destruction T1132 : Data Encoding T1486 : Data Encrypted for Impact T1530 : Data from Cloud Storage T1602 : Data from Configuration Repository T1213 : Data from Information Repositories T1005 : Data from Local System T1039 : Data from Network Shared Drive T1025 : Data from Removable Media T1565 : Data Manipulation T1001 : Data Obfuscation T1074 : Data Staged T1030 : Data Transfer Size Limits T1622 : Debugger Evasion T1491 : Defacement T1140 : Deobfuscate/Decode Files or Information T1610 : Deploy Container T1587 : Develop Capabilities T1652 : Device Driver Discovery T1006 : Direct Volume Access T1561 : Disk Wipe T1484 : Domain or Tenant Policy Modification T1482 : Domain Trust Discovery T1189 : Drive-by Compromise T1568 : Dynamic Resolution T1114 : Email Collection T1573 : Encrypted Channel T1499 : Endpoint Denial of Service T1611 : Escape to Host T1585 : Establish Accounts T1546 : Event Triggered Execution T1480 : Execution Guardrails T1048 : Exfiltration Over Alternative Protocol T1041 : Exfiltration Over C2 Channel T1011 : Exfiltration Over Other Network Medium T1052 : Exfiltration Over Physical Medium T1567 : Exfiltration Over Web Service T1190 : Exploit Public-Facing Application T1203 : Exploitation for Client Execution T1212 : Exploitation for Credential Access T1211 : Exploitation for Defense Evasion T1068 : Exploitation for Privilege Escalation T1210 : Exploitation of Remote Services T1133 : External Remote Services T1008 : Fallback Channels T1083 : File and Directory Discovery T1222 : File and Directory Permissions Modification T1657 : Financial Theft T1495 : Firmware Corruption T1187 : Forced Authentication T1606 : Forge Web Credentials T1592 : Gather Victim Host Information T1589 : Gather Victim Identity Information T1590 : Gather Victim Network Information T1591 : Gather Victim Org Information T1615 : Group Policy Discovery T1200 : Hardware Additions T1564 : Hide Artifacts T1665 : Hide Infrastructure T1574 : Hijack Execution Flow T1562 : Impair Defenses T1656 : Impersonation T1525 : Implant Internal Image T1070 : Indicator Removal T1202 : Indirect Command Execution T1105 : Ingress Tool Transfer T1490 : Inhibit System Recovery T1056 : Input Capture T1559 : Inter-Process Communication T1534 : Internal Spearphishing T1570 : Lateral Tool Transfer T1654 : Log Enumeration T1036 : Masquerading T1556 : Modify Authentication Process T1578 : Modify Cloud Compute Infrastructure T1112 : Modify Registry T1601 : Modify System Image T1111 : Multi-Factor Authentication Interception T1621 : Multi-Factor Authentication Request Generation T1104 : Multi-Stage Channels T1106 : Native API T1599 : Network Boundary Bridging T1498 : Network Denial of Service T1046 : Network Service Discovery T1135 : Network Share Discovery T1040 : Network Sniffing T1095 : Non-Application Layer Protocol T1571 : Non-Standard Port T1027 : Obfuscated Files or Information T1588 : Obtain Capabilities T1137 : Office Application Startup T1003 : OS Credential Dumping T1201 : Password Policy Discovery T1120 : Peripheral Device Discovery T1069 : Permission Groups Discovery T1566 : Phishing T1598 : Phishing for Information T1647 : Plist File Modification T1653 : Power Settings T1542 : Pre-OS Boot T1057 : Process Discovery T1055 : Process Injection T1572 : Protocol Tunneling T1090 : Proxy T1012 : Query Registry T1620 : Reflective Code Loading T1219 : Remote Access Software T1563 : Remote Service Session Hijacking T1021 : Remote Services T1018 : Remote System Discovery T1091 : Replication Through Removable Media T1496 : Resource Hijacking T1207 : Rogue Domain Controller T1014 : Rootkit T1053 : Scheduled Task/Job T1029 : Scheduled Transfer T1113 : Screen Capture T1597 : Search Closed Sources T1596 : Search Open Technical Databases T1593 : Search Open Websites/Domains T1594 : Search Victim-Owned Websites T1505 : Server Software Component T1648 : Serverless Execution T1489 : Service Stop T1129 : Shared Modules T1072 : Software Deployment Tools T1518 : Software Discovery T1608 : Stage Capabilities T1528 : Steal Application Access Token T1649 : Steal or Forge Authentication Certificates T1558 : Steal or Forge Kerberos Tickets T1539 : Steal Web Session Cookie T1553 : Subvert Trust Controls T1195 : Supply Chain Compromise T1218 : System Binary Proxy Execution T1082 : System Information Discovery T1614 : System Location Discovery T1016 : System Network Configuration Discovery T1049 : System Network Connections Discovery T1033 : System Owner/User Discovery T1216 : System Script Proxy Execution T1007 : System Service Discovery T1569 : System Services T1529 : System Shutdown/Reboot T1124 : System Time Discovery T1080 : Taint Shared Content T1221 : Template Injection T1205 : Traffic Signaling T1537 : Transfer Data to Cloud Account T1127 : Trusted Developer Utilities Proxy Execution T1199 : Trusted Relationship T1552 : Unsecured Credentials T1535 : Unused/Unsupported Cloud Regions T1550 : Use Alternate Authentication Material T1204 : User Execution T1078 : Valid Accounts T1125 : Video Capture T1497 : Virtualization/Sandbox Evasion T1600 : Weaken Encryption T1102 : Web Service T1047 : Windows Management Instrumentation T1220 : XSL Script Processing     ","T1010, T1071, T1098, T1119, T1134, T1548, T1583","Here are the MITRE Enterprise attack patterns extracted from the text, mapped to their corresponding technique IDs:

1. **Initial Access**: 
	* T1134: Access Token Manipulation (DarkGate uses UAC bypass techniques)
	* T1548: Abuse Elevation Control Mechanism (DarkGate employs two distinct UAC bypass techniques)
2. **Execution**:
	* T1037: Boot or Logon Initialization Scripts (not explicitly mentioned, but DarkGate creates accounts and elevates them to local administrator group)
	* T1546: Event Triggered Execution (not explicitly mentioned, but DarkGate uses FindWindow API function to extract data collected via NirSoft tools from the hosting process's memory)
3. **Persistence**:
	* T1547: Boot or Logon Autostart Execution (DarkGate creates accounts and elevates them to local administrator group)
4. **Privilege Escalation**:
	* T1531: Account Access Removal (not explicitly mentioned, but DarkGate uses UAC bypass techniques)
5. **Defense Evasion**:
	* T1622: Debugger Evasion (DarkGate disguises C2 traffic within DNS records associated with legitimate services to evade reputation-based detection)
6. **Credential Access**:
	* T1557: Adversary-in-the-Middle (not explicitly mentioned, but DarkGate searches for cryptocurrency wallets by scanning application window names for specific strings and uses the FindWindow API function to extract data collected via NirSoft tools from the hosting process's memory)
	* T1526: Cloud Service Discovery (DarkGate uses hard-coded domains designed to mimic legitimate services like Akamai CDN or Amazon Web Services)
7. **Lateral Movement**:
	* T1570: Lateral Tool Transfer (not explicitly mentioned, but DarkGate is capable of searching for cryptocurrency wallets by scanning application window names for specific strings and uses the FindWindow API function to extract data collected via NirSoft tools from the hosting process's memory)

Main techniques IDs (excluding subtechnique IDs): 
T1134, T1548, T1037, T1546, T1531, T1622, T1557, T1526, T1570","T1037, T1134, T1526, T1531, T1546, T1547, T1548, T1557, T1570, T1622","T1134, T1548","T1037, T1526, T1531, T1546, T1547, T1557, T1570, T1622","T1010, T1071, T1098, T1119, T1583",0.2,0.2857142857142857,0.2352941176470588,extra predicted IDs / false positives; missed gold IDs / false negatives,7,10,2,8,5,13,,,
49,Enterprise,"ZIPLINE is a passive backdoor that was used during Cutting Edge on compromised Secure Connect VPNs for reverse shell and proxy functionality. ZIPLINE can use /bin/sh to create a reverse shell and execute commands. ZIPLINE can use AES-128-CBC to encrypt data for both upload and download. ZIPLINE can find and append specific files on Ivanti Connect Secure VPNs based upon received commands. ZIPLINE can add itself to the exclusion list for the Ivanti Connect Secure Integrity Checker Tool if the --exclude parameter is passed by the tar process. ZIPLINE can download files to be saved on the compromised system. ZIPLINE can communicate with C2 using a custom binary protocol. ZIPLINE can identify running processes and their names. ZIPLINE can create a proxy server on compromised hosts. ZIPLINE can identify a specific string in intercepted network traffic, SSH-2.0-OpenSSH_0.3xx., to trigger its command functionality.","Extract all MITRE Enterprise attack patterns from the following text and map them to their corresponding MITRE technique IDs. Provide reasoning for each identification. Ensure the final line contains only the IDs for the main techniques, separated by commas, excluding any subtechnique IDs. MITRE Enterprise IDs are given below as reference.  **Text:** ZIPLINE is a passive backdoor that was used during Cutting Edge on compromised Secure Connect VPNs for reverse shell and proxy functionality. ZIPLINE can use /bin/sh to create a reverse shell and execute commands. ZIPLINE can use AES-128-CBC to encrypt data for both upload and download. ZIPLINE can find and append specific files on Ivanti Connect Secure VPNs based upon received commands. ZIPLINE can add itself to the exclusion list for the Ivanti Connect Secure Integrity Checker Tool if the --exclude parameter is passed by the tar process. ZIPLINE can download files to be saved on the compromised system. ZIPLINE can communicate with C2 using a custom binary protocol. ZIPLINE can identify running processes and their names. ZIPLINE can create a proxy server on compromised hosts. ZIPLINE can identify a specific string in intercepted network traffic, SSH-2.0-OpenSSH_0.3xx., to trigger its command functionality.  **List of All MITRE Enterprise technique IDs** ID    : Name T1548 : Abuse Elevation Control Mechanism T1134 : Access Token Manipulation T1531 : Account Access Removal T1087 : Account Discovery T1098 : Account Manipulation T1650 : Acquire Access T1583 : Acquire Infrastructure T1595 : Active Scanning T1557 : Adversary-in-the-Middle T1071 : Application Layer Protocol T1010 : Application Window Discovery T1560 : Archive Collected Data T1123 : Audio Capture T1119 : Automated Collection T1020 : Automated Exfiltration T1197 : BITS Jobs T1547 : Boot or Logon Autostart Execution T1037 : Boot or Logon Initialization Scripts T1176 : Browser Extensions T1217 : Browser Information Discovery T1185 : Browser Session Hijacking T1110 : Brute Force T1612 : Build Image on Host T1115 : Clipboard Data T1651 : Cloud Administration Command T1580 : Cloud Infrastructure Discovery T1538 : Cloud Service Dashboard T1526 : Cloud Service Discovery T1619 : Cloud Storage Object Discovery T1059 : Command and Scripting Interpreter T1092 : Communication Through Removable Media T1586 : Compromise Accounts T1554 : Compromise Host Software Binary T1584 : Compromise Infrastructure T1609 : Container Administration Command T1613 : Container and Resource Discovery T1659 : Content Injection T1136 : Create Account T1543 : Create or Modify System Process T1555 : Credentials from Password Stores T1485 : Data Destruction T1132 : Data Encoding T1486 : Data Encrypted for Impact T1530 : Data from Cloud Storage T1602 : Data from Configuration Repository T1213 : Data from Information Repositories T1005 : Data from Local System T1039 : Data from Network Shared Drive T1025 : Data from Removable Media T1565 : Data Manipulation T1001 : Data Obfuscation T1074 : Data Staged T1030 : Data Transfer Size Limits T1622 : Debugger Evasion T1491 : Defacement T1140 : Deobfuscate/Decode Files or Information T1610 : Deploy Container T1587 : Develop Capabilities T1652 : Device Driver Discovery T1006 : Direct Volume Access T1561 : Disk Wipe T1484 : Domain or Tenant Policy Modification T1482 : Domain Trust Discovery T1189 : Drive-by Compromise T1568 : Dynamic Resolution T1114 : Email Collection T1573 : Encrypted Channel T1499 : Endpoint Denial of Service T1611 : Escape to Host T1585 : Establish Accounts T1546 : Event Triggered Execution T1480 : Execution Guardrails T1048 : Exfiltration Over Alternative Protocol T1041 : Exfiltration Over C2 Channel T1011 : Exfiltration Over Other Network Medium T1052 : Exfiltration Over Physical Medium T1567 : Exfiltration Over Web Service T1190 : Exploit Public-Facing Application T1203 : Exploitation for Client Execution T1212 : Exploitation for Credential Access T1211 : Exploitation for Defense Evasion T1068 : Exploitation for Privilege Escalation T1210 : Exploitation of Remote Services T1133 : External Remote Services T1008 : Fallback Channels T1083 : File and Directory Discovery T1222 : File and Directory Permissions Modification T1657 : Financial Theft T1495 : Firmware Corruption T1187 : Forced Authentication T1606 : Forge Web Credentials T1592 : Gather Victim Host Information T1589 : Gather Victim Identity Information T1590 : Gather Victim Network Information T1591 : Gather Victim Org Information T1615 : Group Policy Discovery T1200 : Hardware Additions T1564 : Hide Artifacts T1665 : Hide Infrastructure T1574 : Hijack Execution Flow T1562 : Impair Defenses T1656 : Impersonation T1525 : Implant Internal Image T1070 : Indicator Removal T1202 : Indirect Command Execution T1105 : Ingress Tool Transfer T1490 : Inhibit System Recovery T1056 : Input Capture T1559 : Inter-Process Communication T1534 : Internal Spearphishing T1570 : Lateral Tool Transfer T1654 : Log Enumeration T1036 : Masquerading T1556 : Modify Authentication Process T1578 : Modify Cloud Compute Infrastructure T1112 : Modify Registry T1601 : Modify System Image T1111 : Multi-Factor Authentication Interception T1621 : Multi-Factor Authentication Request Generation T1104 : Multi-Stage Channels T1106 : Native API T1599 : Network Boundary Bridging T1498 : Network Denial of Service T1046 : Network Service Discovery T1135 : Network Share Discovery T1040 : Network Sniffing T1095 : Non-Application Layer Protocol T1571 : Non-Standard Port T1027 : Obfuscated Files or Information T1588 : Obtain Capabilities T1137 : Office Application Startup T1003 : OS Credential Dumping T1201 : Password Policy Discovery T1120 : Peripheral Device Discovery T1069 : Permission Groups Discovery T1566 : Phishing T1598 : Phishing for Information T1647 : Plist File Modification T1653 : Power Settings T1542 : Pre-OS Boot T1057 : Process Discovery T1055 : Process Injection T1572 : Protocol Tunneling T1090 : Proxy T1012 : Query Registry T1620 : Reflective Code Loading T1219 : Remote Access Software T1563 : Remote Service Session Hijacking T1021 : Remote Services T1018 : Remote System Discovery T1091 : Replication Through Removable Media T1496 : Resource Hijacking T1207 : Rogue Domain Controller T1014 : Rootkit T1053 : Scheduled Task/Job T1029 : Scheduled Transfer T1113 : Screen Capture T1597 : Search Closed Sources T1596 : Search Open Technical Databases T1593 : Search Open Websites/Domains T1594 : Search Victim-Owned Websites T1505 : Server Software Component T1648 : Serverless Execution T1489 : Service Stop T1129 : Shared Modules T1072 : Software Deployment Tools T1518 : Software Discovery T1608 : Stage Capabilities T1528 : Steal Application Access Token T1649 : Steal or Forge Authentication Certificates T1558 : Steal or Forge Kerberos Tickets T1539 : Steal Web Session Cookie T1553 : Subvert Trust Controls T1195 : Supply Chain Compromise T1218 : System Binary Proxy Execution T1082 : System Information Discovery T1614 : System Location Discovery T1016 : System Network Configuration Discovery T1049 : System Network Connections Discovery T1033 : System Owner/User Discovery T1216 : System Script Proxy Execution T1007 : System Service Discovery T1569 : System Services T1529 : System Shutdown/Reboot T1124 : System Time Discovery T1080 : Taint Shared Content T1221 : Template Injection T1205 : Traffic Signaling T1537 : Transfer Data to Cloud Account T1127 : Trusted Developer Utilities Proxy Execution T1199 : Trusted Relationship T1552 : Unsecured Credentials T1535 : Unused/Unsupported Cloud Regions T1550 : Use Alternate Authentication Material T1204 : User Execution T1078 : Valid Accounts T1125 : Video Capture T1497 : Virtualization/Sandbox Evasion T1600 : Weaken Encryption T1102 : Web Service T1047 : Windows Management Instrumentation T1220 : XSL Script Processing     ","T1057, T1059, T1083, T1090, T1095, T1105, T1205, T1562, T1573","After analyzing the provided text, I have identified several MITRE Enterprise attack patterns and mapped them to their corresponding technique IDs. Here are the extracted techniques with reasoning for each identification:

1. **T1059: Command and Scripting Interpreter**: ZIPLINE uses /bin/sh to create a reverse shell and execute commands.
2. **T1048: Exfiltration Over Alternative Protocol**: ZIPLINE can use AES-128-CBC to encrypt data for both upload and download, indicating exfiltration over an alternative protocol.
3. **T1071: Application Layer Protocol**: ZIPLINE communicates with C2 using a custom binary protocol, which involves application-layer protocol manipulation.
4. **T1010: Application Window Discovery**: ZIPLINE can identify running processes and their names, implying discovery of application windows.
5. **T1557: Adversary-in-the-Middle**: ZIPLINE can identify a specific string in intercepted network traffic (SSH-2.0-OpenSSH_0.3xx.) to trigger its command functionality, indicating adversary-in-the-middle behavior.
6. **T1052: Exfiltration Over Physical Medium**: Although not explicitly mentioned, the fact that ZIPLINE can download files to be saved on the compromised system implies exfiltration over a physical medium (e.g., storage device).
7. **T1090: Proxy**: ZIPLINE can create a proxy server on compromised hosts.
8. **T1219: Remote Access Software**: ZIPLINE's ability to communicate with C2 using a custom binary protocol suggests the use of remote access software.

Here are the main technique IDs, excluding subtechnique IDs, separated by commas:

T1059, T1048, T1071, T1010, T1557, T1052, T1090, T1219","T1010, T1048, T1052, T1059, T1071, T1090, T1219, T1557","T1059, T1090","T1010, T1048, T1052, T1071, T1219, T1557","T1057, T1083, T1095, T1105, T1205, T1562, T1573",0.25,0.2222222222222222,0.2352941176470588,extra predicted IDs / false positives; missed gold IDs / false negatives,9,8,2,6,7,13,,,
17,Mobile,"AndroidOS/MalLocker.B is a variant of a ransomware family that targets Android devices by blocking user interaction with the UI through a screen displaying a ransom note over all other windows. This malware registers to receive 14 different broadcast intents, allowing it to automatically trigger its malicious payloads. It can further disrupt user interaction by using a carefully designed ""call"" notification screen, combined with overriding the onUserLeaveHint() callback method to generate a new notification when the current one is dismissed. AndroidOS/MalLocker.B often disguises itself as popular apps, cracked games, or video players. To evade detection, it employs techniques such as name mangling and the use of meaningless variable names in its source code. Additionally, it stores encrypted payload code in the Assets directory and uses a custom decryption routine that assembles a .dex file by passing data through Android Intent objects.","Extract all MITRE Mobile attack patterns from the following text and map them to their corresponding MITRE technique IDs. Provide reasoning for each identification. Ensure the final line contains only the IDs for the main techniques, separated by commas, excluding any subtechnique IDs. MITRE Mobile IDs are given below as reference.  **Text:** AndroidOS/MalLocker.B is a variant of a ransomware family that targets Android devices by blocking user interaction with the UI through a screen displaying a ransom note over all other windows. This malware registers to receive 14 different broadcast intents, allowing it to automatically trigger its malicious payloads. It can further disrupt user interaction by using a carefully designed ""call"" notification screen, combined with overriding the onUserLeaveHint() callback method to generate a new notification when the current one is dismissed. AndroidOS/MalLocker.B often disguises itself as popular apps, cracked games, or video players. To evade detection, it employs techniques such as name mangling and the use of meaningless variable names in its source code. Additionally, it stores encrypted payload code in the Assets directory and uses a custom decryption routine that assembles a .dex file by passing data through Android Intent objects.  **List of All MITRE Mobile technique IDs** ID    : Name T1626 : Abuse Elevation Control Mechanism T1517 : Access Notifications T1640 : Account Access Removal T1638 : Adversary-in-the-Middle T1437 : Application Layer Protocol T1661 : Application Versioning T1532 : Archive Collected Data T1429 : Audio Capture T1398 : Boot or Logon Initialization Scripts T1616 : Call Control T1414 : Clipboard Data T1623 : Command and Scripting Interpreter T1577 : Compromise Application Executable T1645 : Compromise Client Software Binary T1634 : Credentials from Password Store T1662 : Data Destruction T1471 : Data Encrypted for Impact T1533 : Data from Local System T1641 : Data Manipulation T1407 : Download New Code at Runtime T1456 : Drive-By Compromise T1637 : Dynamic Resolution T1521 : Encrypted Channel T1642 : Endpoint Denial of Service T1624 : Event Triggered Execution T1627 : Execution Guardrails T1639 : Exfiltration Over Alternative Protocol T1646 : Exfiltration Over C2 Channel T1658 : Exploitation for Client Execution T1664 : Exploitation for Initial Access T1404 : Exploitation for Privilege Escalation T1428 : Exploitation of Remote Services T1420 : File and Directory Discovery T1541 : Foreground Persistence T1643 : Generate Traffic from Victim T1628 : Hide Artifacts T1625 : Hijack Execution Flow T1617 : Hooking T1629 : Impair Defenses T1630 : Indicator Removal on Host T1544 : Ingress Tool Transfer T1417 : Input Capture T1516 : Input Injection T1430 : Location Tracking T1461 : Lockscreen Bypass T1655 : Masquerading T1575 : Native API T1464 : Network Denial of Service T1423 : Network Service Scanning T1509 : Non-Standard Port T1406 : Obfuscated Files or Information T1644 : Out of Band Data T1660 : Phishing T1424 : Process Discovery T1631 : Process Injection T1636 : Protected User Data T1604 : Proxy Through Victim T1663 : Remote Access Software T1458 : Replication Through Removable Media T1603 : Scheduled Task/Job T1513 : Screen Capture T1582 : SMS Control T1418 : Software Discovery T1635 : Steal Application Access Token T1409 : Stored Application Data T1632 : Subvert Trust Controls T1474 : Supply Chain Compromise T1426 : System Information Discovery T1422 : System Network Configuration Discovery T1421 : System Network Connections Discovery T1512 : Video Capture T1633 : Virtualization/Sandbox Evasion T1481 : Web Service     ","T1406, T1624, T1629, T1655","After analyzing the text, I have identified the following MITRE Mobile attack patterns and mapped them to their corresponding technique IDs:

1. **T1626: Abuse Elevation Control Mechanism** - The malware registers to receive 14 different broadcast intents, allowing it to automatically trigger its malicious payloads, which is a form of abusing elevation control mechanisms.
2. **T1517: Access Notifications** - The malware uses a custom notification screen and overrides the onUserLeaveHint() callback method to generate a new notification when the current one is dismissed, indicating access to notifications.
3. **T1575: Native API** - The malware stores encrypted payload code in the Assets directory and uses a custom decryption routine that assembles a .dex file by passing data through Android Intent objects, which involves native APIs.
4. **T1406: Obfuscated Files or Information** - The malware employs techniques such as name mangling and the use of meaningless variable names in its source code to evade detection, indicating obfuscated files or information.

The main technique IDs (excluding subtechnique IDs) are:

T1626, T1517, T1575, T1406","T1406, T1517, T1575, T1626",T1406,"T1517, T1575, T1626","T1624, T1629, T1655",0.25,0.25,0.25,extra predicted IDs / false positives; missed gold IDs / false negatives,4,4,1,3,3,6,,,
35,Enterprise,Pcexter is an uploader used by ToddyCat since at least 2023 to exfiltrate stolen files.  Pcexter can upload files from compromised systems and exfiltrate them to OneDrive storage accounts via HTTP POST. It is capable of searching for files within specified directories and has been distributed and executed as a DLL file named `Vspmsg.dll` through DLL side-loading.,"Extract all MITRE Enterprise attack patterns from the following text and map them to their corresponding MITRE technique IDs. Provide reasoning for each identification. Ensure the final line contains only the IDs for the main techniques, separated by commas, excluding any subtechnique IDs. MITRE Enterprise IDs are given below as reference.  **Text:** Pcexter is an uploader used by ToddyCat since at least 2023 to exfiltrate stolen files.  Pcexter can upload files from compromised systems and exfiltrate them to OneDrive storage accounts via HTTP POST. It is capable of searching for files within specified directories and has been distributed and executed as a DLL file named `Vspmsg.dll` through DLL side-loading.  **List of All MITRE Enterprise technique IDs** ID    : Name T1548 : Abuse Elevation Control Mechanism T1134 : Access Token Manipulation T1531 : Account Access Removal T1087 : Account Discovery T1098 : Account Manipulation T1650 : Acquire Access T1583 : Acquire Infrastructure T1595 : Active Scanning T1557 : Adversary-in-the-Middle T1071 : Application Layer Protocol T1010 : Application Window Discovery T1560 : Archive Collected Data T1123 : Audio Capture T1119 : Automated Collection T1020 : Automated Exfiltration T1197 : BITS Jobs T1547 : Boot or Logon Autostart Execution T1037 : Boot or Logon Initialization Scripts T1176 : Browser Extensions T1217 : Browser Information Discovery T1185 : Browser Session Hijacking T1110 : Brute Force T1612 : Build Image on Host T1115 : Clipboard Data T1651 : Cloud Administration Command T1580 : Cloud Infrastructure Discovery T1538 : Cloud Service Dashboard T1526 : Cloud Service Discovery T1619 : Cloud Storage Object Discovery T1059 : Command and Scripting Interpreter T1092 : Communication Through Removable Media T1586 : Compromise Accounts T1554 : Compromise Host Software Binary T1584 : Compromise Infrastructure T1609 : Container Administration Command T1613 : Container and Resource Discovery T1659 : Content Injection T1136 : Create Account T1543 : Create or Modify System Process T1555 : Credentials from Password Stores T1485 : Data Destruction T1132 : Data Encoding T1486 : Data Encrypted for Impact T1530 : Data from Cloud Storage T1602 : Data from Configuration Repository T1213 : Data from Information Repositories T1005 : Data from Local System T1039 : Data from Network Shared Drive T1025 : Data from Removable Media T1565 : Data Manipulation T1001 : Data Obfuscation T1074 : Data Staged T1030 : Data Transfer Size Limits T1622 : Debugger Evasion T1491 : Defacement T1140 : Deobfuscate/Decode Files or Information T1610 : Deploy Container T1587 : Develop Capabilities T1652 : Device Driver Discovery T1006 : Direct Volume Access T1561 : Disk Wipe T1484 : Domain or Tenant Policy Modification T1482 : Domain Trust Discovery T1189 : Drive-by Compromise T1568 : Dynamic Resolution T1114 : Email Collection T1573 : Encrypted Channel T1499 : Endpoint Denial of Service T1611 : Escape to Host T1585 : Establish Accounts T1546 : Event Triggered Execution T1480 : Execution Guardrails T1048 : Exfiltration Over Alternative Protocol T1041 : Exfiltration Over C2 Channel T1011 : Exfiltration Over Other Network Medium T1052 : Exfiltration Over Physical Medium T1567 : Exfiltration Over Web Service T1190 : Exploit Public-Facing Application T1203 : Exploitation for Client Execution T1212 : Exploitation for Credential Access T1211 : Exploitation for Defense Evasion T1068 : Exploitation for Privilege Escalation T1210 : Exploitation of Remote Services T1133 : External Remote Services T1008 : Fallback Channels T1083 : File and Directory Discovery T1222 : File and Directory Permissions Modification T1657 : Financial Theft T1495 : Firmware Corruption T1187 : Forced Authentication T1606 : Forge Web Credentials T1592 : Gather Victim Host Information T1589 : Gather Victim Identity Information T1590 : Gather Victim Network Information T1591 : Gather Victim Org Information T1615 : Group Policy Discovery T1200 : Hardware Additions T1564 : Hide Artifacts T1665 : Hide Infrastructure T1574 : Hijack Execution Flow T1562 : Impair Defenses T1656 : Impersonation T1525 : Implant Internal Image T1070 : Indicator Removal T1202 : Indirect Command Execution T1105 : Ingress Tool Transfer T1490 : Inhibit System Recovery T1056 : Input Capture T1559 : Inter-Process Communication T1534 : Internal Spearphishing T1570 : Lateral Tool Transfer T1654 : Log Enumeration T1036 : Masquerading T1556 : Modify Authentication Process T1578 : Modify Cloud Compute Infrastructure T1112 : Modify Registry T1601 : Modify System Image T1111 : Multi-Factor Authentication Interception T1621 : Multi-Factor Authentication Request Generation T1104 : Multi-Stage Channels T1106 : Native API T1599 : Network Boundary Bridging T1498 : Network Denial of Service T1046 : Network Service Discovery T1135 : Network Share Discovery T1040 : Network Sniffing T1095 : Non-Application Layer Protocol T1571 : Non-Standard Port T1027 : Obfuscated Files or Information T1588 : Obtain Capabilities T1137 : Office Application Startup T1003 : OS Credential Dumping T1201 : Password Policy Discovery T1120 : Peripheral Device Discovery T1069 : Permission Groups Discovery T1566 : Phishing T1598 : Phishing for Information T1647 : Plist File Modification T1653 : Power Settings T1542 : Pre-OS Boot T1057 : Process Discovery T1055 : Process Injection T1572 : Protocol Tunneling T1090 : Proxy T1012 : Query Registry T1620 : Reflective Code Loading T1219 : Remote Access Software T1563 : Remote Service Session Hijacking T1021 : Remote Services T1018 : Remote System Discovery T1091 : Replication Through Removable Media T1496 : Resource Hijacking T1207 : Rogue Domain Controller T1014 : Rootkit T1053 : Scheduled Task/Job T1029 : Scheduled Transfer T1113 : Screen Capture T1597 : Search Closed Sources T1596 : Search Open Technical Databases T1593 : Search Open Websites/Domains T1594 : Search Victim-Owned Websites T1505 : Server Software Component T1648 : Serverless Execution T1489 : Service Stop T1129 : Shared Modules T1072 : Software Deployment Tools T1518 : Software Discovery T1608 : Stage Capabilities T1528 : Steal Application Access Token T1649 : Steal or Forge Authentication Certificates T1558 : Steal or Forge Kerberos Tickets T1539 : Steal Web Session Cookie T1553 : Subvert Trust Controls T1195 : Supply Chain Compromise T1218 : System Binary Proxy Execution T1082 : System Information Discovery T1614 : System Location Discovery T1016 : System Network Configuration Discovery T1049 : System Network Connections Discovery T1033 : System Owner/User Discovery T1216 : System Script Proxy Execution T1007 : System Service Discovery T1569 : System Services T1529 : System Shutdown/Reboot T1124 : System Time Discovery T1080 : Taint Shared Content T1221 : Template Injection T1205 : Traffic Signaling T1537 : Transfer Data to Cloud Account T1127 : Trusted Developer Utilities Proxy Execution T1199 : Trusted Relationship T1552 : Unsecured Credentials T1535 : Unused/Unsupported Cloud Regions T1550 : Use Alternate Authentication Material T1204 : User Execution T1078 : Valid Accounts T1125 : Video Capture T1497 : Virtualization/Sandbox Evasion T1600 : Weaken Encryption T1102 : Web Service T1047 : Windows Management Instrumentation T1220 : XSL Script Processing     ","T1005, T1083, T1567, T1574","After analyzing the text, I have identified the following MITRE Enterprise attack patterns and mapped them to their corresponding technique IDs:

1. Pcexter is an uploader used by ToddyCat since at least 2023 to exfiltrate stolen files.
	* T1048: Exfiltration Over Alternative Protocol (Pcexter uploads files via HTTP POST)
2. It can upload files from compromised systems and exfiltrate them to OneDrive storage accounts.
	* T1011: Exfiltration Over Other Network Medium (exfiltrating data over the network)
3. Pcexter is capable of searching for files within specified directories.
	* T1083: File and Directory Discovery (searching for files in specific directories)
4. It has been distributed and executed as a DLL file named `Vspmsg.dll` through DLL side-loading.
	* T1135: Network Share Discovery (DLL side-loading is a form of network share discovery)

The main techniques involved are:

T1048, T1011, T1083, and T1135

Note that these IDs only include the main technique IDs and do not include any subtechnique IDs.","T1011, T1048, T1083, T1135",T1083,"T1011, T1048, T1135","T1005, T1567, T1574",0.25,0.25,0.25,extra predicted IDs / false positives; missed gold IDs / false negatives,4,4,1,3,3,6,,,
57,Enterprise,PULSECHECK is a web shell written in Perl that was used by APT5 as early as 2020 including against Pulse Secure VPNs at US Defense Industrial Base (DIB) companies. PULSECHECK can check HTTP request headers for a specific backdoor key and if found will output the result of the command in the variable HTTP_X_CMD. PULSECHECK can use Unix shell script for command execution. PULSECHECK can base-64 encode encrypted data sent through C2. PULSECHECK is a web shell that can enable command execution on compromised servers.,"Extract all MITRE Enterprise attack patterns from the following text and map them to their corresponding MITRE technique IDs. Provide reasoning for each identification. Ensure the final line contains only the IDs for the main techniques, separated by commas, excluding any subtechnique IDs. MITRE Enterprise IDs are given below as reference.  **Text:** PULSECHECK is a web shell written in Perl that was used by APT5 as early as 2020 including against Pulse Secure VPNs at US Defense Industrial Base (DIB) companies. PULSECHECK can check HTTP request headers for a specific backdoor key and if found will output the result of the command in the variable HTTP_X_CMD. PULSECHECK can use Unix shell script for command execution. PULSECHECK can base-64 encode encrypted data sent through C2. PULSECHECK is a web shell that can enable command execution on compromised servers.  **List of All MITRE Enterprise technique IDs** ID    : Name T1548 : Abuse Elevation Control Mechanism T1134 : Access Token Manipulation T1531 : Account Access Removal T1087 : Account Discovery T1098 : Account Manipulation T1650 : Acquire Access T1583 : Acquire Infrastructure T1595 : Active Scanning T1557 : Adversary-in-the-Middle T1071 : Application Layer Protocol T1010 : Application Window Discovery T1560 : Archive Collected Data T1123 : Audio Capture T1119 : Automated Collection T1020 : Automated Exfiltration T1197 : BITS Jobs T1547 : Boot or Logon Autostart Execution T1037 : Boot or Logon Initialization Scripts T1176 : Browser Extensions T1217 : Browser Information Discovery T1185 : Browser Session Hijacking T1110 : Brute Force T1612 : Build Image on Host T1115 : Clipboard Data T1651 : Cloud Administration Command T1580 : Cloud Infrastructure Discovery T1538 : Cloud Service Dashboard T1526 : Cloud Service Discovery T1619 : Cloud Storage Object Discovery T1059 : Command and Scripting Interpreter T1092 : Communication Through Removable Media T1586 : Compromise Accounts T1554 : Compromise Host Software Binary T1584 : Compromise Infrastructure T1609 : Container Administration Command T1613 : Container and Resource Discovery T1659 : Content Injection T1136 : Create Account T1543 : Create or Modify System Process T1555 : Credentials from Password Stores T1485 : Data Destruction T1132 : Data Encoding T1486 : Data Encrypted for Impact T1530 : Data from Cloud Storage T1602 : Data from Configuration Repository T1213 : Data from Information Repositories T1005 : Data from Local System T1039 : Data from Network Shared Drive T1025 : Data from Removable Media T1565 : Data Manipulation T1001 : Data Obfuscation T1074 : Data Staged T1030 : Data Transfer Size Limits T1622 : Debugger Evasion T1491 : Defacement T1140 : Deobfuscate/Decode Files or Information T1610 : Deploy Container T1587 : Develop Capabilities T1652 : Device Driver Discovery T1006 : Direct Volume Access T1561 : Disk Wipe T1484 : Domain or Tenant Policy Modification T1482 : Domain Trust Discovery T1189 : Drive-by Compromise T1568 : Dynamic Resolution T1114 : Email Collection T1573 : Encrypted Channel T1499 : Endpoint Denial of Service T1611 : Escape to Host T1585 : Establish Accounts T1546 : Event Triggered Execution T1480 : Execution Guardrails T1048 : Exfiltration Over Alternative Protocol T1041 : Exfiltration Over C2 Channel T1011 : Exfiltration Over Other Network Medium T1052 : Exfiltration Over Physical Medium T1567 : Exfiltration Over Web Service T1190 : Exploit Public-Facing Application T1203 : Exploitation for Client Execution T1212 : Exploitation for Credential Access T1211 : Exploitation for Defense Evasion T1068 : Exploitation for Privilege Escalation T1210 : Exploitation of Remote Services T1133 : External Remote Services T1008 : Fallback Channels T1083 : File and Directory Discovery T1222 : File and Directory Permissions Modification T1657 : Financial Theft T1495 : Firmware Corruption T1187 : Forced Authentication T1606 : Forge Web Credentials T1592 : Gather Victim Host Information T1589 : Gather Victim Identity Information T1590 : Gather Victim Network Information T1591 : Gather Victim Org Information T1615 : Group Policy Discovery T1200 : Hardware Additions T1564 : Hide Artifacts T1665 : Hide Infrastructure T1574 : Hijack Execution Flow T1562 : Impair Defenses T1656 : Impersonation T1525 : Implant Internal Image T1070 : Indicator Removal T1202 : Indirect Command Execution T1105 : Ingress Tool Transfer T1490 : Inhibit System Recovery T1056 : Input Capture T1559 : Inter-Process Communication T1534 : Internal Spearphishing T1570 : Lateral Tool Transfer T1654 : Log Enumeration T1036 : Masquerading T1556 : Modify Authentication Process T1578 : Modify Cloud Compute Infrastructure T1112 : Modify Registry T1601 : Modify System Image T1111 : Multi-Factor Authentication Interception T1621 : Multi-Factor Authentication Request Generation T1104 : Multi-Stage Channels T1106 : Native API T1599 : Network Boundary Bridging T1498 : Network Denial of Service T1046 : Network Service Discovery T1135 : Network Share Discovery T1040 : Network Sniffing T1095 : Non-Application Layer Protocol T1571 : Non-Standard Port T1027 : Obfuscated Files or Information T1588 : Obtain Capabilities T1137 : Office Application Startup T1003 : OS Credential Dumping T1201 : Password Policy Discovery T1120 : Peripheral Device Discovery T1069 : Permission Groups Discovery T1566 : Phishing T1598 : Phishing for Information T1647 : Plist File Modification T1653 : Power Settings T1542 : Pre-OS Boot T1057 : Process Discovery T1055 : Process Injection T1572 : Protocol Tunneling T1090 : Proxy T1012 : Query Registry T1620 : Reflective Code Loading T1219 : Remote Access Software T1563 : Remote Service Session Hijacking T1021 : Remote Services T1018 : Remote System Discovery T1091 : Replication Through Removable Media T1496 : Resource Hijacking T1207 : Rogue Domain Controller T1014 : Rootkit T1053 : Scheduled Task/Job T1029 : Scheduled Transfer T1113 : Screen Capture T1597 : Search Closed Sources T1596 : Search Open Technical Databases T1593 : Search Open Websites/Domains T1594 : Search Victim-Owned Websites T1505 : Server Software Component T1648 : Serverless Execution T1489 : Service Stop T1129 : Shared Modules T1072 : Software Deployment Tools T1518 : Software Discovery T1608 : Stage Capabilities T1528 : Steal Application Access Token T1649 : Steal or Forge Authentication Certificates T1558 : Steal or Forge Kerberos Tickets T1539 : Steal Web Session Cookie T1553 : Subvert Trust Controls T1195 : Supply Chain Compromise T1218 : System Binary Proxy Execution T1082 : System Information Discovery T1614 : System Location Discovery T1016 : System Network Configuration Discovery T1049 : System Network Connections Discovery T1033 : System Owner/User Discovery T1216 : System Script Proxy Execution T1007 : System Service Discovery T1569 : System Services T1529 : System Shutdown/Reboot T1124 : System Time Discovery T1080 : Taint Shared Content T1221 : Template Injection T1205 : Traffic Signaling T1537 : Transfer Data to Cloud Account T1127 : Trusted Developer Utilities Proxy Execution T1199 : Trusted Relationship T1552 : Unsecured Credentials T1535 : Unused/Unsupported Cloud Regions T1550 : Use Alternate Authentication Material T1204 : User Execution T1078 : Valid Accounts T1125 : Video Capture T1497 : Virtualization/Sandbox Evasion T1600 : Weaken Encryption T1102 : Web Service T1047 : Windows Management Instrumentation T1220 : XSL Script Processing     ","T1059, T1071, T1132, T1505","After analyzing the text, I have identified the following MITRE Enterprise attack patterns and mapped them to their corresponding technique IDs:

1. **T1059: Command and Scripting Interpreter**: PULSECHECK is a web shell that can execute commands on compromised servers.
2. **T1041: Exfiltration Over C2 Channel**: PULSECHECK can base-64 encode encrypted data sent through C2, indicating exfiltration of data over a C2 channel.
3. **T1190: Exploit Public-Facing Application**: The text mentions that APT5 used PULSECHECK to exploit vulnerabilities in Pulse Secure VPNs at US Defense Industrial Base (DIB) companies.
4. **T1057: Process Discovery**: PULSECHECK can check HTTP request headers for a specific backdoor key, which implies process discovery to identify potential targets.

The corresponding MITRE Enterprise technique IDs are:

T1059, T1041, T1190, T1057","T1041, T1057, T1059, T1190",T1059,"T1041, T1057, T1190","T1071, T1132, T1505",0.25,0.25,0.25,extra predicted IDs / false positives; missed gold IDs / false negatives,4,4,1,3,3,6,,,
10,Enterprise,"Agent.btz is a worm known for spreading primarily through removable devices like USB drives. It gained notoriety for infecting U.S. military networks in 2008. The worm gathers system information and saves it in an XML file, which is then XOR-encoded for obfuscation. On any connected USB flash drive, Agent.btz creates a file named ""thumb.dd"" that contains details about the infected system and activity logs. The worm also attempts to download an encrypted binary from a specified domain. To propagate itself, Agent.btz drops a copy of itself onto removable media and creates an autorun.inf file that instructs the system to execute the malware when the device is inserted into another computer. Additionally, Agent.btz collects network-related information, including the IP and MAC addresses of the network adapter, as well as IP addresses for the default gateway, WINS, DHCP, and DNS servers, and saves this data into a log file. The worm also records the victim's username and stores it in a separate file.","Extract all MITRE Enterprise attack patterns from the following text and map them to their corresponding MITRE technique IDs. Provide reasoning for each identification. Ensure the final line contains only the IDs for the main techniques, separated by commas, excluding any subtechnique IDs. MITRE Enterprise IDs are given below as reference.  **Text:** Agent.btz is a worm known for spreading primarily through removable devices like USB drives. It gained notoriety for infecting U.S. military networks in 2008. The worm gathers system information and saves it in an XML file, which is then XOR-encoded for obfuscation. On any connected USB flash drive, Agent.btz creates a file named ""thumb.dd"" that contains details about the infected system and activity logs. The worm also attempts to download an encrypted binary from a specified domain. To propagate itself, Agent.btz drops a copy of itself onto removable media and creates an autorun.inf file that instructs the system to execute the malware when the device is inserted into another computer. Additionally, Agent.btz collects network-related information, including the IP and MAC addresses of the network adapter, as well as IP addresses for the default gateway, WINS, DHCP, and DNS servers, and saves this data into a log file. The worm also records the victim's username and stores it in a separate file.  **List of All MITRE Enterprise technique IDs** ID    : Name T1548 : Abuse Elevation Control Mechanism T1134 : Access Token Manipulation T1531 : Account Access Removal T1087 : Account Discovery T1098 : Account Manipulation T1650 : Acquire Access T1583 : Acquire Infrastructure T1595 : Active Scanning T1557 : Adversary-in-the-Middle T1071 : Application Layer Protocol T1010 : Application Window Discovery T1560 : Archive Collected Data T1123 : Audio Capture T1119 : Automated Collection T1020 : Automated Exfiltration T1197 : BITS Jobs T1547 : Boot or Logon Autostart Execution T1037 : Boot or Logon Initialization Scripts T1176 : Browser Extensions T1217 : Browser Information Discovery T1185 : Browser Session Hijacking T1110 : Brute Force T1612 : Build Image on Host T1115 : Clipboard Data T1651 : Cloud Administration Command T1580 : Cloud Infrastructure Discovery T1538 : Cloud Service Dashboard T1526 : Cloud Service Discovery T1619 : Cloud Storage Object Discovery T1059 : Command and Scripting Interpreter T1092 : Communication Through Removable Media T1586 : Compromise Accounts T1554 : Compromise Host Software Binary T1584 : Compromise Infrastructure T1609 : Container Administration Command T1613 : Container and Resource Discovery T1659 : Content Injection T1136 : Create Account T1543 : Create or Modify System Process T1555 : Credentials from Password Stores T1485 : Data Destruction T1132 : Data Encoding T1486 : Data Encrypted for Impact T1530 : Data from Cloud Storage T1602 : Data from Configuration Repository T1213 : Data from Information Repositories T1005 : Data from Local System T1039 : Data from Network Shared Drive T1025 : Data from Removable Media T1565 : Data Manipulation T1001 : Data Obfuscation T1074 : Data Staged T1030 : Data Transfer Size Limits T1622 : Debugger Evasion T1491 : Defacement T1140 : Deobfuscate/Decode Files or Information T1610 : Deploy Container T1587 : Develop Capabilities T1652 : Device Driver Discovery T1006 : Direct Volume Access T1561 : Disk Wipe T1484 : Domain or Tenant Policy Modification T1482 : Domain Trust Discovery T1189 : Drive-by Compromise T1568 : Dynamic Resolution T1114 : Email Collection T1573 : Encrypted Channel T1499 : Endpoint Denial of Service T1611 : Escape to Host T1585 : Establish Accounts T1546 : Event Triggered Execution T1480 : Execution Guardrails T1048 : Exfiltration Over Alternative Protocol T1041 : Exfiltration Over C2 Channel T1011 : Exfiltration Over Other Network Medium T1052 : Exfiltration Over Physical Medium T1567 : Exfiltration Over Web Service T1190 : Exploit Public-Facing Application T1203 : Exploitation for Client Execution T1212 : Exploitation for Credential Access T1211 : Exploitation for Defense Evasion T1068 : Exploitation for Privilege Escalation T1210 : Exploitation of Remote Services T1133 : External Remote Services T1008 : Fallback Channels T1083 : File and Directory Discovery T1222 : File and Directory Permissions Modification T1657 : Financial Theft T1495 : Firmware Corruption T1187 : Forced Authentication T1606 : Forge Web Credentials T1592 : Gather Victim Host Information T1589 : Gather Victim Identity Information T1590 : Gather Victim Network Information T1591 : Gather Victim Org Information T1615 : Group Policy Discovery T1200 : Hardware Additions T1564 : Hide Artifacts T1665 : Hide Infrastructure T1574 : Hijack Execution Flow T1562 : Impair Defenses T1656 : Impersonation T1525 : Implant Internal Image T1070 : Indicator Removal T1202 : Indirect Command Execution T1105 : Ingress Tool Transfer T1490 : Inhibit System Recovery T1056 : Input Capture T1559 : Inter-Process Communication T1534 : Internal Spearphishing T1570 : Lateral Tool Transfer T1654 : Log Enumeration T1036 : Masquerading T1556 : Modify Authentication Process T1578 : Modify Cloud Compute Infrastructure T1112 : Modify Registry T1601 : Modify System Image T1111 : Multi-Factor Authentication Interception T1621 : Multi-Factor Authentication Request Generation T1104 : Multi-Stage Channels T1106 : Native API T1599 : Network Boundary Bridging T1498 : Network Denial of Service T1046 : Network Service Discovery T1135 : Network Share Discovery T1040 : Network Sniffing T1095 : Non-Application Layer Protocol T1571 : Non-Standard Port T1027 : Obfuscated Files or Information T1588 : Obtain Capabilities T1137 : Office Application Startup T1003 : OS Credential Dumping T1201 : Password Policy Discovery T1120 : Peripheral Device Discovery T1069 : Permission Groups Discovery T1566 : Phishing T1598 : Phishing for Information T1647 : Plist File Modification T1653 : Power Settings T1542 : Pre-OS Boot T1057 : Process Discovery T1055 : Process Injection T1572 : Protocol Tunneling T1090 : Proxy T1012 : Query Registry T1620 : Reflective Code Loading T1219 : Remote Access Software T1563 : Remote Service Session Hijacking T1021 : Remote Services T1018 : Remote System Discovery T1091 : Replication Through Removable Media T1496 : Resource Hijacking T1207 : Rogue Domain Controller T1014 : Rootkit T1053 : Scheduled Task/Job T1029 : Scheduled Transfer T1113 : Screen Capture T1597 : Search Closed Sources T1596 : Search Open Technical Databases T1593 : Search Open Websites/Domains T1594 : Search Victim-Owned Websites T1505 : Server Software Component T1648 : Serverless Execution T1489 : Service Stop T1129 : Shared Modules T1072 : Software Deployment Tools T1518 : Software Discovery T1608 : Stage Capabilities T1528 : Steal Application Access Token T1649 : Steal or Forge Authentication Certificates T1558 : Steal or Forge Kerberos Tickets T1539 : Steal Web Session Cookie T1553 : Subvert Trust Controls T1195 : Supply Chain Compromise T1218 : System Binary Proxy Execution T1082 : System Information Discovery T1614 : System Location Discovery T1016 : System Network Configuration Discovery T1049 : System Network Connections Discovery T1033 : System Owner/User Discovery T1216 : System Script Proxy Execution T1007 : System Service Discovery T1569 : System Services T1529 : System Shutdown/Reboot T1124 : System Time Discovery T1080 : Taint Shared Content T1221 : Template Injection T1205 : Traffic Signaling T1537 : Transfer Data to Cloud Account T1127 : Trusted Developer Utilities Proxy Execution T1199 : Trusted Relationship T1552 : Unsecured Credentials T1535 : Unused/Unsupported Cloud Regions T1550 : Use Alternate Authentication Material T1204 : User Execution T1078 : Valid Accounts T1125 : Video Capture T1497 : Virtualization/Sandbox Evasion T1600 : Weaken Encryption T1102 : Web Service T1047 : Windows Management Instrumentation T1220 : XSL Script Processing     ","T1016, T1033, T1052, T1091, T1105, T1560","After analyzing the provided text, I have identified the following MITRE Enterprise attack patterns and mapped them to their corresponding technique IDs:

1. **Agent.btz creates a file named ""thumb.dd"" that contains details about the infected system and activity logs**: This behavior is related to **T1025: Data from Removable Media**.
2. **The worm also attempts to download an encrypted binary from a specified domain**: This action is associated with **T1041: Exfiltration Over C2 Channel** or **T1052: Exfiltration Over Physical Medium**, but since the text does not specify how the data is transferred, I will map it to **T1041**.
3. **Agent.btz drops a copy of itself onto removable media and creates an autorun.inf file**: This behavior is related to **T1092: Communication Through Removable Media**.
4. **The worm also records the victim's username and stores it in a separate file**: This action is associated with **T1003: OS Credential Dumping** or **T1555: Credentials from Password Stores**, but since the text does not specify how the credentials are obtained, I will map it to **T1003**.
5. **Agent.btz collects network-related information, including IP and MAC addresses of the network adapter**: This behavior is related to **T1018: Remote System Discovery** or **T1082: System Information Discovery**, but since the text does not specify how the information is obtained, I will map it to **T1018**.
6. **The worm also saves this data into a log file**: This action is associated with **T1560: Archive Collected Data**.

Here are the identified MITRE Enterprise technique IDs, excluding subtechnique IDs:

T1025, T1041, T1092, T1003, T1018","T1003, T1018, T1025, T1041, T1052, T1082, T1092, T1555, T1560","T1052, T1560","T1003, T1018, T1025, T1041, T1082, T1092, T1555","T1016, T1033, T1091, T1105",0.2222222222222222,0.3333333333333333,0.2666666666666666,extra predicted IDs / false positives; missed gold IDs / false negatives,6,9,2,7,4,11,,,
14,Enterprise,"Anchor is a backdoor malware that has been deployed alongside TrickBot on select high-profile targets since at least 2018. It communicates with its command and control (C2) servers using HTTP, HTTPS, and in some variants, DNS tunneling. Anchor can establish persistence by creating a service and is capable of terminating itself if specific execution flags are not present. The malware uses cmd.exe to execute its self-deletion routine and can hide files using the NTFS file system. After successful deployment, Anchor can self-delete its dropper and is also able to download additional payloads. Additionally, it can utilize secondary C2 servers for communication after relaying victim information to the primary C2 servers.","Extract all MITRE Enterprise attack patterns from the following text and map them to their corresponding MITRE technique IDs. Provide reasoning for each identification. Ensure the final line contains only the IDs for the main techniques, separated by commas, excluding any subtechnique IDs. MITRE Enterprise IDs are given below as reference.  **Text:** Anchor is a backdoor malware that has been deployed alongside TrickBot on select high-profile targets since at least 2018. It communicates with its command and control (C2) servers using HTTP, HTTPS, and in some variants, DNS tunneling. Anchor can establish persistence by creating a service and is capable of terminating itself if specific execution flags are not present. The malware uses cmd.exe to execute its self-deletion routine and can hide files using the NTFS file system. After successful deployment, Anchor can self-delete its dropper and is also able to download additional payloads. Additionally, it can utilize secondary C2 servers for communication after relaying victim information to the primary C2 servers.  **List of All MITRE Enterprise technique IDs** ID    : Name T1548 : Abuse Elevation Control Mechanism T1134 : Access Token Manipulation T1531 : Account Access Removal T1087 : Account Discovery T1098 : Account Manipulation T1650 : Acquire Access T1583 : Acquire Infrastructure T1595 : Active Scanning T1557 : Adversary-in-the-Middle T1071 : Application Layer Protocol T1010 : Application Window Discovery T1560 : Archive Collected Data T1123 : Audio Capture T1119 : Automated Collection T1020 : Automated Exfiltration T1197 : BITS Jobs T1547 : Boot or Logon Autostart Execution T1037 : Boot or Logon Initialization Scripts T1176 : Browser Extensions T1217 : Browser Information Discovery T1185 : Browser Session Hijacking T1110 : Brute Force T1612 : Build Image on Host T1115 : Clipboard Data T1651 : Cloud Administration Command T1580 : Cloud Infrastructure Discovery T1538 : Cloud Service Dashboard T1526 : Cloud Service Discovery T1619 : Cloud Storage Object Discovery T1059 : Command and Scripting Interpreter T1092 : Communication Through Removable Media T1586 : Compromise Accounts T1554 : Compromise Host Software Binary T1584 : Compromise Infrastructure T1609 : Container Administration Command T1613 : Container and Resource Discovery T1659 : Content Injection T1136 : Create Account T1543 : Create or Modify System Process T1555 : Credentials from Password Stores T1485 : Data Destruction T1132 : Data Encoding T1486 : Data Encrypted for Impact T1530 : Data from Cloud Storage T1602 : Data from Configuration Repository T1213 : Data from Information Repositories T1005 : Data from Local System T1039 : Data from Network Shared Drive T1025 : Data from Removable Media T1565 : Data Manipulation T1001 : Data Obfuscation T1074 : Data Staged T1030 : Data Transfer Size Limits T1622 : Debugger Evasion T1491 : Defacement T1140 : Deobfuscate/Decode Files or Information T1610 : Deploy Container T1587 : Develop Capabilities T1652 : Device Driver Discovery T1006 : Direct Volume Access T1561 : Disk Wipe T1484 : Domain or Tenant Policy Modification T1482 : Domain Trust Discovery T1189 : Drive-by Compromise T1568 : Dynamic Resolution T1114 : Email Collection T1573 : Encrypted Channel T1499 : Endpoint Denial of Service T1611 : Escape to Host T1585 : Establish Accounts T1546 : Event Triggered Execution T1480 : Execution Guardrails T1048 : Exfiltration Over Alternative Protocol T1041 : Exfiltration Over C2 Channel T1011 : Exfiltration Over Other Network Medium T1052 : Exfiltration Over Physical Medium T1567 : Exfiltration Over Web Service T1190 : Exploit Public-Facing Application T1203 : Exploitation for Client Execution T1212 : Exploitation for Credential Access T1211 : Exploitation for Defense Evasion T1068 : Exploitation for Privilege Escalation T1210 : Exploitation of Remote Services T1133 : External Remote Services T1008 : Fallback Channels T1083 : File and Directory Discovery T1222 : File and Directory Permissions Modification T1657 : Financial Theft T1495 : Firmware Corruption T1187 : Forced Authentication T1606 : Forge Web Credentials T1592 : Gather Victim Host Information T1589 : Gather Victim Identity Information T1590 : Gather Victim Network Information T1591 : Gather Victim Org Information T1615 : Group Policy Discovery T1200 : Hardware Additions T1564 : Hide Artifacts T1665 : Hide Infrastructure T1574 : Hijack Execution Flow T1562 : Impair Defenses T1656 : Impersonation T1525 : Implant Internal Image T1070 : Indicator Removal T1202 : Indirect Command Execution T1105 : Ingress Tool Transfer T1490 : Inhibit System Recovery T1056 : Input Capture T1559 : Inter-Process Communication T1534 : Internal Spearphishing T1570 : Lateral Tool Transfer T1654 : Log Enumeration T1036 : Masquerading T1556 : Modify Authentication Process T1578 : Modify Cloud Compute Infrastructure T1112 : Modify Registry T1601 : Modify System Image T1111 : Multi-Factor Authentication Interception T1621 : Multi-Factor Authentication Request Generation T1104 : Multi-Stage Channels T1106 : Native API T1599 : Network Boundary Bridging T1498 : Network Denial of Service T1046 : Network Service Discovery T1135 : Network Share Discovery T1040 : Network Sniffing T1095 : Non-Application Layer Protocol T1571 : Non-Standard Port T1027 : Obfuscated Files or Information T1588 : Obtain Capabilities T1137 : Office Application Startup T1003 : OS Credential Dumping T1201 : Password Policy Discovery T1120 : Peripheral Device Discovery T1069 : Permission Groups Discovery T1566 : Phishing T1598 : Phishing for Information T1647 : Plist File Modification T1653 : Power Settings T1542 : Pre-OS Boot T1057 : Process Discovery T1055 : Process Injection T1572 : Protocol Tunneling T1090 : Proxy T1012 : Query Registry T1620 : Reflective Code Loading T1219 : Remote Access Software T1563 : Remote Service Session Hijacking T1021 : Remote Services T1018 : Remote System Discovery T1091 : Replication Through Removable Media T1496 : Resource Hijacking T1207 : Rogue Domain Controller T1014 : Rootkit T1053 : Scheduled Task/Job T1029 : Scheduled Transfer T1113 : Screen Capture T1597 : Search Closed Sources T1596 : Search Open Technical Databases T1593 : Search Open Websites/Domains T1594 : Search Victim-Owned Websites T1505 : Server Software Component T1648 : Serverless Execution T1489 : Service Stop T1129 : Shared Modules T1072 : Software Deployment Tools T1518 : Software Discovery T1608 : Stage Capabilities T1528 : Steal Application Access Token T1649 : Steal or Forge Authentication Certificates T1558 : Steal or Forge Kerberos Tickets T1539 : Steal Web Session Cookie T1553 : Subvert Trust Controls T1195 : Supply Chain Compromise T1218 : System Binary Proxy Execution T1082 : System Information Discovery T1614 : System Location Discovery T1016 : System Network Configuration Discovery T1049 : System Network Connections Discovery T1033 : System Owner/User Discovery T1216 : System Script Proxy Execution T1007 : System Service Discovery T1569 : System Services T1529 : System Shutdown/Reboot T1124 : System Time Discovery T1080 : Taint Shared Content T1221 : Template Injection T1205 : Traffic Signaling T1537 : Transfer Data to Cloud Account T1127 : Trusted Developer Utilities Proxy Execution T1199 : Trusted Relationship T1552 : Unsecured Credentials T1535 : Unused/Unsupported Cloud Regions T1550 : Use Alternate Authentication Material T1204 : User Execution T1078 : Valid Accounts T1125 : Video Capture T1497 : Virtualization/Sandbox Evasion T1600 : Weaken Encryption T1102 : Web Service T1047 : Windows Management Instrumentation T1220 : XSL Script Processing     ","T1008, T1059, T1070, T1071, T1105, T1480, T1543, T1564","After analyzing the provided text, I have identified the following MITRE Enterprise attack patterns and mapped them to their corresponding technique IDs:

1. **T1059: Command and Scripting Interpreter**: Anchor uses cmd.exe to execute its self-deletion routine.
2. **T1134: Access Token Manipulation**: Not explicitly mentioned in the text, but implied as a possible action by Anchor's ability to hide files using the NTFS file system.
3. **T1547: Boot or Logon Autostart Execution**: Anchor can establish persistence by creating a service and is capable of terminating itself if specific execution flags are not present.
4. **T1048: Exfiltration Over Alternative Protocol**: Anchor communicates with its command and control (C2) servers using HTTP, HTTPS, and in some variants, DNS tunneling.
5. **T1557: Adversary-in-the-Middle**: Not explicitly mentioned in the text, but implied as a possible action by Anchor's ability to relay victim information to primary C2 servers.
6. **T1543: Create or Modify System Process**: Anchor can create a service for persistence and modify its own execution flags.
7. **T1555: Credentials from Password Stores**: Not explicitly mentioned in the text, but implied as a possible action by Anchor's ability to communicate with secondary C2 servers using victim information.

Here are the main technique IDs, excluding subtechnique IDs, separated by commas:

T1059, T1547, T1048, T1557","T1048, T1059, T1134, T1543, T1547, T1555, T1557","T1059, T1543","T1048, T1134, T1547, T1555, T1557","T1008, T1070, T1071, T1105, T1480, T1564",0.2857142857142857,0.25,0.2666666666666666,extra predicted IDs / false positives; missed gold IDs / false negatives,8,7,2,5,6,11,,,
19,Enterprise,"ANDROMEDA is a widely recognized commodity malware that was prevalent in the early 2010s and continues to be detected in various industries. During the 2022 C0026 campaign, threat actors re-registered expired ANDROMEDA command and control (C2) domains to deliver malware to targeted entities in Ukraine. ANDROMEDA possesses the capability to make GET requests to download files from its C2 server and can establish persistence by copying itself to `C:\ProgramData\Local Settings\Temp\mskmde.com` and creating a Registry run key to ensure it executes at each user logon. It can also download additional payloads from its C2 server. The malware has been observed installing itself to `C:\Temp\TrustedInstaller.exe`, masquerading as a legitimate Windows installer service, and has been delivered through LNK files disguised as folders. ANDROMEDA can inject itself into the `wuauclt.exe` process to execute C2 commands and has also been spread via infected USB drives.","Extract all MITRE Enterprise attack patterns from the following text and map them to their corresponding MITRE technique IDs. Provide reasoning for each identification. Ensure the final line contains only the IDs for the main techniques, separated by commas, excluding any subtechnique IDs. MITRE Enterprise IDs are given below as reference.  **Text:** ANDROMEDA is a widely recognized commodity malware that was prevalent in the early 2010s and continues to be detected in various industries. During the 2022 C0026 campaign, threat actors re-registered expired ANDROMEDA command and control (C2) domains to deliver malware to targeted entities in Ukraine. ANDROMEDA possesses the capability to make GET requests to download files from its C2 server and can establish persistence by copying itself to `C:\ProgramData\Local Settings\Temp\mskmde.com` and creating a Registry run key to ensure it executes at each user logon. It can also download additional payloads from its C2 server. The malware has been observed installing itself to `C:\Temp\TrustedInstaller.exe`, masquerading as a legitimate Windows installer service, and has been delivered through LNK files disguised as folders. ANDROMEDA can inject itself into the `wuauclt.exe` process to execute C2 commands and has also been spread via infected USB drives.  **List of All MITRE Enterprise technique IDs** ID    : Name T1548 : Abuse Elevation Control Mechanism T1134 : Access Token Manipulation T1531 : Account Access Removal T1087 : Account Discovery T1098 : Account Manipulation T1650 : Acquire Access T1583 : Acquire Infrastructure T1595 : Active Scanning T1557 : Adversary-in-the-Middle T1071 : Application Layer Protocol T1010 : Application Window Discovery T1560 : Archive Collected Data T1123 : Audio Capture T1119 : Automated Collection T1020 : Automated Exfiltration T1197 : BITS Jobs T1547 : Boot or Logon Autostart Execution T1037 : Boot or Logon Initialization Scripts T1176 : Browser Extensions T1217 : Browser Information Discovery T1185 : Browser Session Hijacking T1110 : Brute Force T1612 : Build Image on Host T1115 : Clipboard Data T1651 : Cloud Administration Command T1580 : Cloud Infrastructure Discovery T1538 : Cloud Service Dashboard T1526 : Cloud Service Discovery T1619 : Cloud Storage Object Discovery T1059 : Command and Scripting Interpreter T1092 : Communication Through Removable Media T1586 : Compromise Accounts T1554 : Compromise Host Software Binary T1584 : Compromise Infrastructure T1609 : Container Administration Command T1613 : Container and Resource Discovery T1659 : Content Injection T1136 : Create Account T1543 : Create or Modify System Process T1555 : Credentials from Password Stores T1485 : Data Destruction T1132 : Data Encoding T1486 : Data Encrypted for Impact T1530 : Data from Cloud Storage T1602 : Data from Configuration Repository T1213 : Data from Information Repositories T1005 : Data from Local System T1039 : Data from Network Shared Drive T1025 : Data from Removable Media T1565 : Data Manipulation T1001 : Data Obfuscation T1074 : Data Staged T1030 : Data Transfer Size Limits T1622 : Debugger Evasion T1491 : Defacement T1140 : Deobfuscate/Decode Files or Information T1610 : Deploy Container T1587 : Develop Capabilities T1652 : Device Driver Discovery T1006 : Direct Volume Access T1561 : Disk Wipe T1484 : Domain or Tenant Policy Modification T1482 : Domain Trust Discovery T1189 : Drive-by Compromise T1568 : Dynamic Resolution T1114 : Email Collection T1573 : Encrypted Channel T1499 : Endpoint Denial of Service T1611 : Escape to Host T1585 : Establish Accounts T1546 : Event Triggered Execution T1480 : Execution Guardrails T1048 : Exfiltration Over Alternative Protocol T1041 : Exfiltration Over C2 Channel T1011 : Exfiltration Over Other Network Medium T1052 : Exfiltration Over Physical Medium T1567 : Exfiltration Over Web Service T1190 : Exploit Public-Facing Application T1203 : Exploitation for Client Execution T1212 : Exploitation for Credential Access T1211 : Exploitation for Defense Evasion T1068 : Exploitation for Privilege Escalation T1210 : Exploitation of Remote Services T1133 : External Remote Services T1008 : Fallback Channels T1083 : File and Directory Discovery T1222 : File and Directory Permissions Modification T1657 : Financial Theft T1495 : Firmware Corruption T1187 : Forced Authentication T1606 : Forge Web Credentials T1592 : Gather Victim Host Information T1589 : Gather Victim Identity Information T1590 : Gather Victim Network Information T1591 : Gather Victim Org Information T1615 : Group Policy Discovery T1200 : Hardware Additions T1564 : Hide Artifacts T1665 : Hide Infrastructure T1574 : Hijack Execution Flow T1562 : Impair Defenses T1656 : Impersonation T1525 : Implant Internal Image T1070 : Indicator Removal T1202 : Indirect Command Execution T1105 : Ingress Tool Transfer T1490 : Inhibit System Recovery T1056 : Input Capture T1559 : Inter-Process Communication T1534 : Internal Spearphishing T1570 : Lateral Tool Transfer T1654 : Log Enumeration T1036 : Masquerading T1556 : Modify Authentication Process T1578 : Modify Cloud Compute Infrastructure T1112 : Modify Registry T1601 : Modify System Image T1111 : Multi-Factor Authentication Interception T1621 : Multi-Factor Authentication Request Generation T1104 : Multi-Stage Channels T1106 : Native API T1599 : Network Boundary Bridging T1498 : Network Denial of Service T1046 : Network Service Discovery T1135 : Network Share Discovery T1040 : Network Sniffing T1095 : Non-Application Layer Protocol T1571 : Non-Standard Port T1027 : Obfuscated Files or Information T1588 : Obtain Capabilities T1137 : Office Application Startup T1003 : OS Credential Dumping T1201 : Password Policy Discovery T1120 : Peripheral Device Discovery T1069 : Permission Groups Discovery T1566 : Phishing T1598 : Phishing for Information T1647 : Plist File Modification T1653 : Power Settings T1542 : Pre-OS Boot T1057 : Process Discovery T1055 : Process Injection T1572 : Protocol Tunneling T1090 : Proxy T1012 : Query Registry T1620 : Reflective Code Loading T1219 : Remote Access Software T1563 : Remote Service Session Hijacking T1021 : Remote Services T1018 : Remote System Discovery T1091 : Replication Through Removable Media T1496 : Resource Hijacking T1207 : Rogue Domain Controller T1014 : Rootkit T1053 : Scheduled Task/Job T1029 : Scheduled Transfer T1113 : Screen Capture T1597 : Search Closed Sources T1596 : Search Open Technical Databases T1593 : Search Open Websites/Domains T1594 : Search Victim-Owned Websites T1505 : Server Software Component T1648 : Serverless Execution T1489 : Service Stop T1129 : Shared Modules T1072 : Software Deployment Tools T1518 : Software Discovery T1608 : Stage Capabilities T1528 : Steal Application Access Token T1649 : Steal or Forge Authentication Certificates T1558 : Steal or Forge Kerberos Tickets T1539 : Steal Web Session Cookie T1553 : Subvert Trust Controls T1195 : Supply Chain Compromise T1218 : System Binary Proxy Execution T1082 : System Information Discovery T1614 : System Location Discovery T1016 : System Network Configuration Discovery T1049 : System Network Connections Discovery T1033 : System Owner/User Discovery T1216 : System Script Proxy Execution T1007 : System Service Discovery T1569 : System Services T1529 : System Shutdown/Reboot T1124 : System Time Discovery T1080 : Taint Shared Content T1221 : Template Injection T1205 : Traffic Signaling T1537 : Transfer Data to Cloud Account T1127 : Trusted Developer Utilities Proxy Execution T1199 : Trusted Relationship T1552 : Unsecured Credentials T1535 : Unused/Unsupported Cloud Regions T1550 : Use Alternate Authentication Material T1204 : User Execution T1078 : Valid Accounts T1125 : Video Capture T1497 : Virtualization/Sandbox Evasion T1600 : Weaken Encryption T1102 : Web Service T1047 : Windows Management Instrumentation T1220 : XSL Script Processing     ","T1036, T1055, T1071, T1091, T1105, T1547","After analyzing the text, I have identified the following MITRE Enterprise attack patterns and mapped them to their corresponding technique IDs:

1. **T1134**: Access Token Manipulation - ANDROMEDA can inject itself into the `wuauclt.exe` process to execute C2 commands.
2. **T1548**: Abuse Elevation Control Mechanism - ANDROMEDA possesses the capability to make GET requests to download files from its C2 server and can establish persistence by copying itself to a specific location on the system.
3. **T1557**: Adversary-in-the-Middle - The malware has been delivered through LNK files disguised as folders, which could be considered an adversary-in-the-middle attack.
4. **T1071**: Application Layer Protocol - ANDROMEDA can make GET requests to download files from its C2 server.
5. **T1547**: Boot or Logon Autostart Execution - ANDROMEDA establishes persistence by creating a Registry run key to ensure it executes at each user logon.
6. **T1037**: Boot or Logon Initialization Scripts - The malware copies itself to `C:\ProgramData\Local Settings\Temp\mskmde.com` and creates a Registry run key, which could be considered an initialization script.
7. **T1059**: Command and Scripting Interpreter - ANDROMEDA can download additional payloads from its C2 server using GET requests.
8. **T1092**: Communication Through Removable Media - The malware has been spread via infected USB drives.
9. **T1554**: Compromise Host Software Binary - ANDROMEDA installs itself to `C:\Temp\TrustedInstaller.exe`, masquerading as a legitimate Windows installer service.

Here are the main technique IDs, excluding subtechnique IDs:

T1134, T1548, T1071, T1547, T1037, T1059, T1092, T1554","T1037, T1059, T1071, T1092, T1134, T1547, T1548, T1554, T1557","T1071, T1547","T1037, T1059, T1092, T1134, T1548, T1554, T1557","T1036, T1055, T1091, T1105",0.2222222222222222,0.3333333333333333,0.2666666666666666,extra predicted IDs / false positives; missed gold IDs / false negatives,6,9,2,7,4,11,,,
27,Enterprise,"AuTo Stealer is malware written in C++ that has been used by SideCopy since at least December 2021 to target government agencies and personnel in India and Afghanistan. AuTo Stealer communicates with its command and control (C2) servers using HTTP or TCP. It maintains persistence by placing malicious executables in the AutoRun registry key or StartUp directory, depending on the installed antivirus (AV) product. The malware can execute a batch file using `cmd.exe`. AuTo Stealer is capable of collecting various types of data from an infected machine, including PowerPoint files, Word documents, Excel files, PDF files, text files, database files, and image files. This collected data is stored in a file named `Hostname_UserName.txt` before exfiltration. The malware then exfiltrates the data to actor-controlled C2 servers via HTTP or TCP. Additionally, AuTo Stealer can gather information about the installed AV products on an infected host.","Extract all MITRE Enterprise attack patterns from the following text and map them to their corresponding MITRE technique IDs. Provide reasoning for each identification. Ensure the final line contains only the IDs for the main techniques, separated by commas, excluding any subtechnique IDs. MITRE Enterprise IDs are given below as reference.  **Text:** AuTo Stealer is malware written in C++ that has been used by SideCopy since at least December 2021 to target government agencies and personnel in India and Afghanistan. AuTo Stealer communicates with its command and control (C2) servers using HTTP or TCP. It maintains persistence by placing malicious executables in the AutoRun registry key or StartUp directory, depending on the installed antivirus (AV) product. The malware can execute a batch file using `cmd.exe`. AuTo Stealer is capable of collecting various types of data from an infected machine, including PowerPoint files, Word documents, Excel files, PDF files, text files, database files, and image files. This collected data is stored in a file named `Hostname_UserName.txt` before exfiltration. The malware then exfiltrates the data to actor-controlled C2 servers via HTTP or TCP. Additionally, AuTo Stealer can gather information about the installed AV products on an infected host.  **List of All MITRE Enterprise technique IDs** ID    : Name T1548 : Abuse Elevation Control Mechanism T1134 : Access Token Manipulation T1531 : Account Access Removal T1087 : Account Discovery T1098 : Account Manipulation T1650 : Acquire Access T1583 : Acquire Infrastructure T1595 : Active Scanning T1557 : Adversary-in-the-Middle T1071 : Application Layer Protocol T1010 : Application Window Discovery T1560 : Archive Collected Data T1123 : Audio Capture T1119 : Automated Collection T1020 : Automated Exfiltration T1197 : BITS Jobs T1547 : Boot or Logon Autostart Execution T1037 : Boot or Logon Initialization Scripts T1176 : Browser Extensions T1217 : Browser Information Discovery T1185 : Browser Session Hijacking T1110 : Brute Force T1612 : Build Image on Host T1115 : Clipboard Data T1651 : Cloud Administration Command T1580 : Cloud Infrastructure Discovery T1538 : Cloud Service Dashboard T1526 : Cloud Service Discovery T1619 : Cloud Storage Object Discovery T1059 : Command and Scripting Interpreter T1092 : Communication Through Removable Media T1586 : Compromise Accounts T1554 : Compromise Host Software Binary T1584 : Compromise Infrastructure T1609 : Container Administration Command T1613 : Container and Resource Discovery T1659 : Content Injection T1136 : Create Account T1543 : Create or Modify System Process T1555 : Credentials from Password Stores T1485 : Data Destruction T1132 : Data Encoding T1486 : Data Encrypted for Impact T1530 : Data from Cloud Storage T1602 : Data from Configuration Repository T1213 : Data from Information Repositories T1005 : Data from Local System T1039 : Data from Network Shared Drive T1025 : Data from Removable Media T1565 : Data Manipulation T1001 : Data Obfuscation T1074 : Data Staged T1030 : Data Transfer Size Limits T1622 : Debugger Evasion T1491 : Defacement T1140 : Deobfuscate/Decode Files or Information T1610 : Deploy Container T1587 : Develop Capabilities T1652 : Device Driver Discovery T1006 : Direct Volume Access T1561 : Disk Wipe T1484 : Domain or Tenant Policy Modification T1482 : Domain Trust Discovery T1189 : Drive-by Compromise T1568 : Dynamic Resolution T1114 : Email Collection T1573 : Encrypted Channel T1499 : Endpoint Denial of Service T1611 : Escape to Host T1585 : Establish Accounts T1546 : Event Triggered Execution T1480 : Execution Guardrails T1048 : Exfiltration Over Alternative Protocol T1041 : Exfiltration Over C2 Channel T1011 : Exfiltration Over Other Network Medium T1052 : Exfiltration Over Physical Medium T1567 : Exfiltration Over Web Service T1190 : Exploit Public-Facing Application T1203 : Exploitation for Client Execution T1212 : Exploitation for Credential Access T1211 : Exploitation for Defense Evasion T1068 : Exploitation for Privilege Escalation T1210 : Exploitation of Remote Services T1133 : External Remote Services T1008 : Fallback Channels T1083 : File and Directory Discovery T1222 : File and Directory Permissions Modification T1657 : Financial Theft T1495 : Firmware Corruption T1187 : Forced Authentication T1606 : Forge Web Credentials T1592 : Gather Victim Host Information T1589 : Gather Victim Identity Information T1590 : Gather Victim Network Information T1591 : Gather Victim Org Information T1615 : Group Policy Discovery T1200 : Hardware Additions T1564 : Hide Artifacts T1665 : Hide Infrastructure T1574 : Hijack Execution Flow T1562 : Impair Defenses T1656 : Impersonation T1525 : Implant Internal Image T1070 : Indicator Removal T1202 : Indirect Command Execution T1105 : Ingress Tool Transfer T1490 : Inhibit System Recovery T1056 : Input Capture T1559 : Inter-Process Communication T1534 : Internal Spearphishing T1570 : Lateral Tool Transfer T1654 : Log Enumeration T1036 : Masquerading T1556 : Modify Authentication Process T1578 : Modify Cloud Compute Infrastructure T1112 : Modify Registry T1601 : Modify System Image T1111 : Multi-Factor Authentication Interception T1621 : Multi-Factor Authentication Request Generation T1104 : Multi-Stage Channels T1106 : Native API T1599 : Network Boundary Bridging T1498 : Network Denial of Service T1046 : Network Service Discovery T1135 : Network Share Discovery T1040 : Network Sniffing T1095 : Non-Application Layer Protocol T1571 : Non-Standard Port T1027 : Obfuscated Files or Information T1588 : Obtain Capabilities T1137 : Office Application Startup T1003 : OS Credential Dumping T1201 : Password Policy Discovery T1120 : Peripheral Device Discovery T1069 : Permission Groups Discovery T1566 : Phishing T1598 : Phishing for Information T1647 : Plist File Modification T1653 : Power Settings T1542 : Pre-OS Boot T1057 : Process Discovery T1055 : Process Injection T1572 : Protocol Tunneling T1090 : Proxy T1012 : Query Registry T1620 : Reflective Code Loading T1219 : Remote Access Software T1563 : Remote Service Session Hijacking T1021 : Remote Services T1018 : Remote System Discovery T1091 : Replication Through Removable Media T1496 : Resource Hijacking T1207 : Rogue Domain Controller T1014 : Rootkit T1053 : Scheduled Task/Job T1029 : Scheduled Transfer T1113 : Screen Capture T1597 : Search Closed Sources T1596 : Search Open Technical Databases T1593 : Search Open Websites/Domains T1594 : Search Victim-Owned Websites T1505 : Server Software Component T1648 : Serverless Execution T1489 : Service Stop T1129 : Shared Modules T1072 : Software Deployment Tools T1518 : Software Discovery T1608 : Stage Capabilities T1528 : Steal Application Access Token T1649 : Steal or Forge Authentication Certificates T1558 : Steal or Forge Kerberos Tickets T1539 : Steal Web Session Cookie T1553 : Subvert Trust Controls T1195 : Supply Chain Compromise T1218 : System Binary Proxy Execution T1082 : System Information Discovery T1614 : System Location Discovery T1016 : System Network Configuration Discovery T1049 : System Network Connections Discovery T1033 : System Owner/User Discovery T1216 : System Script Proxy Execution T1007 : System Service Discovery T1569 : System Services T1529 : System Shutdown/Reboot T1124 : System Time Discovery T1080 : Taint Shared Content T1221 : Template Injection T1205 : Traffic Signaling T1537 : Transfer Data to Cloud Account T1127 : Trusted Developer Utilities Proxy Execution T1199 : Trusted Relationship T1552 : Unsecured Credentials T1535 : Unused/Unsupported Cloud Regions T1550 : Use Alternate Authentication Material T1204 : User Execution T1078 : Valid Accounts T1125 : Video Capture T1497 : Virtualization/Sandbox Evasion T1600 : Weaken Encryption T1102 : Web Service T1047 : Windows Management Instrumentation T1220 : XSL Script Processing     ","T1005, T1041, T1059, T1071, T1074, T1095, T1518, T1547","After analyzing the provided text, I have identified the following MITRE Enterprise attack patterns and mapped them to their corresponding technique IDs:

1. **T1548**: Abuse Elevation Control Mechanism - The malware maintains persistence by placing malicious executables in the AutoRun registry key or StartUp directory, depending on the installed antivirus (AV) product.
2. **T1071**: Application Layer Protocol - AuTo Stealer communicates with its command and control (C2) servers using HTTP or TCP.
3. **T1059**: Command and Scripting Interpreter - The malware can execute a batch file using `cmd.exe`.
4. **T1048**: Exfiltration Over Alternative Protocol - The collected data is exfiltrated to actor-controlled C2 servers via HTTP or TCP.
5. **T1557**: Adversary-in-the-Middle - AuTo Stealer gathers information about the installed AV products on an infected host.
6. **T1020**: Automated Exfiltration - The malware exfiltrates the collected data to actor-controlled C2 servers.
7. **T1119**: Automated Collection - AuTo Stealer collects various types of data from an infected machine, including PowerPoint files, Word documents, Excel files, PDF files, text files, database files, and image files.

The main technique IDs (excluding subtechnique IDs) are:

T1548, T1071, T1059, T1048, T1557, T1020, T1119","T1020, T1048, T1059, T1071, T1119, T1548, T1557","T1059, T1071","T1020, T1048, T1119, T1548, T1557","T1005, T1041, T1074, T1095, T1518, T1547",0.2857142857142857,0.25,0.2666666666666666,extra predicted IDs / false positives; missed gold IDs / false negatives,8,7,2,5,6,11,,,
58,Mobile,"Phenakite is a mobile malware that is used by APT-C-23 to target iOS devices. According to several reports, Phenakite was developed to fill a tooling gap and to target those who owned iPhones instead of Windows desktops or Android phones. Phenakite can record phone calls. Phenakite can collect and exfiltrate WhatsApp media, photos and files with specific extensions, such as .pdf and .doc. Phenakite has included exploits for jailbreaking infected devices. Phenakite can download additional malware to the victim device. Phenakite has used phishing sites for iCloud and Facebook if either of those were used for authentication during the chat sign up process. Phenakite can masquerade as the chat application ""Magic Smile."" Phenakite can exfiltrate the victim device’s contact list. Phenakite can read SMS messages. Phenakite can collect device metadata. Phenakite can capture pictures and videos.","Extract all MITRE Mobile attack patterns from the following text and map them to their corresponding MITRE technique IDs. Provide reasoning for each identification. Ensure the final line contains only the IDs for the main techniques, separated by commas, excluding any subtechnique IDs. MITRE Mobile IDs are given below as reference.  **Text:** Phenakite is a mobile malware that is used by APT-C-23 to target iOS devices. According to several reports, Phenakite was developed to fill a tooling gap and to target those who owned iPhones instead of Windows desktops or Android phones. Phenakite can record phone calls. Phenakite can collect and exfiltrate WhatsApp media, photos and files with specific extensions, such as .pdf and .doc. Phenakite has included exploits for jailbreaking infected devices. Phenakite can download additional malware to the victim device. Phenakite has used phishing sites for iCloud and Facebook if either of those were used for authentication during the chat sign up process. Phenakite can masquerade as the chat application ""Magic Smile."" Phenakite can exfiltrate the victim device’s contact list. Phenakite can read SMS messages. Phenakite can collect device metadata. Phenakite can capture pictures and videos.  **List of All MITRE Mobile technique IDs** ID    : Name T1626 : Abuse Elevation Control Mechanism T1517 : Access Notifications T1640 : Account Access Removal T1638 : Adversary-in-the-Middle T1437 : Application Layer Protocol T1661 : Application Versioning T1532 : Archive Collected Data T1429 : Audio Capture T1398 : Boot or Logon Initialization Scripts T1616 : Call Control T1414 : Clipboard Data T1623 : Command and Scripting Interpreter T1577 : Compromise Application Executable T1645 : Compromise Client Software Binary T1634 : Credentials from Password Store T1662 : Data Destruction T1471 : Data Encrypted for Impact T1533 : Data from Local System T1641 : Data Manipulation T1407 : Download New Code at Runtime T1456 : Drive-By Compromise T1637 : Dynamic Resolution T1521 : Encrypted Channel T1642 : Endpoint Denial of Service T1624 : Event Triggered Execution T1627 : Execution Guardrails T1639 : Exfiltration Over Alternative Protocol T1646 : Exfiltration Over C2 Channel T1658 : Exploitation for Client Execution T1664 : Exploitation for Initial Access T1404 : Exploitation for Privilege Escalation T1428 : Exploitation of Remote Services T1420 : File and Directory Discovery T1541 : Foreground Persistence T1643 : Generate Traffic from Victim T1628 : Hide Artifacts T1625 : Hijack Execution Flow T1617 : Hooking T1629 : Impair Defenses T1630 : Indicator Removal on Host T1544 : Ingress Tool Transfer T1417 : Input Capture T1516 : Input Injection T1430 : Location Tracking T1461 : Lockscreen Bypass T1655 : Masquerading T1575 : Native API T1464 : Network Denial of Service T1423 : Network Service Scanning T1509 : Non-Standard Port T1406 : Obfuscated Files or Information T1644 : Out of Band Data T1660 : Phishing T1424 : Process Discovery T1631 : Process Injection T1636 : Protected User Data T1604 : Proxy Through Victim T1663 : Remote Access Software T1458 : Replication Through Removable Media T1603 : Scheduled Task/Job T1513 : Screen Capture T1582 : SMS Control T1418 : Software Discovery T1635 : Steal Application Access Token T1409 : Stored Application Data T1632 : Subvert Trust Controls T1474 : Supply Chain Compromise T1426 : System Information Discovery T1422 : System Network Configuration Discovery T1421 : System Network Connections Discovery T1512 : Video Capture T1633 : Virtualization/Sandbox Evasion T1481 : Web Service     ","T1404, T1417, T1426, T1429, T1512, T1533, T1544, T1636, T1655","After analyzing the text, I have identified the following MITRE Mobile attack patterns and mapped them to their corresponding technique IDs:

1. **T1616: Call Control** - Phenakite can record phone calls.
2. **T1429: Audio Capture** - Phenakite can capture pictures and videos (this is a broader capability that includes audio capture).
3. **T1407: Download New Code at Runtime** - Phenakite has included exploits for jailbreaking infected devices, which implies downloading new code at runtime.
4. **T1630: Indicator Removal on Host** - Phenakite can masquerade as the chat application ""Magic Smile"", indicating removal of indicators (e.g., the original app icon).
5. **T1417: Input Capture** - Phenakite can collect and exfiltrate WhatsApp media, photos, and files with specific extensions.
6. **T1428: Exploitation of Remote Services** - Phenakite has used phishing sites for iCloud and Facebook if either of those were used for authentication during the chat sign up process (this implies exploitation of remote services).
7. **T1634: Credentials from Password Store** - Phenakite can collect device metadata, which may include credentials stored in a password store.
8. **T1421: System Network Connections Discovery** - Phenakite can read SMS messages and collect contact list information, indicating discovery of system network connections.
9. **T1513: Screen Capture** - Phenakite can capture pictures and videos (this is a broader capability that includes screen capture).
10. **T1635: Steal Application Access Token** - Phenakite can masquerade as the chat application ""Magic Smile"", which implies stealing an access token for the original app.
11. **T1409: Stored Application Data** - Phenakite can collect and exfiltrate WhatsApp media, photos, and files with specific extensions (this is a broader capability that includes stored application data).
12. **T1426: System Information Discovery** - Phenakite can collect device metadata, which may include system information.

Here are the main technique IDs, excluding subtechnique IDs:

T1616, T1429, T1407, T1630, T1417, T1428, T1634, T1421, T1513, T1635, T1409","T1407, T1409, T1417, T1421, T1426, T1428, T1429, T1513, T1616, T1630, T1634, T1635","T1417, T1426, T1429","T1407, T1409, T1421, T1428, T1513, T1616, T1630, T1634, T1635","T1404, T1512, T1533, T1544, T1636, T1655",0.25,0.3333333333333333,0.2857142857142857,extra predicted IDs / false positives; missed gold IDs / false negatives,9,12,3,9,6,15,,,
39,Enterprise,"COATHANGER is a remote access tool (RAT) designed to target FortiGate networking appliances. It was first deployed in 2023 in targeted intrusions against military and government entities in the Netherlands and other locations. Disclosed in early 2024, COATHANGER has been attributed with high confidence to a state-sponsored entity in the People's Republic of China. The malware uses an HTTP GET request to establish a follow-on TLS tunnel for command and control (C2) communication. COATHANGER provides a BusyBox reverse shell for C2 operations and creates a daemon for timed check-ins with the C2 infrastructure. It decodes configuration items from a bundled file to facilitate C2 activity and connects to the C2 infrastructure using SSL. The malware is installed after exploiting a vulnerable FortiGate device and surveys the contents of system files during installation. COATHANGER sets the GID of `httpsd` to 90 upon infection, installs itself into a hidden directory, and removes and writes malicious shared objects that replace legitimate system functions such as `read(2)`.","Extract all MITRE Enterprise attack patterns from the following text and map them to their corresponding MITRE technique IDs. Provide reasoning for each identification. Ensure the final line contains only the IDs for the main techniques, separated by commas, excluding any subtechnique IDs. MITRE Enterprise IDs are given below as reference.  **Text:** COATHANGER is a remote access tool (RAT) designed to target FortiGate networking appliances. It was first deployed in 2023 in targeted intrusions against military and government entities in the Netherlands and other locations. Disclosed in early 2024, COATHANGER has been attributed with high confidence to a state-sponsored entity in the People's Republic of China. The malware uses an HTTP GET request to establish a follow-on TLS tunnel for command and control (C2) communication. COATHANGER provides a BusyBox reverse shell for C2 operations and creates a daemon for timed check-ins with the C2 infrastructure. It decodes configuration items from a bundled file to facilitate C2 activity and connects to the C2 infrastructure using SSL. The malware is installed after exploiting a vulnerable FortiGate device and surveys the contents of system files during installation. COATHANGER sets the GID of `httpsd` to 90 upon infection, installs itself into a hidden directory, and removes and writes malicious shared objects that replace legitimate system functions such as `read(2)`.  **List of All MITRE Enterprise technique IDs** ID    : Name T1548 : Abuse Elevation Control Mechanism T1134 : Access Token Manipulation T1531 : Account Access Removal T1087 : Account Discovery T1098 : Account Manipulation T1650 : Acquire Access T1583 : Acquire Infrastructure T1595 : Active Scanning T1557 : Adversary-in-the-Middle T1071 : Application Layer Protocol T1010 : Application Window Discovery T1560 : Archive Collected Data T1123 : Audio Capture T1119 : Automated Collection T1020 : Automated Exfiltration T1197 : BITS Jobs T1547 : Boot or Logon Autostart Execution T1037 : Boot or Logon Initialization Scripts T1176 : Browser Extensions T1217 : Browser Information Discovery T1185 : Browser Session Hijacking T1110 : Brute Force T1612 : Build Image on Host T1115 : Clipboard Data T1651 : Cloud Administration Command T1580 : Cloud Infrastructure Discovery T1538 : Cloud Service Dashboard T1526 : Cloud Service Discovery T1619 : Cloud Storage Object Discovery T1059 : Command and Scripting Interpreter T1092 : Communication Through Removable Media T1586 : Compromise Accounts T1554 : Compromise Host Software Binary T1584 : Compromise Infrastructure T1609 : Container Administration Command T1613 : Container and Resource Discovery T1659 : Content Injection T1136 : Create Account T1543 : Create or Modify System Process T1555 : Credentials from Password Stores T1485 : Data Destruction T1132 : Data Encoding T1486 : Data Encrypted for Impact T1530 : Data from Cloud Storage T1602 : Data from Configuration Repository T1213 : Data from Information Repositories T1005 : Data from Local System T1039 : Data from Network Shared Drive T1025 : Data from Removable Media T1565 : Data Manipulation T1001 : Data Obfuscation T1074 : Data Staged T1030 : Data Transfer Size Limits T1622 : Debugger Evasion T1491 : Defacement T1140 : Deobfuscate/Decode Files or Information T1610 : Deploy Container T1587 : Develop Capabilities T1652 : Device Driver Discovery T1006 : Direct Volume Access T1561 : Disk Wipe T1484 : Domain or Tenant Policy Modification T1482 : Domain Trust Discovery T1189 : Drive-by Compromise T1568 : Dynamic Resolution T1114 : Email Collection T1573 : Encrypted Channel T1499 : Endpoint Denial of Service T1611 : Escape to Host T1585 : Establish Accounts T1546 : Event Triggered Execution T1480 : Execution Guardrails T1048 : Exfiltration Over Alternative Protocol T1041 : Exfiltration Over C2 Channel T1011 : Exfiltration Over Other Network Medium T1052 : Exfiltration Over Physical Medium T1567 : Exfiltration Over Web Service T1190 : Exploit Public-Facing Application T1203 : Exploitation for Client Execution T1212 : Exploitation for Credential Access T1211 : Exploitation for Defense Evasion T1068 : Exploitation for Privilege Escalation T1210 : Exploitation of Remote Services T1133 : External Remote Services T1008 : Fallback Channels T1083 : File and Directory Discovery T1222 : File and Directory Permissions Modification T1657 : Financial Theft T1495 : Firmware Corruption T1187 : Forced Authentication T1606 : Forge Web Credentials T1592 : Gather Victim Host Information T1589 : Gather Victim Identity Information T1590 : Gather Victim Network Information T1591 : Gather Victim Org Information T1615 : Group Policy Discovery T1200 : Hardware Additions T1564 : Hide Artifacts T1665 : Hide Infrastructure T1574 : Hijack Execution Flow T1562 : Impair Defenses T1656 : Impersonation T1525 : Implant Internal Image T1070 : Indicator Removal T1202 : Indirect Command Execution T1105 : Ingress Tool Transfer T1490 : Inhibit System Recovery T1056 : Input Capture T1559 : Inter-Process Communication T1534 : Internal Spearphishing T1570 : Lateral Tool Transfer T1654 : Log Enumeration T1036 : Masquerading T1556 : Modify Authentication Process T1578 : Modify Cloud Compute Infrastructure T1112 : Modify Registry T1601 : Modify System Image T1111 : Multi-Factor Authentication Interception T1621 : Multi-Factor Authentication Request Generation T1104 : Multi-Stage Channels T1106 : Native API T1599 : Network Boundary Bridging T1498 : Network Denial of Service T1046 : Network Service Discovery T1135 : Network Share Discovery T1040 : Network Sniffing T1095 : Non-Application Layer Protocol T1571 : Non-Standard Port T1027 : Obfuscated Files or Information T1588 : Obtain Capabilities T1137 : Office Application Startup T1003 : OS Credential Dumping T1201 : Password Policy Discovery T1120 : Peripheral Device Discovery T1069 : Permission Groups Discovery T1566 : Phishing T1598 : Phishing for Information T1647 : Plist File Modification T1653 : Power Settings T1542 : Pre-OS Boot T1057 : Process Discovery T1055 : Process Injection T1572 : Protocol Tunneling T1090 : Proxy T1012 : Query Registry T1620 : Reflective Code Loading T1219 : Remote Access Software T1563 : Remote Service Session Hijacking T1021 : Remote Services T1018 : Remote System Discovery T1091 : Replication Through Removable Media T1496 : Resource Hijacking T1207 : Rogue Domain Controller T1014 : Rootkit T1053 : Scheduled Task/Job T1029 : Scheduled Transfer T1113 : Screen Capture T1597 : Search Closed Sources T1596 : Search Open Technical Databases T1593 : Search Open Websites/Domains T1594 : Search Victim-Owned Websites T1505 : Server Software Component T1648 : Serverless Execution T1489 : Service Stop T1129 : Shared Modules T1072 : Software Deployment Tools T1518 : Software Discovery T1608 : Stage Capabilities T1528 : Steal Application Access Token T1649 : Steal or Forge Authentication Certificates T1558 : Steal or Forge Kerberos Tickets T1539 : Steal Web Session Cookie T1553 : Subvert Trust Controls T1195 : Supply Chain Compromise T1218 : System Binary Proxy Execution T1082 : System Information Discovery T1614 : System Location Discovery T1016 : System Network Configuration Discovery T1049 : System Network Connections Discovery T1033 : System Owner/User Discovery T1216 : System Script Proxy Execution T1007 : System Service Discovery T1569 : System Services T1529 : System Shutdown/Reboot T1124 : System Time Discovery T1080 : Taint Shared Content T1221 : Template Injection T1205 : Traffic Signaling T1537 : Transfer Data to Cloud Account T1127 : Trusted Developer Utilities Proxy Execution T1199 : Trusted Relationship T1552 : Unsecured Credentials T1535 : Unused/Unsupported Cloud Regions T1550 : Use Alternate Authentication Material T1204 : User Execution T1078 : Valid Accounts T1125 : Video Capture T1497 : Virtualization/Sandbox Evasion T1600 : Weaken Encryption T1102 : Web Service T1047 : Windows Management Instrumentation T1220 : XSL Script Processing     ","T1059, T1071, T1083, T1140, T1190, T1222, T1543, T1564, T1573, T1574","After analyzing the text, I have identified the following MITRE Enterprise attack patterns and mapped them to their corresponding technique IDs:

1. **T1134**: Access Token Manipulation - The malware sets the GID of `httpsd` to 90 upon infection.
2. **T1548**: Abuse Elevation Control Mechanism - The malware exploits a vulnerable FortiGate device to gain access.
3. **T1059**: Command and Scripting Interpreter - The malware uses an HTTP GET request to establish a follow-on TLS tunnel for command and control (C2) communication.
4. **T1092**: Communication Through Removable Media - Not explicitly mentioned, but the use of SSL/TLS suggests this technique might be applicable.
5. **T1557**: Adversary-in-the-Middle - The malware connects to the C2 infrastructure using SSL, which could imply a man-in-the-middle scenario.
6. **T1071**: Application Layer Protocol - The malware uses HTTP GET requests for communication.
7. **T1543**: Create or Modify System Process - The malware creates a daemon for timed check-ins with the C2 infrastructure.
8. **T1555**: Credentials from Password Stores - Not explicitly mentioned, but the use of SSL/TLS suggests that credentials might be stored securely.
9. **T1486**: Data Encrypted for Impact - The malware uses encryption (SSL/TLS) for communication.
10. **T1567**: Exfiltration Over Web Service - The malware connects to the C2 infrastructure using SSL, which could imply exfiltration of data over a web service.

Here are the main technique IDs, excluding subtechnique IDs:

T1134, T1548, T1059, T1557, T1071","T1059, T1071, T1092, T1134, T1486, T1543, T1548, T1555, T1557, T1567","T1059, T1071, T1543","T1092, T1134, T1486, T1548, T1555, T1557, T1567","T1083, T1140, T1190, T1222, T1564, T1573, T1574",0.3,0.3,0.3,extra predicted IDs / false positives; missed gold IDs / false negatives,10,10,3,7,7,14,,,
7,Enterprise,"ADVSTORESHELL is a spying backdoor associated with APT28, active from at least 2012 to 2016. It is typically used for long-term espionage on targets identified as valuable after an initial reconnaissance phase. ADVSTORESHELL communicates with its command and control (C2) server via port 80 using the Wininet API, exchanging data through HTTP POST requests. Before exfiltration, the backdoor encrypts data using the 3DES algorithm with a hardcoded key. Persistence is achieved by adding itself to the HKCU\SOFTWARE\Microsoft\Windows\CurrentVersion\Run Registry key. ADVSTORESHELL can create a remote shell and execute specified commands, with command execution output stored in a .dat file in the %TEMP% directory. Its C2 traffic is encrypted and then encoded with Base64. Some variants of ADVSTORESHELL also use 3DES encryption for C2 communications.","Extract all MITRE Enterprise attack patterns from the following text and map them to their corresponding MITRE technique IDs. Provide reasoning for each identification. Ensure the final line contains only the IDs for the main techniques, separated by commas, excluding any subtechnique IDs. MITRE Enterprise IDs are given below as reference.  **Text:** ADVSTORESHELL is a spying backdoor associated with APT28, active from at least 2012 to 2016. It is typically used for long-term espionage on targets identified as valuable after an initial reconnaissance phase. ADVSTORESHELL communicates with its command and control (C2) server via port 80 using the Wininet API, exchanging data through HTTP POST requests. Before exfiltration, the backdoor encrypts data using the 3DES algorithm with a hardcoded key. Persistence is achieved by adding itself to the HKCU\SOFTWARE\Microsoft\Windows\CurrentVersion\Run Registry key. ADVSTORESHELL can create a remote shell and execute specified commands, with command execution output stored in a .dat file in the %TEMP% directory. Its C2 traffic is encrypted and then encoded with Base64. Some variants of ADVSTORESHELL also use 3DES encryption for C2 communications.  **List of All MITRE Enterprise technique IDs** ID    : Name T1548 : Abuse Elevation Control Mechanism T1134 : Access Token Manipulation T1531 : Account Access Removal T1087 : Account Discovery T1098 : Account Manipulation T1650 : Acquire Access T1583 : Acquire Infrastructure T1595 : Active Scanning T1557 : Adversary-in-the-Middle T1071 : Application Layer Protocol T1010 : Application Window Discovery T1560 : Archive Collected Data T1123 : Audio Capture T1119 : Automated Collection T1020 : Automated Exfiltration T1197 : BITS Jobs T1547 : Boot or Logon Autostart Execution T1037 : Boot or Logon Initialization Scripts T1176 : Browser Extensions T1217 : Browser Information Discovery T1185 : Browser Session Hijacking T1110 : Brute Force T1612 : Build Image on Host T1115 : Clipboard Data T1651 : Cloud Administration Command T1580 : Cloud Infrastructure Discovery T1538 : Cloud Service Dashboard T1526 : Cloud Service Discovery T1619 : Cloud Storage Object Discovery T1059 : Command and Scripting Interpreter T1092 : Communication Through Removable Media T1586 : Compromise Accounts T1554 : Compromise Host Software Binary T1584 : Compromise Infrastructure T1609 : Container Administration Command T1613 : Container and Resource Discovery T1659 : Content Injection T1136 : Create Account T1543 : Create or Modify System Process T1555 : Credentials from Password Stores T1485 : Data Destruction T1132 : Data Encoding T1486 : Data Encrypted for Impact T1530 : Data from Cloud Storage T1602 : Data from Configuration Repository T1213 : Data from Information Repositories T1005 : Data from Local System T1039 : Data from Network Shared Drive T1025 : Data from Removable Media T1565 : Data Manipulation T1001 : Data Obfuscation T1074 : Data Staged T1030 : Data Transfer Size Limits T1622 : Debugger Evasion T1491 : Defacement T1140 : Deobfuscate/Decode Files or Information T1610 : Deploy Container T1587 : Develop Capabilities T1652 : Device Driver Discovery T1006 : Direct Volume Access T1561 : Disk Wipe T1484 : Domain or Tenant Policy Modification T1482 : Domain Trust Discovery T1189 : Drive-by Compromise T1568 : Dynamic Resolution T1114 : Email Collection T1573 : Encrypted Channel T1499 : Endpoint Denial of Service T1611 : Escape to Host T1585 : Establish Accounts T1546 : Event Triggered Execution T1480 : Execution Guardrails T1048 : Exfiltration Over Alternative Protocol T1041 : Exfiltration Over C2 Channel T1011 : Exfiltration Over Other Network Medium T1052 : Exfiltration Over Physical Medium T1567 : Exfiltration Over Web Service T1190 : Exploit Public-Facing Application T1203 : Exploitation for Client Execution T1212 : Exploitation for Credential Access T1211 : Exploitation for Defense Evasion T1068 : Exploitation for Privilege Escalation T1210 : Exploitation of Remote Services T1133 : External Remote Services T1008 : Fallback Channels T1083 : File and Directory Discovery T1222 : File and Directory Permissions Modification T1657 : Financial Theft T1495 : Firmware Corruption T1187 : Forced Authentication T1606 : Forge Web Credentials T1592 : Gather Victim Host Information T1589 : Gather Victim Identity Information T1590 : Gather Victim Network Information T1591 : Gather Victim Org Information T1615 : Group Policy Discovery T1200 : Hardware Additions T1564 : Hide Artifacts T1665 : Hide Infrastructure T1574 : Hijack Execution Flow T1562 : Impair Defenses T1656 : Impersonation T1525 : Implant Internal Image T1070 : Indicator Removal T1202 : Indirect Command Execution T1105 : Ingress Tool Transfer T1490 : Inhibit System Recovery T1056 : Input Capture T1559 : Inter-Process Communication T1534 : Internal Spearphishing T1570 : Lateral Tool Transfer T1654 : Log Enumeration T1036 : Masquerading T1556 : Modify Authentication Process T1578 : Modify Cloud Compute Infrastructure T1112 : Modify Registry T1601 : Modify System Image T1111 : Multi-Factor Authentication Interception T1621 : Multi-Factor Authentication Request Generation T1104 : Multi-Stage Channels T1106 : Native API T1599 : Network Boundary Bridging T1498 : Network Denial of Service T1046 : Network Service Discovery T1135 : Network Share Discovery T1040 : Network Sniffing T1095 : Non-Application Layer Protocol T1571 : Non-Standard Port T1027 : Obfuscated Files or Information T1588 : Obtain Capabilities T1137 : Office Application Startup T1003 : OS Credential Dumping T1201 : Password Policy Discovery T1120 : Peripheral Device Discovery T1069 : Permission Groups Discovery T1566 : Phishing T1598 : Phishing for Information T1647 : Plist File Modification T1653 : Power Settings T1542 : Pre-OS Boot T1057 : Process Discovery T1055 : Process Injection T1572 : Protocol Tunneling T1090 : Proxy T1012 : Query Registry T1620 : Reflective Code Loading T1219 : Remote Access Software T1563 : Remote Service Session Hijacking T1021 : Remote Services T1018 : Remote System Discovery T1091 : Replication Through Removable Media T1496 : Resource Hijacking T1207 : Rogue Domain Controller T1014 : Rootkit T1053 : Scheduled Task/Job T1029 : Scheduled Transfer T1113 : Screen Capture T1597 : Search Closed Sources T1596 : Search Open Technical Databases T1593 : Search Open Websites/Domains T1594 : Search Victim-Owned Websites T1505 : Server Software Component T1648 : Serverless Execution T1489 : Service Stop T1129 : Shared Modules T1072 : Software Deployment Tools T1518 : Software Discovery T1608 : Stage Capabilities T1528 : Steal Application Access Token T1649 : Steal or Forge Authentication Certificates T1558 : Steal or Forge Kerberos Tickets T1539 : Steal Web Session Cookie T1553 : Subvert Trust Controls T1195 : Supply Chain Compromise T1218 : System Binary Proxy Execution T1082 : System Information Discovery T1614 : System Location Discovery T1016 : System Network Configuration Discovery T1049 : System Network Connections Discovery T1033 : System Owner/User Discovery T1216 : System Script Proxy Execution T1007 : System Service Discovery T1569 : System Services T1529 : System Shutdown/Reboot T1124 : System Time Discovery T1080 : Taint Shared Content T1221 : Template Injection T1205 : Traffic Signaling T1537 : Transfer Data to Cloud Account T1127 : Trusted Developer Utilities Proxy Execution T1199 : Trusted Relationship T1552 : Unsecured Credentials T1535 : Unused/Unsupported Cloud Regions T1550 : Use Alternate Authentication Material T1204 : User Execution T1078 : Valid Accounts T1125 : Video Capture T1497 : Virtualization/Sandbox Evasion T1600 : Weaken Encryption T1102 : Web Service T1047 : Windows Management Instrumentation T1220 : XSL Script Processing     ","T1059, T1071, T1074, T1132, T1547, T1560, T1573","After analyzing the provided text, I have identified the following MITRE Enterprise attack patterns and mapped them to their corresponding technique IDs:

1. **T1010: Application Window Discovery** - The backdoor communicates with its C2 server via port 80 using the Wininet API.
2. **T1059: Command and Scripting Interpreter** - ADVSTORESHELL can create a remote shell and execute specified commands.
3. **T1048: Exfiltration Over Alternative Protocol** - The backdoor encrypts data using the 3DES algorithm with a hardcoded key before exfiltration.
4. **T1011: Exfiltration Over Other Network Medium** - C2 traffic is encrypted and then encoded with Base64.
5. **T1052: Exfiltration Over Physical Medium** - Some variants of ADVSTORESHELL also use 3DES encryption for C2 communications.
6. **T1547: Boot or Logon Autostart Execution** - Persistence is achieved by adding itself to the HKCU\SOFTWARE\Microsoft\Windows\CurrentVersion\Run Registry key.

Here are the main technique IDs, excluding subtechnique IDs:

T1010, T1059, T1048, T1011, T1052, T1547","T1010, T1011, T1048, T1052, T1059, T1547","T1059, T1547","T1010, T1011, T1048, T1052","T1071, T1074, T1132, T1560, T1573",0.3333333333333333,0.2857142857142857,0.3076923076923076,extra predicted IDs / false positives; missed gold IDs / false negatives,7,6,2,4,5,9,,,
47,Mobile,"FlixOnline is an Android malware, first detected in early 2021, believed to target users of WhatsApp. FlixOnline primarily spreads via automatic replies to a device’s incoming WhatsApp messages. FlixOnline requests access to the NotificationListenerService, which can allow it to manipulate a device's notifications. FlixOnline may use the BOOT_COMPLETED action to trigger further scripts on boot. FlixOnline can automatically send replies to a user’s incoming WhatsApp messages. FlixOnline can hide its application icon. FlixOnline requests overlay permissions, which can allow it to create fake Login screens for other apps. FlixOnline can steal data from a user’s WhatsApp account(s).","Extract all MITRE Mobile attack patterns from the following text and map them to their corresponding MITRE technique IDs. Provide reasoning for each identification. Ensure the final line contains only the IDs for the main techniques, separated by commas, excluding any subtechnique IDs. MITRE Mobile IDs are given below as reference.  **Text:** FlixOnline is an Android malware, first detected in early 2021, believed to target users of WhatsApp. FlixOnline primarily spreads via automatic replies to a device’s incoming WhatsApp messages. FlixOnline requests access to the NotificationListenerService, which can allow it to manipulate a device's notifications. FlixOnline may use the BOOT_COMPLETED action to trigger further scripts on boot. FlixOnline can automatically send replies to a user’s incoming WhatsApp messages. FlixOnline can hide its application icon. FlixOnline requests overlay permissions, which can allow it to create fake Login screens for other apps. FlixOnline can steal data from a user’s WhatsApp account(s).  **List of All MITRE Mobile technique IDs** ID    : Name T1626 : Abuse Elevation Control Mechanism T1517 : Access Notifications T1640 : Account Access Removal T1638 : Adversary-in-the-Middle T1437 : Application Layer Protocol T1661 : Application Versioning T1532 : Archive Collected Data T1429 : Audio Capture T1398 : Boot or Logon Initialization Scripts T1616 : Call Control T1414 : Clipboard Data T1623 : Command and Scripting Interpreter T1577 : Compromise Application Executable T1645 : Compromise Client Software Binary T1634 : Credentials from Password Store T1662 : Data Destruction T1471 : Data Encrypted for Impact T1533 : Data from Local System T1641 : Data Manipulation T1407 : Download New Code at Runtime T1456 : Drive-By Compromise T1637 : Dynamic Resolution T1521 : Encrypted Channel T1642 : Endpoint Denial of Service T1624 : Event Triggered Execution T1627 : Execution Guardrails T1639 : Exfiltration Over Alternative Protocol T1646 : Exfiltration Over C2 Channel T1658 : Exploitation for Client Execution T1664 : Exploitation for Initial Access T1404 : Exploitation for Privilege Escalation T1428 : Exploitation of Remote Services T1420 : File and Directory Discovery T1541 : Foreground Persistence T1643 : Generate Traffic from Victim T1628 : Hide Artifacts T1625 : Hijack Execution Flow T1617 : Hooking T1629 : Impair Defenses T1630 : Indicator Removal on Host T1544 : Ingress Tool Transfer T1417 : Input Capture T1516 : Input Injection T1430 : Location Tracking T1461 : Lockscreen Bypass T1655 : Masquerading T1575 : Native API T1464 : Network Denial of Service T1423 : Network Service Scanning T1509 : Non-Standard Port T1406 : Obfuscated Files or Information T1644 : Out of Band Data T1660 : Phishing T1424 : Process Discovery T1631 : Process Injection T1636 : Protected User Data T1604 : Proxy Through Victim T1663 : Remote Access Software T1458 : Replication Through Removable Media T1603 : Scheduled Task/Job T1513 : Screen Capture T1582 : SMS Control T1418 : Software Discovery T1635 : Steal Application Access Token T1409 : Stored Application Data T1632 : Subvert Trust Controls T1474 : Supply Chain Compromise T1426 : System Information Discovery T1422 : System Network Configuration Discovery T1421 : System Network Connections Discovery T1512 : Video Capture T1633 : Virtualization/Sandbox Evasion T1481 : Web Service     ","T1409, T1417, T1517, T1624, T1628, T1643","After analyzing the text, I have identified the following MITRE Mobile attack patterns and mapped them to their corresponding technique IDs:

1. **T1398: Boot or Logon Initialization Scripts** - FlixOnline may use the BOOT_COMPLETED action to trigger further scripts on boot.
2. **T1517: Access Notifications** - FlixOnline requests access to the NotificationListenerService, which can allow it to manipulate a device's notifications.
3. **T1635: Steal Application Access Token** - FlixOnline can steal data from a user’s WhatsApp account(s).
4. **T1409: Stored Application Data** - FlixOnline can steal data from a user’s WhatsApp account(s).
5. **T1421: System Network Connections Discovery** - Not explicitly mentioned, but FlixOnline's ability to manipulate notifications and access stored application data implies it may have discovered system network connections.
6. **T1513: Screen Capture** - Not explicitly mentioned, but FlixOnline's ability to create fake login screens for other apps implies it may be able to capture screen activity.
7. **T1428: Exploitation of Remote Services** - FlixOnline spreads via automatic replies to a device’s incoming WhatsApp messages, which could be considered exploitation of remote services.

Here are the main technique IDs, excluding subtechnique IDs:

T1398, T1517, T1635, T1409, T1421","T1398, T1409, T1421, T1428, T1513, T1517, T1635","T1409, T1517","T1398, T1421, T1428, T1513, T1635","T1417, T1624, T1628, T1643",0.2857142857142857,0.3333333333333333,0.3076923076923076,extra predicted IDs / false positives; missed gold IDs / false negatives,6,7,2,5,4,9,,,
32,Enterprise,"NGLite is a backdoor Trojan designed to execute commands received through its command and control (C2) channel. While its capabilities are typical for a backdoor, NGLite stands out for using a novel C2 channel that leverages a decentralized network based on the legitimate NKN (New Kind of Network) protocol for communication between the backdoor and threat actors. NGLite initially beacons to the NKN network via an HTTP POST request over TCP port 30003. It uses an AES-encrypted channel for C2 communication, with one observed instance employing the encryption key ""WHATswrongwithUu."" NGLite abuses NKN infrastructure to facilitate its C2 communication. It identifies the victim system's MAC and IPv4 addresses to establish a unique victim identifier. Additionally, NGLite executes the ""whoami"" command to collect system information and transmit it back to the C2 server.","Extract all MITRE Enterprise attack patterns from the following text and map them to their corresponding MITRE technique IDs. Provide reasoning for each identification. Ensure the final line contains only the IDs for the main techniques, separated by commas, excluding any subtechnique IDs. MITRE Enterprise IDs are given below as reference.  **Text:** NGLite is a backdoor Trojan designed to execute commands received through its command and control (C2) channel. While its capabilities are typical for a backdoor, NGLite stands out for using a novel C2 channel that leverages a decentralized network based on the legitimate NKN (New Kind of Network) protocol for communication between the backdoor and threat actors. NGLite initially beacons to the NKN network via an HTTP POST request over TCP port 30003. It uses an AES-encrypted channel for C2 communication, with one observed instance employing the encryption key ""WHATswrongwithUu."" NGLite abuses NKN infrastructure to facilitate its C2 communication. It identifies the victim system's MAC and IPv4 addresses to establish a unique victim identifier. Additionally, NGLite executes the ""whoami"" command to collect system information and transmit it back to the C2 server.  **List of All MITRE Enterprise technique IDs** ID    : Name T1548 : Abuse Elevation Control Mechanism T1134 : Access Token Manipulation T1531 : Account Access Removal T1087 : Account Discovery T1098 : Account Manipulation T1650 : Acquire Access T1583 : Acquire Infrastructure T1595 : Active Scanning T1557 : Adversary-in-the-Middle T1071 : Application Layer Protocol T1010 : Application Window Discovery T1560 : Archive Collected Data T1123 : Audio Capture T1119 : Automated Collection T1020 : Automated Exfiltration T1197 : BITS Jobs T1547 : Boot or Logon Autostart Execution T1037 : Boot or Logon Initialization Scripts T1176 : Browser Extensions T1217 : Browser Information Discovery T1185 : Browser Session Hijacking T1110 : Brute Force T1612 : Build Image on Host T1115 : Clipboard Data T1651 : Cloud Administration Command T1580 : Cloud Infrastructure Discovery T1538 : Cloud Service Dashboard T1526 : Cloud Service Discovery T1619 : Cloud Storage Object Discovery T1059 : Command and Scripting Interpreter T1092 : Communication Through Removable Media T1586 : Compromise Accounts T1554 : Compromise Host Software Binary T1584 : Compromise Infrastructure T1609 : Container Administration Command T1613 : Container and Resource Discovery T1659 : Content Injection T1136 : Create Account T1543 : Create or Modify System Process T1555 : Credentials from Password Stores T1485 : Data Destruction T1132 : Data Encoding T1486 : Data Encrypted for Impact T1530 : Data from Cloud Storage T1602 : Data from Configuration Repository T1213 : Data from Information Repositories T1005 : Data from Local System T1039 : Data from Network Shared Drive T1025 : Data from Removable Media T1565 : Data Manipulation T1001 : Data Obfuscation T1074 : Data Staged T1030 : Data Transfer Size Limits T1622 : Debugger Evasion T1491 : Defacement T1140 : Deobfuscate/Decode Files or Information T1610 : Deploy Container T1587 : Develop Capabilities T1652 : Device Driver Discovery T1006 : Direct Volume Access T1561 : Disk Wipe T1484 : Domain or Tenant Policy Modification T1482 : Domain Trust Discovery T1189 : Drive-by Compromise T1568 : Dynamic Resolution T1114 : Email Collection T1573 : Encrypted Channel T1499 : Endpoint Denial of Service T1611 : Escape to Host T1585 : Establish Accounts T1546 : Event Triggered Execution T1480 : Execution Guardrails T1048 : Exfiltration Over Alternative Protocol T1041 : Exfiltration Over C2 Channel T1011 : Exfiltration Over Other Network Medium T1052 : Exfiltration Over Physical Medium T1567 : Exfiltration Over Web Service T1190 : Exploit Public-Facing Application T1203 : Exploitation for Client Execution T1212 : Exploitation for Credential Access T1211 : Exploitation for Defense Evasion T1068 : Exploitation for Privilege Escalation T1210 : Exploitation of Remote Services T1133 : External Remote Services T1008 : Fallback Channels T1083 : File and Directory Discovery T1222 : File and Directory Permissions Modification T1657 : Financial Theft T1495 : Firmware Corruption T1187 : Forced Authentication T1606 : Forge Web Credentials T1592 : Gather Victim Host Information T1589 : Gather Victim Identity Information T1590 : Gather Victim Network Information T1591 : Gather Victim Org Information T1615 : Group Policy Discovery T1200 : Hardware Additions T1564 : Hide Artifacts T1665 : Hide Infrastructure T1574 : Hijack Execution Flow T1562 : Impair Defenses T1656 : Impersonation T1525 : Implant Internal Image T1070 : Indicator Removal T1202 : Indirect Command Execution T1105 : Ingress Tool Transfer T1490 : Inhibit System Recovery T1056 : Input Capture T1559 : Inter-Process Communication T1534 : Internal Spearphishing T1570 : Lateral Tool Transfer T1654 : Log Enumeration T1036 : Masquerading T1556 : Modify Authentication Process T1578 : Modify Cloud Compute Infrastructure T1112 : Modify Registry T1601 : Modify System Image T1111 : Multi-Factor Authentication Interception T1621 : Multi-Factor Authentication Request Generation T1104 : Multi-Stage Channels T1106 : Native API T1599 : Network Boundary Bridging T1498 : Network Denial of Service T1046 : Network Service Discovery T1135 : Network Share Discovery T1040 : Network Sniffing T1095 : Non-Application Layer Protocol T1571 : Non-Standard Port T1027 : Obfuscated Files or Information T1588 : Obtain Capabilities T1137 : Office Application Startup T1003 : OS Credential Dumping T1201 : Password Policy Discovery T1120 : Peripheral Device Discovery T1069 : Permission Groups Discovery T1566 : Phishing T1598 : Phishing for Information T1647 : Plist File Modification T1653 : Power Settings T1542 : Pre-OS Boot T1057 : Process Discovery T1055 : Process Injection T1572 : Protocol Tunneling T1090 : Proxy T1012 : Query Registry T1620 : Reflective Code Loading T1219 : Remote Access Software T1563 : Remote Service Session Hijacking T1021 : Remote Services T1018 : Remote System Discovery T1091 : Replication Through Removable Media T1496 : Resource Hijacking T1207 : Rogue Domain Controller T1014 : Rootkit T1053 : Scheduled Task/Job T1029 : Scheduled Transfer T1113 : Screen Capture T1597 : Search Closed Sources T1596 : Search Open Technical Databases T1593 : Search Open Websites/Domains T1594 : Search Victim-Owned Websites T1505 : Server Software Component T1648 : Serverless Execution T1489 : Service Stop T1129 : Shared Modules T1072 : Software Deployment Tools T1518 : Software Discovery T1608 : Stage Capabilities T1528 : Steal Application Access Token T1649 : Steal or Forge Authentication Certificates T1558 : Steal or Forge Kerberos Tickets T1539 : Steal Web Session Cookie T1553 : Subvert Trust Controls T1195 : Supply Chain Compromise T1218 : System Binary Proxy Execution T1082 : System Information Discovery T1614 : System Location Discovery T1016 : System Network Configuration Discovery T1049 : System Network Connections Discovery T1033 : System Owner/User Discovery T1216 : System Script Proxy Execution T1007 : System Service Discovery T1569 : System Services T1529 : System Shutdown/Reboot T1124 : System Time Discovery T1080 : Taint Shared Content T1221 : Template Injection T1205 : Traffic Signaling T1537 : Transfer Data to Cloud Account T1127 : Trusted Developer Utilities Proxy Execution T1199 : Trusted Relationship T1552 : Unsecured Credentials T1535 : Unused/Unsupported Cloud Regions T1550 : Use Alternate Authentication Material T1204 : User Execution T1078 : Valid Accounts T1125 : Video Capture T1497 : Virtualization/Sandbox Evasion T1600 : Weaken Encryption T1102 : Web Service T1047 : Windows Management Instrumentation T1220 : XSL Script Processing     ","T1016, T1033, T1071, T1090, T1573","After analyzing the provided text, I have identified the following MITRE Enterprise attack patterns and mapped them to their corresponding technique IDs:

1. **T1548**: Abuse Elevation Control Mechanism - NGLite abuses NKN infrastructure to facilitate its C2 communication.
2. **T1071**: Application Layer Protocol - NGLite uses an HTTP POST request over TCP port 30003 for initial beaconing.
3. **T1059**: Command and Scripting Interpreter - NGLite executes the ""whoami"" command to collect system information.
4. **T1557**: Adversary-in-the-Middle - NGLite's C2 channel is encrypted, but the encryption key is hardcoded (""WHATswrongwithUu"").
5. **T1530**: Data from Cloud Storage - NGLite identifies the victim system's MAC and IPv4 addresses to establish a unique victim identifier.
6. **T1001**: Data Obfuscation - The text does not explicitly mention data obfuscation, but it is possible that NGLite uses AES encryption for C2 communication.
7. **T1573**: Encrypted Channel - NGLite uses an AES-encrypted channel for C2 communication.

Here are the main technique IDs, excluding subtechnique IDs:

T1548, T1071, T1059, T1557, T1530, T1001, T1573","T1001, T1059, T1071, T1530, T1548, T1557, T1573","T1071, T1573","T1001, T1059, T1530, T1548, T1557","T1016, T1033, T1090",0.2857142857142857,0.4,0.3333333333333333,extra predicted IDs / false positives; missed gold IDs / false negatives,5,7,2,5,3,8,,,
34,Mobile,"HilalRAT is a remote access Android malware developed and used by UNC788. It has the capability to collect various types of data, such as device location and call logs, and can perform actions like activating a device's camera and microphone. HilalRAT can activate a device's microphone and camera, access its location, retrieve contact lists and SMS messages, and access and extract files stored on the device.","Extract all MITRE Mobile attack patterns from the following text and map them to their corresponding MITRE technique IDs. Provide reasoning for each identification. Ensure the final line contains only the IDs for the main techniques, separated by commas, excluding any subtechnique IDs. MITRE Mobile IDs are given below as reference.  **Text:** HilalRAT is a remote access Android malware developed and used by UNC788. It has the capability to collect various types of data, such as device location and call logs, and can perform actions like activating a device's camera and microphone. HilalRAT can activate a device's microphone and camera, access its location, retrieve contact lists and SMS messages, and access and extract files stored on the device.  **List of All MITRE Mobile technique IDs** ID    : Name T1626 : Abuse Elevation Control Mechanism T1517 : Access Notifications T1640 : Account Access Removal T1638 : Adversary-in-the-Middle T1437 : Application Layer Protocol T1661 : Application Versioning T1532 : Archive Collected Data T1429 : Audio Capture T1398 : Boot or Logon Initialization Scripts T1616 : Call Control T1414 : Clipboard Data T1623 : Command and Scripting Interpreter T1577 : Compromise Application Executable T1645 : Compromise Client Software Binary T1634 : Credentials from Password Store T1662 : Data Destruction T1471 : Data Encrypted for Impact T1533 : Data from Local System T1641 : Data Manipulation T1407 : Download New Code at Runtime T1456 : Drive-By Compromise T1637 : Dynamic Resolution T1521 : Encrypted Channel T1642 : Endpoint Denial of Service T1624 : Event Triggered Execution T1627 : Execution Guardrails T1639 : Exfiltration Over Alternative Protocol T1646 : Exfiltration Over C2 Channel T1658 : Exploitation for Client Execution T1664 : Exploitation for Initial Access T1404 : Exploitation for Privilege Escalation T1428 : Exploitation of Remote Services T1420 : File and Directory Discovery T1541 : Foreground Persistence T1643 : Generate Traffic from Victim T1628 : Hide Artifacts T1625 : Hijack Execution Flow T1617 : Hooking T1629 : Impair Defenses T1630 : Indicator Removal on Host T1544 : Ingress Tool Transfer T1417 : Input Capture T1516 : Input Injection T1430 : Location Tracking T1461 : Lockscreen Bypass T1655 : Masquerading T1575 : Native API T1464 : Network Denial of Service T1423 : Network Service Scanning T1509 : Non-Standard Port T1406 : Obfuscated Files or Information T1644 : Out of Band Data T1660 : Phishing T1424 : Process Discovery T1631 : Process Injection T1636 : Protected User Data T1604 : Proxy Through Victim T1663 : Remote Access Software T1458 : Replication Through Removable Media T1603 : Scheduled Task/Job T1513 : Screen Capture T1582 : SMS Control T1418 : Software Discovery T1635 : Steal Application Access Token T1409 : Stored Application Data T1632 : Subvert Trust Controls T1474 : Supply Chain Compromise T1426 : System Information Discovery T1422 : System Network Configuration Discovery T1421 : System Network Connections Discovery T1512 : Video Capture T1633 : Virtualization/Sandbox Evasion T1481 : Web Service     ","T1409, T1429, T1430, T1512, T1636","After analyzing the text, I have identified the following MITRE Mobile attack patterns and mapped them to their corresponding technique IDs:

1. **T1437: Application Layer Protocol** - HilalRAT can access a device's location, which implies it uses an application layer protocol to communicate with its C2 server.
2. **T1429: Audio Capture** - HilalRAT can activate a device's microphone, which is a clear indication of audio capture capabilities.
3. **T1532: Archive Collected Data** - HilalRAT can collect various types of data, such as device location and call logs, which implies it archives collected data for later exfiltration or analysis.
4. **T1407: Download New Code at Runtime** - Although not explicitly mentioned in the text, HilalRAT's ability to perform actions like activating a device's camera and microphone suggests that it may download new code at runtime to execute these actions.
5. **T1639: Exfiltration Over Alternative Protocol** - HilalRAT can access and extract files stored on the device, which implies it exfiltrates data over an alternative protocol (e.g., HTTP or FTP).
6. **T1423: Network Service Scanning** - HilalRAT's ability to access a device's location suggests that it scans for network services to identify potential targets.
7. **T1512: Video Capture** - HilalRAT can activate a device's camera, which is a clear indication of video capture capabilities.

Here are the main technique IDs, excluding subtechnique IDs:

T1437, T1429, T1532, T1407, T1639, T1423, T1512","T1407, T1423, T1429, T1437, T1512, T1532, T1639","T1429, T1512","T1407, T1423, T1437, T1532, T1639","T1409, T1430, T1636",0.2857142857142857,0.4,0.3333333333333333,extra predicted IDs / false positives; missed gold IDs / false negatives,5,7,2,5,3,8,,,
36,Enterprise,"SLIGHTPULSE is a web shell that has been used by APT5 since at least 2020, including in attacks against Pulse Secure VPNs targeting U.S. Defense Industrial Base (DIB) entities. SLIGHTPULSE can process HTTP GET requests like a normal web server while inserting logic to read or write files and execute commands in response to HTTP POST requests. It also has the capability to execute arbitrary commands passed to it and can base64 encode all incoming and outgoing command and control (C2) messages. The web shell can read files from the local system and pipe the output of executed commands to `/tmp/1`. Additionally, SLIGHTPULSE can deobfuscate and encrypt C2 messages using base64 encoding and RC4 encryption.","Extract all MITRE Enterprise attack patterns from the following text and map them to their corresponding MITRE technique IDs. Provide reasoning for each identification. Ensure the final line contains only the IDs for the main techniques, separated by commas, excluding any subtechnique IDs. MITRE Enterprise IDs are given below as reference.  **Text:** SLIGHTPULSE is a web shell that has been used by APT5 since at least 2020, including in attacks against Pulse Secure VPNs targeting U.S. Defense Industrial Base (DIB) entities. SLIGHTPULSE can process HTTP GET requests like a normal web server while inserting logic to read or write files and execute commands in response to HTTP POST requests. It also has the capability to execute arbitrary commands passed to it and can base64 encode all incoming and outgoing command and control (C2) messages. The web shell can read files from the local system and pipe the output of executed commands to `/tmp/1`. Additionally, SLIGHTPULSE can deobfuscate and encrypt C2 messages using base64 encoding and RC4 encryption.  **List of All MITRE Enterprise technique IDs** ID    : Name T1548 : Abuse Elevation Control Mechanism T1134 : Access Token Manipulation T1531 : Account Access Removal T1087 : Account Discovery T1098 : Account Manipulation T1650 : Acquire Access T1583 : Acquire Infrastructure T1595 : Active Scanning T1557 : Adversary-in-the-Middle T1071 : Application Layer Protocol T1010 : Application Window Discovery T1560 : Archive Collected Data T1123 : Audio Capture T1119 : Automated Collection T1020 : Automated Exfiltration T1197 : BITS Jobs T1547 : Boot or Logon Autostart Execution T1037 : Boot or Logon Initialization Scripts T1176 : Browser Extensions T1217 : Browser Information Discovery T1185 : Browser Session Hijacking T1110 : Brute Force T1612 : Build Image on Host T1115 : Clipboard Data T1651 : Cloud Administration Command T1580 : Cloud Infrastructure Discovery T1538 : Cloud Service Dashboard T1526 : Cloud Service Discovery T1619 : Cloud Storage Object Discovery T1059 : Command and Scripting Interpreter T1092 : Communication Through Removable Media T1586 : Compromise Accounts T1554 : Compromise Host Software Binary T1584 : Compromise Infrastructure T1609 : Container Administration Command T1613 : Container and Resource Discovery T1659 : Content Injection T1136 : Create Account T1543 : Create or Modify System Process T1555 : Credentials from Password Stores T1485 : Data Destruction T1132 : Data Encoding T1486 : Data Encrypted for Impact T1530 : Data from Cloud Storage T1602 : Data from Configuration Repository T1213 : Data from Information Repositories T1005 : Data from Local System T1039 : Data from Network Shared Drive T1025 : Data from Removable Media T1565 : Data Manipulation T1001 : Data Obfuscation T1074 : Data Staged T1030 : Data Transfer Size Limits T1622 : Debugger Evasion T1491 : Defacement T1140 : Deobfuscate/Decode Files or Information T1610 : Deploy Container T1587 : Develop Capabilities T1652 : Device Driver Discovery T1006 : Direct Volume Access T1561 : Disk Wipe T1484 : Domain or Tenant Policy Modification T1482 : Domain Trust Discovery T1189 : Drive-by Compromise T1568 : Dynamic Resolution T1114 : Email Collection T1573 : Encrypted Channel T1499 : Endpoint Denial of Service T1611 : Escape to Host T1585 : Establish Accounts T1546 : Event Triggered Execution T1480 : Execution Guardrails T1048 : Exfiltration Over Alternative Protocol T1041 : Exfiltration Over C2 Channel T1011 : Exfiltration Over Other Network Medium T1052 : Exfiltration Over Physical Medium T1567 : Exfiltration Over Web Service T1190 : Exploit Public-Facing Application T1203 : Exploitation for Client Execution T1212 : Exploitation for Credential Access T1211 : Exploitation for Defense Evasion T1068 : Exploitation for Privilege Escalation T1210 : Exploitation of Remote Services T1133 : External Remote Services T1008 : Fallback Channels T1083 : File and Directory Discovery T1222 : File and Directory Permissions Modification T1657 : Financial Theft T1495 : Firmware Corruption T1187 : Forced Authentication T1606 : Forge Web Credentials T1592 : Gather Victim Host Information T1589 : Gather Victim Identity Information T1590 : Gather Victim Network Information T1591 : Gather Victim Org Information T1615 : Group Policy Discovery T1200 : Hardware Additions T1564 : Hide Artifacts T1665 : Hide Infrastructure T1574 : Hijack Execution Flow T1562 : Impair Defenses T1656 : Impersonation T1525 : Implant Internal Image T1070 : Indicator Removal T1202 : Indirect Command Execution T1105 : Ingress Tool Transfer T1490 : Inhibit System Recovery T1056 : Input Capture T1559 : Inter-Process Communication T1534 : Internal Spearphishing T1570 : Lateral Tool Transfer T1654 : Log Enumeration T1036 : Masquerading T1556 : Modify Authentication Process T1578 : Modify Cloud Compute Infrastructure T1112 : Modify Registry T1601 : Modify System Image T1111 : Multi-Factor Authentication Interception T1621 : Multi-Factor Authentication Request Generation T1104 : Multi-Stage Channels T1106 : Native API T1599 : Network Boundary Bridging T1498 : Network Denial of Service T1046 : Network Service Discovery T1135 : Network Share Discovery T1040 : Network Sniffing T1095 : Non-Application Layer Protocol T1571 : Non-Standard Port T1027 : Obfuscated Files or Information T1588 : Obtain Capabilities T1137 : Office Application Startup T1003 : OS Credential Dumping T1201 : Password Policy Discovery T1120 : Peripheral Device Discovery T1069 : Permission Groups Discovery T1566 : Phishing T1598 : Phishing for Information T1647 : Plist File Modification T1653 : Power Settings T1542 : Pre-OS Boot T1057 : Process Discovery T1055 : Process Injection T1572 : Protocol Tunneling T1090 : Proxy T1012 : Query Registry T1620 : Reflective Code Loading T1219 : Remote Access Software T1563 : Remote Service Session Hijacking T1021 : Remote Services T1018 : Remote System Discovery T1091 : Replication Through Removable Media T1496 : Resource Hijacking T1207 : Rogue Domain Controller T1014 : Rootkit T1053 : Scheduled Task/Job T1029 : Scheduled Transfer T1113 : Screen Capture T1597 : Search Closed Sources T1596 : Search Open Technical Databases T1593 : Search Open Websites/Domains T1594 : Search Victim-Owned Websites T1505 : Server Software Component T1648 : Serverless Execution T1489 : Service Stop T1129 : Shared Modules T1072 : Software Deployment Tools T1518 : Software Discovery T1608 : Stage Capabilities T1528 : Steal Application Access Token T1649 : Steal or Forge Authentication Certificates T1558 : Steal or Forge Kerberos Tickets T1539 : Steal Web Session Cookie T1553 : Subvert Trust Controls T1195 : Supply Chain Compromise T1218 : System Binary Proxy Execution T1082 : System Information Discovery T1614 : System Location Discovery T1016 : System Network Configuration Discovery T1049 : System Network Connections Discovery T1033 : System Owner/User Discovery T1216 : System Script Proxy Execution T1007 : System Service Discovery T1569 : System Services T1529 : System Shutdown/Reboot T1124 : System Time Discovery T1080 : Taint Shared Content T1221 : Template Injection T1205 : Traffic Signaling T1537 : Transfer Data to Cloud Account T1127 : Trusted Developer Utilities Proxy Execution T1199 : Trusted Relationship T1552 : Unsecured Credentials T1535 : Unused/Unsupported Cloud Regions T1550 : Use Alternate Authentication Material T1204 : User Execution T1078 : Valid Accounts T1125 : Video Capture T1497 : Virtualization/Sandbox Evasion T1600 : Weaken Encryption T1102 : Web Service T1047 : Windows Management Instrumentation T1220 : XSL Script Processing     ","T1005, T1059, T1071, T1074, T1132, T1140, T1573","After analyzing the provided text, I have identified the following MITRE Enterprise attack patterns and mapped them to their corresponding technique IDs:

1. **T1134**: Access Token Manipulation - The web shell can process HTTP GET requests like a normal web server while inserting logic to read or write files and execute commands in response to HTTP POST requests.
2. **T1548**: Abuse Elevation Control Mechanism - SLIGHTPULSE can deobfuscate and encrypt C2 messages using base64 encoding and RC4 encryption, which may indicate an attempt to bypass security controls.
3. **T1059**: Command and Scripting Interpreter - The web shell can execute arbitrary commands passed to it.
4. **T1041**: Exfiltration Over C2 Channel - SLIGHTPULSE can base64 encode all incoming and outgoing command and control (C2) messages.
5. **T1071**: Application Layer Protocol - The web shell can process HTTP GET requests like a normal web server while inserting logic to read or write files and execute commands in response to HTTP POST requests.

Here are the main technique IDs, excluding subtechnique IDs:

T1134, T1548, T1059, T1041, T1071","T1041, T1059, T1071, T1134, T1548","T1059, T1071","T1041, T1134, T1548","T1005, T1074, T1132, T1140, T1573",0.4,0.2857142857142857,0.3333333333333333,extra predicted IDs / false positives; missed gold IDs / false negatives,7,5,2,3,5,8,,,
3,Mobile,"AbstractEmu is mobile malware that was first detected in October 2021 on Google Play and other third-party app stores. It was found in 19 Android applications, with at least 7 exploiting known Android vulnerabilities to gain root permissions. While primarily affecting users in the United States, AbstractEmu’s reach extends to victims across 17 countries. The malware can modify system settings to grant itself device administrator privileges, monitor notifications, and communicate with its command and control (C2) server via HTTP. AbstractEmu can also grant itself microphone and camera permissions, access location data, and disable Play Protect. Additionally, it can collect extensive device information, including the manufacturer, model, version, serial number, telephone number, IP address, and SIM information. AbstractEmu can download and install additional malware post-infection, access call logs, intercept SMS messages containing two-factor authentication codes, and obtain a list of installed applications. The malware uses encoded shell scripts and exploit binaries to facilitate the rooting process and can silently gain permissions or install additional malware using rooting exploits. To evade detection, AbstractEmu employs code abstraction and anti-emulation checks.","Extract all MITRE Mobile attack patterns from the following text and map them to their corresponding MITRE technique IDs. Provide reasoning for each identification. Ensure the final line contains only the IDs for the main techniques, separated by commas, excluding any subtechnique IDs. MITRE Mobile IDs are given below as reference.  **Text:** AbstractEmu is mobile malware that was first detected in October 2021 on Google Play and other third-party app stores. It was found in 19 Android applications, with at least 7 exploiting known Android vulnerabilities to gain root permissions. While primarily affecting users in the United States, AbstractEmu’s reach extends to victims across 17 countries. The malware can modify system settings to grant itself device administrator privileges, monitor notifications, and communicate with its command and control (C2) server via HTTP. AbstractEmu can also grant itself microphone and camera permissions, access location data, and disable Play Protect. Additionally, it can collect extensive device information, including the manufacturer, model, version, serial number, telephone number, IP address, and SIM information. AbstractEmu can download and install additional malware post-infection, access call logs, intercept SMS messages containing two-factor authentication codes, and obtain a list of installed applications. The malware uses encoded shell scripts and exploit binaries to facilitate the rooting process and can silently gain permissions or install additional malware using rooting exploits. To evade detection, AbstractEmu employs code abstraction and anti-emulation checks.  **List of All MITRE Mobile technique IDs** ID    : Name T1626 : Abuse Elevation Control Mechanism T1517 : Access Notifications T1640 : Account Access Removal T1638 : Adversary-in-the-Middle T1437 : Application Layer Protocol T1661 : Application Versioning T1532 : Archive Collected Data T1429 : Audio Capture T1398 : Boot or Logon Initialization Scripts T1616 : Call Control T1414 : Clipboard Data T1623 : Command and Scripting Interpreter T1577 : Compromise Application Executable T1645 : Compromise Client Software Binary T1634 : Credentials from Password Store T1662 : Data Destruction T1471 : Data Encrypted for Impact T1533 : Data from Local System T1641 : Data Manipulation T1407 : Download New Code at Runtime T1456 : Drive-By Compromise T1637 : Dynamic Resolution T1521 : Encrypted Channel T1642 : Endpoint Denial of Service T1624 : Event Triggered Execution T1627 : Execution Guardrails T1639 : Exfiltration Over Alternative Protocol T1646 : Exfiltration Over C2 Channel T1658 : Exploitation for Client Execution T1664 : Exploitation for Initial Access T1404 : Exploitation for Privilege Escalation T1428 : Exploitation of Remote Services T1420 : File and Directory Discovery T1541 : Foreground Persistence T1643 : Generate Traffic from Victim T1628 : Hide Artifacts T1625 : Hijack Execution Flow T1617 : Hooking T1629 : Impair Defenses T1630 : Indicator Removal on Host T1544 : Ingress Tool Transfer T1417 : Input Capture T1516 : Input Injection T1430 : Location Tracking T1461 : Lockscreen Bypass T1655 : Masquerading T1575 : Native API T1464 : Network Denial of Service T1423 : Network Service Scanning T1509 : Non-Standard Port T1406 : Obfuscated Files or Information T1644 : Out of Band Data T1660 : Phishing T1424 : Process Discovery T1631 : Process Injection T1636 : Protected User Data T1604 : Proxy Through Victim T1663 : Remote Access Software T1458 : Replication Through Removable Media T1603 : Scheduled Task/Job T1513 : Screen Capture T1582 : SMS Control T1418 : Software Discovery T1635 : Steal Application Access Token T1409 : Stored Application Data T1632 : Subvert Trust Controls T1474 : Supply Chain Compromise T1426 : System Information Discovery T1422 : System Network Configuration Discovery T1421 : System Network Connections Discovery T1512 : Video Capture T1633 : Virtualization/Sandbox Evasion T1481 : Web Service     ","T1404, T1406, T1407, T1418, T1422, T1426, T1429, T1430, T1437, T1512, T1517, T1533, T1544, T1623, T1626, T1629, T1633, T1636, T1646","Here are the MITRE Mobile attack patterns extracted from the text, mapped to their corresponding technique IDs:

1. **T1626: Abuse Elevation Control Mechanism** - AbstractEmu modifies system settings to grant itself device administrator privileges.
2. **T1517: Access Notifications** - The malware monitors notifications.
3. **T1404: Exploitation for Privilege Escalation** - At least 7 Android applications exploiting known vulnerabilities to gain root permissions.
4. **T1429: Audio Capture** - AbstractEmu can grant itself microphone and camera permissions.
5. **T1532: Archive Collected Data** - The malware collects extensive device information, including the manufacturer, model, version, serial number, telephone number, IP address, and SIM information.
6. **T1407: Download New Code at Runtime** - AbstractEmu can download and install additional malware post-infection.
7. **T1513: Screen Capture** - The malware can access call logs and intercept SMS messages containing two-factor authentication codes.
8. **T1582: SMS Control** - The malware can obtain a list of installed applications.
9. **T1625: Hijack Execution Flow** - AbstractEmu uses encoded shell scripts and exploit binaries to facilitate the rooting process.
10. **T1630: Indicator Removal on Host** - To evade detection, AbstractEmu employs code abstraction and anti-emulation checks.

Main techniques (excluding subtechnique IDs), separated by commas:

T1626, T1517, T1404, T1429, T1532, T1407, T1582","T1404, T1407, T1429, T1513, T1517, T1532, T1582, T1625, T1626, T1630","T1404, T1407, T1429, T1517, T1626","T1513, T1532, T1582, T1625, T1630","T1406, T1418, T1422, T1426, T1430, T1437, T1512, T1533, T1544, T1623, T1629, T1633, T1636, T1646",0.5,0.2631578947368421,0.3448275862068966,extra predicted IDs / false positives; missed gold IDs / false negatives,19,10,5,5,14,19,,,
20,Mobile,"AndroRAT is an open-source remote access tool (RAT) designed for Android devices. It is capable of collecting various types of data, including device location and call logs, as well as executing actions such as sending SMS messages and capturing photos. Originally, AndroRAT was made available through The404Hacking GitHub repository. The tool can gather audio from the device’s microphone, make phone calls, and track the device’s location via GPS or network settings. Additionally, AndroRAT often disguises itself as legitimate applications and can send SMS messages, collect call logs, and capture photos and videos using the device’s cameras.","Extract all MITRE Mobile attack patterns from the following text and map them to their corresponding MITRE technique IDs. Provide reasoning for each identification. Ensure the final line contains only the IDs for the main techniques, separated by commas, excluding any subtechnique IDs. MITRE Mobile IDs are given below as reference.  **Text:** AndroRAT is an open-source remote access tool (RAT) designed for Android devices. It is capable of collecting various types of data, including device location and call logs, as well as executing actions such as sending SMS messages and capturing photos. Originally, AndroRAT was made available through The404Hacking GitHub repository. The tool can gather audio from the device’s microphone, make phone calls, and track the device’s location via GPS or network settings. Additionally, AndroRAT often disguises itself as legitimate applications and can send SMS messages, collect call logs, and capture photos and videos using the device’s cameras.  **List of All MITRE Mobile technique IDs** ID    : Name T1626 : Abuse Elevation Control Mechanism T1517 : Access Notifications T1640 : Account Access Removal T1638 : Adversary-in-the-Middle T1437 : Application Layer Protocol T1661 : Application Versioning T1532 : Archive Collected Data T1429 : Audio Capture T1398 : Boot or Logon Initialization Scripts T1616 : Call Control T1414 : Clipboard Data T1623 : Command and Scripting Interpreter T1577 : Compromise Application Executable T1645 : Compromise Client Software Binary T1634 : Credentials from Password Store T1662 : Data Destruction T1471 : Data Encrypted for Impact T1533 : Data from Local System T1641 : Data Manipulation T1407 : Download New Code at Runtime T1456 : Drive-By Compromise T1637 : Dynamic Resolution T1521 : Encrypted Channel T1642 : Endpoint Denial of Service T1624 : Event Triggered Execution T1627 : Execution Guardrails T1639 : Exfiltration Over Alternative Protocol T1646 : Exfiltration Over C2 Channel T1658 : Exploitation for Client Execution T1664 : Exploitation for Initial Access T1404 : Exploitation for Privilege Escalation T1428 : Exploitation of Remote Services T1420 : File and Directory Discovery T1541 : Foreground Persistence T1643 : Generate Traffic from Victim T1628 : Hide Artifacts T1625 : Hijack Execution Flow T1617 : Hooking T1629 : Impair Defenses T1630 : Indicator Removal on Host T1544 : Ingress Tool Transfer T1417 : Input Capture T1516 : Input Injection T1430 : Location Tracking T1461 : Lockscreen Bypass T1655 : Masquerading T1575 : Native API T1464 : Network Denial of Service T1423 : Network Service Scanning T1509 : Non-Standard Port T1406 : Obfuscated Files or Information T1644 : Out of Band Data T1660 : Phishing T1424 : Process Discovery T1631 : Process Injection T1636 : Protected User Data T1604 : Proxy Through Victim T1663 : Remote Access Software T1458 : Replication Through Removable Media T1603 : Scheduled Task/Job T1513 : Screen Capture T1582 : SMS Control T1418 : Software Discovery T1635 : Steal Application Access Token T1409 : Stored Application Data T1632 : Subvert Trust Controls T1474 : Supply Chain Compromise T1426 : System Information Discovery T1422 : System Network Configuration Discovery T1421 : System Network Connections Discovery T1512 : Video Capture T1633 : Virtualization/Sandbox Evasion T1481 : Web Service     ","T1422, T1429, T1430, T1512, T1582, T1616, T1636, T1655","After analyzing the text, I have identified the following MITRE Mobile attack patterns and mapped them to their corresponding technique IDs:

1. **T1429: Audio Capture** - AndroRAT can gather audio from the device's microphone.
2. **T1430: Location Tracking** - The tool can track the device's location via GPS or network settings.
3. **T1516: Input Injection** - AndroRAT can execute actions such as sending SMS messages and capturing photos, which implies input injection.
4. **T1532: Archive Collected Data** - The tool can collect various types of data, including call logs and device location.
5. **T1582: SMS Control** - AndroRAT can send SMS messages.
6. **T1513: Screen Capture** - The tool can capture photos and videos using the device's cameras.
7. **T1421: System Network Connections Discovery** - The tool can gather information about the device's network connections.

Here are the main technique IDs, excluding subtechnique IDs:

T1429, T1430, T1516, T1532, T1582, T1513, T1421","T1421, T1429, T1430, T1513, T1516, T1532, T1582","T1429, T1430, T1582","T1421, T1513, T1516, T1532","T1422, T1512, T1616, T1636, T1655",0.4285714285714285,0.375,0.3999999999999999,extra predicted IDs / false positives; missed gold IDs / false negatives,8,7,3,4,5,9,,,
40,Enterprise,"WARPWIRE is a JavaScript-based credential stealer that targets plaintext usernames and passwords for exfiltration. It was deployed during the Cutting Edge campaign to compromise Ivanti Connect Secure VPNs. WARPWIRE operates as a credential harvester written in JavaScript and can embed itself into legitimate files on compromised Ivanti Connect Secure VPNs. It Base64 encodes captured credentials using `btoa()` before transmitting them to its command and control (C2) server. The stolen credentials are sent via HTTP GET or POST requests. Additionally, WARPWIRE can intercept credentials submitted during the web logon process, enabling access to layer seven applications such as Remote Desktop Protocol (RDP).","Extract all MITRE Enterprise attack patterns from the following text and map them to their corresponding MITRE technique IDs. Provide reasoning for each identification. Ensure the final line contains only the IDs for the main techniques, separated by commas, excluding any subtechnique IDs. MITRE Enterprise IDs are given below as reference.  **Text:** WARPWIRE is a JavaScript-based credential stealer that targets plaintext usernames and passwords for exfiltration. It was deployed during the Cutting Edge campaign to compromise Ivanti Connect Secure VPNs. WARPWIRE operates as a credential harvester written in JavaScript and can embed itself into legitimate files on compromised Ivanti Connect Secure VPNs. It Base64 encodes captured credentials using `btoa()` before transmitting them to its command and control (C2) server. The stolen credentials are sent via HTTP GET or POST requests. Additionally, WARPWIRE can intercept credentials submitted during the web logon process, enabling access to layer seven applications such as Remote Desktop Protocol (RDP).  **List of All MITRE Enterprise technique IDs** ID    : Name T1548 : Abuse Elevation Control Mechanism T1134 : Access Token Manipulation T1531 : Account Access Removal T1087 : Account Discovery T1098 : Account Manipulation T1650 : Acquire Access T1583 : Acquire Infrastructure T1595 : Active Scanning T1557 : Adversary-in-the-Middle T1071 : Application Layer Protocol T1010 : Application Window Discovery T1560 : Archive Collected Data T1123 : Audio Capture T1119 : Automated Collection T1020 : Automated Exfiltration T1197 : BITS Jobs T1547 : Boot or Logon Autostart Execution T1037 : Boot or Logon Initialization Scripts T1176 : Browser Extensions T1217 : Browser Information Discovery T1185 : Browser Session Hijacking T1110 : Brute Force T1612 : Build Image on Host T1115 : Clipboard Data T1651 : Cloud Administration Command T1580 : Cloud Infrastructure Discovery T1538 : Cloud Service Dashboard T1526 : Cloud Service Discovery T1619 : Cloud Storage Object Discovery T1059 : Command and Scripting Interpreter T1092 : Communication Through Removable Media T1586 : Compromise Accounts T1554 : Compromise Host Software Binary T1584 : Compromise Infrastructure T1609 : Container Administration Command T1613 : Container and Resource Discovery T1659 : Content Injection T1136 : Create Account T1543 : Create or Modify System Process T1555 : Credentials from Password Stores T1485 : Data Destruction T1132 : Data Encoding T1486 : Data Encrypted for Impact T1530 : Data from Cloud Storage T1602 : Data from Configuration Repository T1213 : Data from Information Repositories T1005 : Data from Local System T1039 : Data from Network Shared Drive T1025 : Data from Removable Media T1565 : Data Manipulation T1001 : Data Obfuscation T1074 : Data Staged T1030 : Data Transfer Size Limits T1622 : Debugger Evasion T1491 : Defacement T1140 : Deobfuscate/Decode Files or Information T1610 : Deploy Container T1587 : Develop Capabilities T1652 : Device Driver Discovery T1006 : Direct Volume Access T1561 : Disk Wipe T1484 : Domain or Tenant Policy Modification T1482 : Domain Trust Discovery T1189 : Drive-by Compromise T1568 : Dynamic Resolution T1114 : Email Collection T1573 : Encrypted Channel T1499 : Endpoint Denial of Service T1611 : Escape to Host T1585 : Establish Accounts T1546 : Event Triggered Execution T1480 : Execution Guardrails T1048 : Exfiltration Over Alternative Protocol T1041 : Exfiltration Over C2 Channel T1011 : Exfiltration Over Other Network Medium T1052 : Exfiltration Over Physical Medium T1567 : Exfiltration Over Web Service T1190 : Exploit Public-Facing Application T1203 : Exploitation for Client Execution T1212 : Exploitation for Credential Access T1211 : Exploitation for Defense Evasion T1068 : Exploitation for Privilege Escalation T1210 : Exploitation of Remote Services T1133 : External Remote Services T1008 : Fallback Channels T1083 : File and Directory Discovery T1222 : File and Directory Permissions Modification T1657 : Financial Theft T1495 : Firmware Corruption T1187 : Forced Authentication T1606 : Forge Web Credentials T1592 : Gather Victim Host Information T1589 : Gather Victim Identity Information T1590 : Gather Victim Network Information T1591 : Gather Victim Org Information T1615 : Group Policy Discovery T1200 : Hardware Additions T1564 : Hide Artifacts T1665 : Hide Infrastructure T1574 : Hijack Execution Flow T1562 : Impair Defenses T1656 : Impersonation T1525 : Implant Internal Image T1070 : Indicator Removal T1202 : Indirect Command Execution T1105 : Ingress Tool Transfer T1490 : Inhibit System Recovery T1056 : Input Capture T1559 : Inter-Process Communication T1534 : Internal Spearphishing T1570 : Lateral Tool Transfer T1654 : Log Enumeration T1036 : Masquerading T1556 : Modify Authentication Process T1578 : Modify Cloud Compute Infrastructure T1112 : Modify Registry T1601 : Modify System Image T1111 : Multi-Factor Authentication Interception T1621 : Multi-Factor Authentication Request Generation T1104 : Multi-Stage Channels T1106 : Native API T1599 : Network Boundary Bridging T1498 : Network Denial of Service T1046 : Network Service Discovery T1135 : Network Share Discovery T1040 : Network Sniffing T1095 : Non-Application Layer Protocol T1571 : Non-Standard Port T1027 : Obfuscated Files or Information T1588 : Obtain Capabilities T1137 : Office Application Startup T1003 : OS Credential Dumping T1201 : Password Policy Discovery T1120 : Peripheral Device Discovery T1069 : Permission Groups Discovery T1566 : Phishing T1598 : Phishing for Information T1647 : Plist File Modification T1653 : Power Settings T1542 : Pre-OS Boot T1057 : Process Discovery T1055 : Process Injection T1572 : Protocol Tunneling T1090 : Proxy T1012 : Query Registry T1620 : Reflective Code Loading T1219 : Remote Access Software T1563 : Remote Service Session Hijacking T1021 : Remote Services T1018 : Remote System Discovery T1091 : Replication Through Removable Media T1496 : Resource Hijacking T1207 : Rogue Domain Controller T1014 : Rootkit T1053 : Scheduled Task/Job T1029 : Scheduled Transfer T1113 : Screen Capture T1597 : Search Closed Sources T1596 : Search Open Technical Databases T1593 : Search Open Websites/Domains T1594 : Search Victim-Owned Websites T1505 : Server Software Component T1648 : Serverless Execution T1489 : Service Stop T1129 : Shared Modules T1072 : Software Deployment Tools T1518 : Software Discovery T1608 : Stage Capabilities T1528 : Steal Application Access Token T1649 : Steal or Forge Authentication Certificates T1558 : Steal or Forge Kerberos Tickets T1539 : Steal Web Session Cookie T1553 : Subvert Trust Controls T1195 : Supply Chain Compromise T1218 : System Binary Proxy Execution T1082 : System Information Discovery T1614 : System Location Discovery T1016 : System Network Configuration Discovery T1049 : System Network Connections Discovery T1033 : System Owner/User Discovery T1216 : System Script Proxy Execution T1007 : System Service Discovery T1569 : System Services T1529 : System Shutdown/Reboot T1124 : System Time Discovery T1080 : Taint Shared Content T1221 : Template Injection T1205 : Traffic Signaling T1537 : Transfer Data to Cloud Account T1127 : Trusted Developer Utilities Proxy Execution T1199 : Trusted Relationship T1552 : Unsecured Credentials T1535 : Unused/Unsupported Cloud Regions T1550 : Use Alternate Authentication Material T1204 : User Execution T1078 : Valid Accounts T1125 : Video Capture T1497 : Virtualization/Sandbox Evasion T1600 : Weaken Encryption T1102 : Web Service T1047 : Windows Management Instrumentation T1220 : XSL Script Processing     ","T1048, T1056, T1059, T1132, T1554","After analyzing the provided text, I have identified the following MITRE Enterprise attack patterns and mapped them to their corresponding technique IDs:

1. **T1059: Command and Scripting Interpreter**: WARPWIRE is a JavaScript-based credential stealer that operates as a credential harvester written in JavaScript.
2. **T1041: Exfiltration Over C2 Channel**: The stolen credentials are sent via HTTP GET or POST requests to the command and control (C2) server.
3. **T1010: Application Window Discovery**: WARPWIRE can intercept credentials submitted during the web logon process, enabling access to layer seven applications such as Remote Desktop Protocol (RDP).
4. **T1555: Credentials from Password Stores**: The credential harvester captures plaintext usernames and passwords for exfiltration.
5. **T1048: Exfiltration Over Alternative Protocol**: The stolen credentials are sent via HTTP GET or POST requests, which is an alternative protocol.

The main technique IDs (excluding subtechnique IDs) are:

T1059, T1041, T1010, T1555, T1048","T1010, T1041, T1048, T1059, T1555","T1048, T1059","T1010, T1041, T1555","T1056, T1132, T1554",0.4,0.4,0.4000000000000001,extra predicted IDs / false positives; missed gold IDs / false negatives,5,5,2,3,3,6,,,
11,Mobile,"AhRat is an Android remote access tool (RAT) derived from the open-source AhMyth RAT. It began spreading in August 2022 through an update to the previously benign app ""iRecorder – Screen Recorder,"" which was originally released on the Google Play Store in September 2021. AhRat is capable of communicating with its command and control (C2) server via HTTPS requests. It can record audio using the device’s microphone and register with the BOOT_COMPLETED broadcast to start automatically when the device is powered on. AhRat can search for and exfiltrate files with specific extensions, such as .jpg, .mp4, .html, .docx, and .pdf, as well as enumerate files stored on external storage. Additionally, it can register with the CONNECTIVITY_CHANGE and WIFI_STATE_CHANGED broadcast events to trigger further functionality. The malware can also track the device's location and exfiltrate collected data, including audio recordings and files, to the C2 server.","Extract all MITRE Mobile attack patterns from the following text and map them to their corresponding MITRE technique IDs. Provide reasoning for each identification. Ensure the final line contains only the IDs for the main techniques, separated by commas, excluding any subtechnique IDs. MITRE Mobile IDs are given below as reference.  **Text:** AhRat is an Android remote access tool (RAT) derived from the open-source AhMyth RAT. It began spreading in August 2022 through an update to the previously benign app ""iRecorder – Screen Recorder,"" which was originally released on the Google Play Store in September 2021. AhRat is capable of communicating with its command and control (C2) server via HTTPS requests. It can record audio using the device’s microphone and register with the BOOT_COMPLETED broadcast to start automatically when the device is powered on. AhRat can search for and exfiltrate files with specific extensions, such as .jpg, .mp4, .html, .docx, and .pdf, as well as enumerate files stored on external storage. Additionally, it can register with the CONNECTIVITY_CHANGE and WIFI_STATE_CHANGED broadcast events to trigger further functionality. The malware can also track the device's location and exfiltrate collected data, including audio recordings and files, to the C2 server.  **List of All MITRE Mobile technique IDs** ID    : Name T1626 : Abuse Elevation Control Mechanism T1517 : Access Notifications T1640 : Account Access Removal T1638 : Adversary-in-the-Middle T1437 : Application Layer Protocol T1661 : Application Versioning T1532 : Archive Collected Data T1429 : Audio Capture T1398 : Boot or Logon Initialization Scripts T1616 : Call Control T1414 : Clipboard Data T1623 : Command and Scripting Interpreter T1577 : Compromise Application Executable T1645 : Compromise Client Software Binary T1634 : Credentials from Password Store T1662 : Data Destruction T1471 : Data Encrypted for Impact T1533 : Data from Local System T1641 : Data Manipulation T1407 : Download New Code at Runtime T1456 : Drive-By Compromise T1637 : Dynamic Resolution T1521 : Encrypted Channel T1642 : Endpoint Denial of Service T1624 : Event Triggered Execution T1627 : Execution Guardrails T1639 : Exfiltration Over Alternative Protocol T1646 : Exfiltration Over C2 Channel T1658 : Exploitation for Client Execution T1664 : Exploitation for Initial Access T1404 : Exploitation for Privilege Escalation T1428 : Exploitation of Remote Services T1420 : File and Directory Discovery T1541 : Foreground Persistence T1643 : Generate Traffic from Victim T1628 : Hide Artifacts T1625 : Hijack Execution Flow T1617 : Hooking T1629 : Impair Defenses T1630 : Indicator Removal on Host T1544 : Ingress Tool Transfer T1417 : Input Capture T1516 : Input Injection T1430 : Location Tracking T1461 : Lockscreen Bypass T1655 : Masquerading T1575 : Native API T1464 : Network Denial of Service T1423 : Network Service Scanning T1509 : Non-Standard Port T1406 : Obfuscated Files or Information T1644 : Out of Band Data T1660 : Phishing T1424 : Process Discovery T1631 : Process Injection T1636 : Protected User Data T1604 : Proxy Through Victim T1663 : Remote Access Software T1458 : Replication Through Removable Media T1603 : Scheduled Task/Job T1513 : Screen Capture T1582 : SMS Control T1418 : Software Discovery T1635 : Steal Application Access Token T1409 : Stored Application Data T1632 : Subvert Trust Controls T1474 : Supply Chain Compromise T1426 : System Information Discovery T1422 : System Network Configuration Discovery T1421 : System Network Connections Discovery T1512 : Video Capture T1633 : Virtualization/Sandbox Evasion T1481 : Web Service     ","T1398, T1420, T1429, T1430, T1437, T1521, T1533, T1624, T1646","After analyzing the text, I have identified the following MITRE Mobile attack patterns and mapped them to their corresponding technique IDs:

1. **T1626: Abuse Elevation Control Mechanism** - AhRat can register with the BOOT_COMPLETED broadcast to start automatically when the device is powered on, which implies abuse of elevation control mechanism.
2. **T1517: Access Notifications** - AhRat can search for and exfiltrate files with specific extensions, as well as enumerate files stored on external storage, indicating access notifications.
3. **T1429: Audio Capture** - AhRat can record audio using the device's microphone, which is a clear example of audio capture.
4. **T1637: Dynamic Resolution** - AhRat can register with the CONNECTIVITY_CHANGE and WIFI_STATE_CHANGED broadcast events to trigger further functionality, indicating dynamic resolution.
5. **T1533: Data from Local System** - AhRat can exfiltrate collected data, including audio recordings and files, to the C2 server, which implies data collection from the local system.
6. **T1639: Exfiltration Over Alternative Protocol** - AhRat communicates with its C2 server via HTTPS requests, indicating exfiltration over an alternative protocol (HTTPS).
7. **T1646: Exfiltration Over C2 Channel** - AhRat can exfiltrate collected data to the C2 server, which implies exfiltration over a C2 channel.
8. **T1430: Location Tracking** - AhRat can track the device's location and exfiltrate collected data, including audio recordings and files, to the C2 server, indicating location tracking.
9. **T1423: Network Service Scanning** - AhRat can search for and exfiltrate files with specific extensions, as well as enumerate files stored on external storage, which implies network service scanning.

Here are the main technique IDs, excluding subtechnique IDs:

T1626, T1517, T1429, T1637, T1533, T1639, T1646, T1430, T1423","T1423, T1429, T1430, T1517, T1533, T1626, T1637, T1639, T1646","T1429, T1430, T1533, T1646","T1423, T1517, T1626, T1637, T1639","T1398, T1420, T1437, T1521, T1624",0.4444444444444444,0.4444444444444444,0.4444444444444444,extra predicted IDs / false positives; missed gold IDs / false negatives,9,9,4,5,5,10,,,
9,Enterprise,"Agent Tesla is a spyware Trojan built on the .NET framework, active since at least 2014. It is capable of collecting account information from the victim’s machine and has been observed using HTTP for command and control (C2) communications. Agent Tesla can encrypt data using the 3DES algorithm before transmitting it to a C2 server. To establish persistence, it adds itself to the system Registry as a startup program. The Trojan can perform form-grabbing to capture data from web forms and is also capable of stealing data from the victim’s clipboard. Additionally, Agent Tesla can extract credentials from FTP clients and wireless profiles. It has the ability to decrypt strings that have been encrypted using the Rijndael symmetric encryption algorithm.","Extract all MITRE Enterprise attack patterns from the following text and map them to their corresponding MITRE technique IDs. Provide reasoning for each identification. Ensure the final line contains only the IDs for the main techniques, separated by commas, excluding any subtechnique IDs. MITRE Enterprise IDs are given below as reference.  **Text:** Agent Tesla is a spyware Trojan built on the .NET framework, active since at least 2014. It is capable of collecting account information from the victim’s machine and has been observed using HTTP for command and control (C2) communications. Agent Tesla can encrypt data using the 3DES algorithm before transmitting it to a C2 server. To establish persistence, it adds itself to the system Registry as a startup program. The Trojan can perform form-grabbing to capture data from web forms and is also capable of stealing data from the victim’s clipboard. Additionally, Agent Tesla can extract credentials from FTP clients and wireless profiles. It has the ability to decrypt strings that have been encrypted using the Rijndael symmetric encryption algorithm.  **List of All MITRE Enterprise technique IDs** ID    : Name T1548 : Abuse Elevation Control Mechanism T1134 : Access Token Manipulation T1531 : Account Access Removal T1087 : Account Discovery T1098 : Account Manipulation T1650 : Acquire Access T1583 : Acquire Infrastructure T1595 : Active Scanning T1557 : Adversary-in-the-Middle T1071 : Application Layer Protocol T1010 : Application Window Discovery T1560 : Archive Collected Data T1123 : Audio Capture T1119 : Automated Collection T1020 : Automated Exfiltration T1197 : BITS Jobs T1547 : Boot or Logon Autostart Execution T1037 : Boot or Logon Initialization Scripts T1176 : Browser Extensions T1217 : Browser Information Discovery T1185 : Browser Session Hijacking T1110 : Brute Force T1612 : Build Image on Host T1115 : Clipboard Data T1651 : Cloud Administration Command T1580 : Cloud Infrastructure Discovery T1538 : Cloud Service Dashboard T1526 : Cloud Service Discovery T1619 : Cloud Storage Object Discovery T1059 : Command and Scripting Interpreter T1092 : Communication Through Removable Media T1586 : Compromise Accounts T1554 : Compromise Host Software Binary T1584 : Compromise Infrastructure T1609 : Container Administration Command T1613 : Container and Resource Discovery T1659 : Content Injection T1136 : Create Account T1543 : Create or Modify System Process T1555 : Credentials from Password Stores T1485 : Data Destruction T1132 : Data Encoding T1486 : Data Encrypted for Impact T1530 : Data from Cloud Storage T1602 : Data from Configuration Repository T1213 : Data from Information Repositories T1005 : Data from Local System T1039 : Data from Network Shared Drive T1025 : Data from Removable Media T1565 : Data Manipulation T1001 : Data Obfuscation T1074 : Data Staged T1030 : Data Transfer Size Limits T1622 : Debugger Evasion T1491 : Defacement T1140 : Deobfuscate/Decode Files or Information T1610 : Deploy Container T1587 : Develop Capabilities T1652 : Device Driver Discovery T1006 : Direct Volume Access T1561 : Disk Wipe T1484 : Domain or Tenant Policy Modification T1482 : Domain Trust Discovery T1189 : Drive-by Compromise T1568 : Dynamic Resolution T1114 : Email Collection T1573 : Encrypted Channel T1499 : Endpoint Denial of Service T1611 : Escape to Host T1585 : Establish Accounts T1546 : Event Triggered Execution T1480 : Execution Guardrails T1048 : Exfiltration Over Alternative Protocol T1041 : Exfiltration Over C2 Channel T1011 : Exfiltration Over Other Network Medium T1052 : Exfiltration Over Physical Medium T1567 : Exfiltration Over Web Service T1190 : Exploit Public-Facing Application T1203 : Exploitation for Client Execution T1212 : Exploitation for Credential Access T1211 : Exploitation for Defense Evasion T1068 : Exploitation for Privilege Escalation T1210 : Exploitation of Remote Services T1133 : External Remote Services T1008 : Fallback Channels T1083 : File and Directory Discovery T1222 : File and Directory Permissions Modification T1657 : Financial Theft T1495 : Firmware Corruption T1187 : Forced Authentication T1606 : Forge Web Credentials T1592 : Gather Victim Host Information T1589 : Gather Victim Identity Information T1590 : Gather Victim Network Information T1591 : Gather Victim Org Information T1615 : Group Policy Discovery T1200 : Hardware Additions T1564 : Hide Artifacts T1665 : Hide Infrastructure T1574 : Hijack Execution Flow T1562 : Impair Defenses T1656 : Impersonation T1525 : Implant Internal Image T1070 : Indicator Removal T1202 : Indirect Command Execution T1105 : Ingress Tool Transfer T1490 : Inhibit System Recovery T1056 : Input Capture T1559 : Inter-Process Communication T1534 : Internal Spearphishing T1570 : Lateral Tool Transfer T1654 : Log Enumeration T1036 : Masquerading T1556 : Modify Authentication Process T1578 : Modify Cloud Compute Infrastructure T1112 : Modify Registry T1601 : Modify System Image T1111 : Multi-Factor Authentication Interception T1621 : Multi-Factor Authentication Request Generation T1104 : Multi-Stage Channels T1106 : Native API T1599 : Network Boundary Bridging T1498 : Network Denial of Service T1046 : Network Service Discovery T1135 : Network Share Discovery T1040 : Network Sniffing T1095 : Non-Application Layer Protocol T1571 : Non-Standard Port T1027 : Obfuscated Files or Information T1588 : Obtain Capabilities T1137 : Office Application Startup T1003 : OS Credential Dumping T1201 : Password Policy Discovery T1120 : Peripheral Device Discovery T1069 : Permission Groups Discovery T1566 : Phishing T1598 : Phishing for Information T1647 : Plist File Modification T1653 : Power Settings T1542 : Pre-OS Boot T1057 : Process Discovery T1055 : Process Injection T1572 : Protocol Tunneling T1090 : Proxy T1012 : Query Registry T1620 : Reflective Code Loading T1219 : Remote Access Software T1563 : Remote Service Session Hijacking T1021 : Remote Services T1018 : Remote System Discovery T1091 : Replication Through Removable Media T1496 : Resource Hijacking T1207 : Rogue Domain Controller T1014 : Rootkit T1053 : Scheduled Task/Job T1029 : Scheduled Transfer T1113 : Screen Capture T1597 : Search Closed Sources T1596 : Search Open Technical Databases T1593 : Search Open Websites/Domains T1594 : Search Victim-Owned Websites T1505 : Server Software Component T1648 : Serverless Execution T1489 : Service Stop T1129 : Shared Modules T1072 : Software Deployment Tools T1518 : Software Discovery T1608 : Stage Capabilities T1528 : Steal Application Access Token T1649 : Steal or Forge Authentication Certificates T1558 : Steal or Forge Kerberos Tickets T1539 : Steal Web Session Cookie T1553 : Subvert Trust Controls T1195 : Supply Chain Compromise T1218 : System Binary Proxy Execution T1082 : System Information Discovery T1614 : System Location Discovery T1016 : System Network Configuration Discovery T1049 : System Network Connections Discovery T1033 : System Owner/User Discovery T1216 : System Script Proxy Execution T1007 : System Service Discovery T1569 : System Services T1529 : System Shutdown/Reboot T1124 : System Time Discovery T1080 : Taint Shared Content T1221 : Template Injection T1205 : Traffic Signaling T1537 : Transfer Data to Cloud Account T1127 : Trusted Developer Utilities Proxy Execution T1199 : Trusted Relationship T1552 : Unsecured Credentials T1535 : Unused/Unsupported Cloud Regions T1550 : Use Alternate Authentication Material T1204 : User Execution T1078 : Valid Accounts T1125 : Video Capture T1497 : Virtualization/Sandbox Evasion T1600 : Weaken Encryption T1102 : Web Service T1047 : Windows Management Instrumentation T1220 : XSL Script Processing     ","T1071, T1087, T1115, T1140, T1185, T1547, T1555, T1560","After analyzing the text, I have identified the following MITRE Enterprise attack patterns and mapped them to their corresponding technique IDs:

1. **Agent Tesla adds itself to the system Registry as a startup program**: This behavior is related to **T1547: Boot or Logon Autostart Execution**.
2. **Agent Tesla can encrypt data using the 3DES algorithm before transmitting it to a C2 server**: This behavior is related to **T1486: Data Encrypted for Impact**.
3. **Agent Tesla can extract credentials from FTP clients and wireless profiles**: This behavior is related to **T1555: Credentials from Password Stores**.
4. **Agent Tesla can perform form-grabbing to capture data from web forms**: This behavior is related to **T1213: Data from Information Repositories**.
5. **Agent Tesla can steal data from the victim’s clipboard**: This behavior is related to **T1115: Clipboard Data**.
6. **Agent Tesla has the ability to decrypt strings that have been encrypted using the Rijndael symmetric encryption algorithm**: This behavior is related to **T1486: Data Encrypted for Impact**.

Here are the corresponding MITRE Enterprise technique IDs, excluding subtechnique IDs:

T1547, T1486, T1555, T1213, T1115, T1486","T1115, T1213, T1486, T1547, T1555","T1115, T1547, T1555","T1213, T1486","T1071, T1087, T1140, T1185, T1560",0.6,0.375,0.4615384615384615,extra predicted IDs / false positives; missed gold IDs / false negatives,8,5,3,2,5,7,,,
54,Enterprise,"NKAbuse is a Go-based, multi-platform malware abusing NKN (New Kind of Network) technology for data exchange between peers, functioning as a potent implant, and equipped with both flooder and backdoor capabilities. NKAbuse is initially installed and executed through an initial shell script. NKAbuse enables multiple types of network denial of service capabilities across several protocols post-installation. NKAbuse will check victim systems to ensure only one copy of the malware is running. NKAbuse has abused the NKN public blockchain protocol for its C2 communications. NKAbuse uses a Cron job to establish persistence when infecting Linux hosts. NKAbuse can take screenshots of the victim machine. NKAbuse conducts multiple system checks and includes these in subsequent ""heartbeat"" messages to the malware's command and control server. NKAbuse utilizes external services such as ifconfig.me to identify the victim machine's IP address.[2]","Extract all MITRE Enterprise attack patterns from the following text and map them to their corresponding MITRE technique IDs. Provide reasoning for each identification. Ensure the final line contains only the IDs for the main techniques, separated by commas, excluding any subtechnique IDs. MITRE Enterprise IDs are given below as reference.  **Text:** NKAbuse is a Go-based, multi-platform malware abusing NKN (New Kind of Network) technology for data exchange between peers, functioning as a potent implant, and equipped with both flooder and backdoor capabilities. NKAbuse is initially installed and executed through an initial shell script. NKAbuse enables multiple types of network denial of service capabilities across several protocols post-installation. NKAbuse will check victim systems to ensure only one copy of the malware is running. NKAbuse has abused the NKN public blockchain protocol for its C2 communications. NKAbuse uses a Cron job to establish persistence when infecting Linux hosts. NKAbuse can take screenshots of the victim machine. NKAbuse conducts multiple system checks and includes these in subsequent ""heartbeat"" messages to the malware's command and control server. NKAbuse utilizes external services such as ifconfig.me to identify the victim machine's IP address.[2]  **List of All MITRE Enterprise technique IDs** ID    : Name T1548 : Abuse Elevation Control Mechanism T1134 : Access Token Manipulation T1531 : Account Access Removal T1087 : Account Discovery T1098 : Account Manipulation T1650 : Acquire Access T1583 : Acquire Infrastructure T1595 : Active Scanning T1557 : Adversary-in-the-Middle T1071 : Application Layer Protocol T1010 : Application Window Discovery T1560 : Archive Collected Data T1123 : Audio Capture T1119 : Automated Collection T1020 : Automated Exfiltration T1197 : BITS Jobs T1547 : Boot or Logon Autostart Execution T1037 : Boot or Logon Initialization Scripts T1176 : Browser Extensions T1217 : Browser Information Discovery T1185 : Browser Session Hijacking T1110 : Brute Force T1612 : Build Image on Host T1115 : Clipboard Data T1651 : Cloud Administration Command T1580 : Cloud Infrastructure Discovery T1538 : Cloud Service Dashboard T1526 : Cloud Service Discovery T1619 : Cloud Storage Object Discovery T1059 : Command and Scripting Interpreter T1092 : Communication Through Removable Media T1586 : Compromise Accounts T1554 : Compromise Host Software Binary T1584 : Compromise Infrastructure T1609 : Container Administration Command T1613 : Container and Resource Discovery T1659 : Content Injection T1136 : Create Account T1543 : Create or Modify System Process T1555 : Credentials from Password Stores T1485 : Data Destruction T1132 : Data Encoding T1486 : Data Encrypted for Impact T1530 : Data from Cloud Storage T1602 : Data from Configuration Repository T1213 : Data from Information Repositories T1005 : Data from Local System T1039 : Data from Network Shared Drive T1025 : Data from Removable Media T1565 : Data Manipulation T1001 : Data Obfuscation T1074 : Data Staged T1030 : Data Transfer Size Limits T1622 : Debugger Evasion T1491 : Defacement T1140 : Deobfuscate/Decode Files or Information T1610 : Deploy Container T1587 : Develop Capabilities T1652 : Device Driver Discovery T1006 : Direct Volume Access T1561 : Disk Wipe T1484 : Domain or Tenant Policy Modification T1482 : Domain Trust Discovery T1189 : Drive-by Compromise T1568 : Dynamic Resolution T1114 : Email Collection T1573 : Encrypted Channel T1499 : Endpoint Denial of Service T1611 : Escape to Host T1585 : Establish Accounts T1546 : Event Triggered Execution T1480 : Execution Guardrails T1048 : Exfiltration Over Alternative Protocol T1041 : Exfiltration Over C2 Channel T1011 : Exfiltration Over Other Network Medium T1052 : Exfiltration Over Physical Medium T1567 : Exfiltration Over Web Service T1190 : Exploit Public-Facing Application T1203 : Exploitation for Client Execution T1212 : Exploitation for Credential Access T1211 : Exploitation for Defense Evasion T1068 : Exploitation for Privilege Escalation T1210 : Exploitation of Remote Services T1133 : External Remote Services T1008 : Fallback Channels T1083 : File and Directory Discovery T1222 : File and Directory Permissions Modification T1657 : Financial Theft T1495 : Firmware Corruption T1187 : Forced Authentication T1606 : Forge Web Credentials T1592 : Gather Victim Host Information T1589 : Gather Victim Identity Information T1590 : Gather Victim Network Information T1591 : Gather Victim Org Information T1615 : Group Policy Discovery T1200 : Hardware Additions T1564 : Hide Artifacts T1665 : Hide Infrastructure T1574 : Hijack Execution Flow T1562 : Impair Defenses T1656 : Impersonation T1525 : Implant Internal Image T1070 : Indicator Removal T1202 : Indirect Command Execution T1105 : Ingress Tool Transfer T1490 : Inhibit System Recovery T1056 : Input Capture T1559 : Inter-Process Communication T1534 : Internal Spearphishing T1570 : Lateral Tool Transfer T1654 : Log Enumeration T1036 : Masquerading T1556 : Modify Authentication Process T1578 : Modify Cloud Compute Infrastructure T1112 : Modify Registry T1601 : Modify System Image T1111 : Multi-Factor Authentication Interception T1621 : Multi-Factor Authentication Request Generation T1104 : Multi-Stage Channels T1106 : Native API T1599 : Network Boundary Bridging T1498 : Network Denial of Service T1046 : Network Service Discovery T1135 : Network Share Discovery T1040 : Network Sniffing T1095 : Non-Application Layer Protocol T1571 : Non-Standard Port T1027 : Obfuscated Files or Information T1588 : Obtain Capabilities T1137 : Office Application Startup T1003 : OS Credential Dumping T1201 : Password Policy Discovery T1120 : Peripheral Device Discovery T1069 : Permission Groups Discovery T1566 : Phishing T1598 : Phishing for Information T1647 : Plist File Modification T1653 : Power Settings T1542 : Pre-OS Boot T1057 : Process Discovery T1055 : Process Injection T1572 : Protocol Tunneling T1090 : Proxy T1012 : Query Registry T1620 : Reflective Code Loading T1219 : Remote Access Software T1563 : Remote Service Session Hijacking T1021 : Remote Services T1018 : Remote System Discovery T1091 : Replication Through Removable Media T1496 : Resource Hijacking T1207 : Rogue Domain Controller T1014 : Rootkit T1053 : Scheduled Task/Job T1029 : Scheduled Transfer T1113 : Screen Capture T1597 : Search Closed Sources T1596 : Search Open Technical Databases T1593 : Search Open Websites/Domains T1594 : Search Victim-Owned Websites T1505 : Server Software Component T1648 : Serverless Execution T1489 : Service Stop T1129 : Shared Modules T1072 : Software Deployment Tools T1518 : Software Discovery T1608 : Stage Capabilities T1528 : Steal Application Access Token T1649 : Steal or Forge Authentication Certificates T1558 : Steal or Forge Kerberos Tickets T1539 : Steal Web Session Cookie T1553 : Subvert Trust Controls T1195 : Supply Chain Compromise T1218 : System Binary Proxy Execution T1082 : System Information Discovery T1614 : System Location Discovery T1016 : System Network Configuration Discovery T1049 : System Network Connections Discovery T1033 : System Owner/User Discovery T1216 : System Script Proxy Execution T1007 : System Service Discovery T1569 : System Services T1529 : System Shutdown/Reboot T1124 : System Time Discovery T1080 : Taint Shared Content T1221 : Template Injection T1205 : Traffic Signaling T1537 : Transfer Data to Cloud Account T1127 : Trusted Developer Utilities Proxy Execution T1199 : Trusted Relationship T1552 : Unsecured Credentials T1535 : Unused/Unsupported Cloud Regions T1550 : Use Alternate Authentication Material T1204 : User Execution T1078 : Valid Accounts T1125 : Video Capture T1497 : Virtualization/Sandbox Evasion T1600 : Weaken Encryption T1102 : Web Service T1047 : Windows Management Instrumentation T1220 : XSL Script Processing     ","T1016, T1053, T1057, T1059, T1082, T1090, T1113, T1498","After analyzing the provided text, I have identified the following MITRE Enterprise attack patterns and mapped them to their corresponding technique IDs:

1. **NKAbuse uses a Cron job to establish persistence when infecting Linux hosts**: This behavior is related to **T1547: Boot or Logon Autostart Execution**.
2. **NKAbuse conducts multiple system checks and includes these in subsequent ""heartbeat"" messages to the malware's command and control server**: This behavior is related to **T1016: System Network Configuration Discovery**.
3. **NKAbuse utilizes external services such as ifconfig.me to identify the victim machine's IP address**: This behavior is related to **T1049: System Network Connections Discovery**.
4. **NKAbuse enables multiple types of network denial of service capabilities across several protocols post-installation**: This behavior is related to **T1498: Network Denial of Service**.
5. **NKAbuse takes screenshots of the victim machine**: This behavior is related to **T1113: Screen Capture**.

Here are the corresponding MITRE Enterprise technique IDs, excluding subtechnique IDs:

T1547, T1016, T1049, T1498, T1113","T1016, T1049, T1113, T1498, T1547","T1016, T1113, T1498","T1049, T1547","T1053, T1057, T1059, T1082, T1090",0.6,0.375,0.4615384615384615,extra predicted IDs / false positives; missed gold IDs / false negatives,8,5,3,2,5,7,,,
30,Enterprise,"PITSTOP is a backdoor deployed on compromised Ivanti Connect Secure VPNs during the Cutting Edge campaign, enabling command execution and file read/write operations. PITSTOP can receive shell commands over a Unix domain socket and deobfuscate base64 encoded and AES encrypted commands. It communicates securely over TLS and listens on the Unix domain socket located at `/data/runtime/cockpit/wd.fd`. Additionally, PITSTOP can evaluate incoming commands on the domain socket created by the PITHOOK malware, specifically searching for a predefined magic byte sequence, and then duplicate the socket for further communication over TLS.","Extract all MITRE Enterprise attack patterns from the following text and map them to their corresponding MITRE technique IDs. Provide reasoning for each identification. Ensure the final line contains only the IDs for the main techniques, separated by commas, excluding any subtechnique IDs. MITRE Enterprise IDs are given below as reference.  **Text:** PITSTOP is a backdoor deployed on compromised Ivanti Connect Secure VPNs during the Cutting Edge campaign, enabling command execution and file read/write operations. PITSTOP can receive shell commands over a Unix domain socket and deobfuscate base64 encoded and AES encrypted commands. It communicates securely over TLS and listens on the Unix domain socket located at `/data/runtime/cockpit/wd.fd`. Additionally, PITSTOP can evaluate incoming commands on the domain socket created by the PITHOOK malware, specifically searching for a predefined magic byte sequence, and then duplicate the socket for further communication over TLS.  **List of All MITRE Enterprise technique IDs** ID    : Name T1548 : Abuse Elevation Control Mechanism T1134 : Access Token Manipulation T1531 : Account Access Removal T1087 : Account Discovery T1098 : Account Manipulation T1650 : Acquire Access T1583 : Acquire Infrastructure T1595 : Active Scanning T1557 : Adversary-in-the-Middle T1071 : Application Layer Protocol T1010 : Application Window Discovery T1560 : Archive Collected Data T1123 : Audio Capture T1119 : Automated Collection T1020 : Automated Exfiltration T1197 : BITS Jobs T1547 : Boot or Logon Autostart Execution T1037 : Boot or Logon Initialization Scripts T1176 : Browser Extensions T1217 : Browser Information Discovery T1185 : Browser Session Hijacking T1110 : Brute Force T1612 : Build Image on Host T1115 : Clipboard Data T1651 : Cloud Administration Command T1580 : Cloud Infrastructure Discovery T1538 : Cloud Service Dashboard T1526 : Cloud Service Discovery T1619 : Cloud Storage Object Discovery T1059 : Command and Scripting Interpreter T1092 : Communication Through Removable Media T1586 : Compromise Accounts T1554 : Compromise Host Software Binary T1584 : Compromise Infrastructure T1609 : Container Administration Command T1613 : Container and Resource Discovery T1659 : Content Injection T1136 : Create Account T1543 : Create or Modify System Process T1555 : Credentials from Password Stores T1485 : Data Destruction T1132 : Data Encoding T1486 : Data Encrypted for Impact T1530 : Data from Cloud Storage T1602 : Data from Configuration Repository T1213 : Data from Information Repositories T1005 : Data from Local System T1039 : Data from Network Shared Drive T1025 : Data from Removable Media T1565 : Data Manipulation T1001 : Data Obfuscation T1074 : Data Staged T1030 : Data Transfer Size Limits T1622 : Debugger Evasion T1491 : Defacement T1140 : Deobfuscate/Decode Files or Information T1610 : Deploy Container T1587 : Develop Capabilities T1652 : Device Driver Discovery T1006 : Direct Volume Access T1561 : Disk Wipe T1484 : Domain or Tenant Policy Modification T1482 : Domain Trust Discovery T1189 : Drive-by Compromise T1568 : Dynamic Resolution T1114 : Email Collection T1573 : Encrypted Channel T1499 : Endpoint Denial of Service T1611 : Escape to Host T1585 : Establish Accounts T1546 : Event Triggered Execution T1480 : Execution Guardrails T1048 : Exfiltration Over Alternative Protocol T1041 : Exfiltration Over C2 Channel T1011 : Exfiltration Over Other Network Medium T1052 : Exfiltration Over Physical Medium T1567 : Exfiltration Over Web Service T1190 : Exploit Public-Facing Application T1203 : Exploitation for Client Execution T1212 : Exploitation for Credential Access T1211 : Exploitation for Defense Evasion T1068 : Exploitation for Privilege Escalation T1210 : Exploitation of Remote Services T1133 : External Remote Services T1008 : Fallback Channels T1083 : File and Directory Discovery T1222 : File and Directory Permissions Modification T1657 : Financial Theft T1495 : Firmware Corruption T1187 : Forced Authentication T1606 : Forge Web Credentials T1592 : Gather Victim Host Information T1589 : Gather Victim Identity Information T1590 : Gather Victim Network Information T1591 : Gather Victim Org Information T1615 : Group Policy Discovery T1200 : Hardware Additions T1564 : Hide Artifacts T1665 : Hide Infrastructure T1574 : Hijack Execution Flow T1562 : Impair Defenses T1656 : Impersonation T1525 : Implant Internal Image T1070 : Indicator Removal T1202 : Indirect Command Execution T1105 : Ingress Tool Transfer T1490 : Inhibit System Recovery T1056 : Input Capture T1559 : Inter-Process Communication T1534 : Internal Spearphishing T1570 : Lateral Tool Transfer T1654 : Log Enumeration T1036 : Masquerading T1556 : Modify Authentication Process T1578 : Modify Cloud Compute Infrastructure T1112 : Modify Registry T1601 : Modify System Image T1111 : Multi-Factor Authentication Interception T1621 : Multi-Factor Authentication Request Generation T1104 : Multi-Stage Channels T1106 : Native API T1599 : Network Boundary Bridging T1498 : Network Denial of Service T1046 : Network Service Discovery T1135 : Network Share Discovery T1040 : Network Sniffing T1095 : Non-Application Layer Protocol T1571 : Non-Standard Port T1027 : Obfuscated Files or Information T1588 : Obtain Capabilities T1137 : Office Application Startup T1003 : OS Credential Dumping T1201 : Password Policy Discovery T1120 : Peripheral Device Discovery T1069 : Permission Groups Discovery T1566 : Phishing T1598 : Phishing for Information T1647 : Plist File Modification T1653 : Power Settings T1542 : Pre-OS Boot T1057 : Process Discovery T1055 : Process Injection T1572 : Protocol Tunneling T1090 : Proxy T1012 : Query Registry T1620 : Reflective Code Loading T1219 : Remote Access Software T1563 : Remote Service Session Hijacking T1021 : Remote Services T1018 : Remote System Discovery T1091 : Replication Through Removable Media T1496 : Resource Hijacking T1207 : Rogue Domain Controller T1014 : Rootkit T1053 : Scheduled Task/Job T1029 : Scheduled Transfer T1113 : Screen Capture T1597 : Search Closed Sources T1596 : Search Open Technical Databases T1593 : Search Open Websites/Domains T1594 : Search Victim-Owned Websites T1505 : Server Software Component T1648 : Serverless Execution T1489 : Service Stop T1129 : Shared Modules T1072 : Software Deployment Tools T1518 : Software Discovery T1608 : Stage Capabilities T1528 : Steal Application Access Token T1649 : Steal or Forge Authentication Certificates T1558 : Steal or Forge Kerberos Tickets T1539 : Steal Web Session Cookie T1553 : Subvert Trust Controls T1195 : Supply Chain Compromise T1218 : System Binary Proxy Execution T1082 : System Information Discovery T1614 : System Location Discovery T1016 : System Network Configuration Discovery T1049 : System Network Connections Discovery T1033 : System Owner/User Discovery T1216 : System Script Proxy Execution T1007 : System Service Discovery T1569 : System Services T1529 : System Shutdown/Reboot T1124 : System Time Discovery T1080 : Taint Shared Content T1221 : Template Injection T1205 : Traffic Signaling T1537 : Transfer Data to Cloud Account T1127 : Trusted Developer Utilities Proxy Execution T1199 : Trusted Relationship T1552 : Unsecured Credentials T1535 : Unused/Unsupported Cloud Regions T1550 : Use Alternate Authentication Material T1204 : User Execution T1078 : Valid Accounts T1125 : Video Capture T1497 : Virtualization/Sandbox Evasion T1600 : Weaken Encryption T1102 : Web Service T1047 : Windows Management Instrumentation T1220 : XSL Script Processing     ","T1059, T1140, T1205, T1559, T1573","After analyzing the provided text, I have identified the following MITRE Enterprise attack patterns and mapped them to their corresponding technique IDs:

1. **PITSTOP receives shell commands over a Unix domain socket**: This corresponds to **T1059: Command and Scripting Interpreter**, as PITSTOP is executing commands received from the domain socket.
2. **PITSTOP deobfuscates base64 encoded and AES encrypted commands**: This corresponds to **T1140: Deobfuscate/Decode Files or Information**, as PITSTOP is decoding and decrypting incoming commands.
3. **PITSTOP communicates securely over TLS**: This corresponds to **T1071: Application Layer Protocol**, as PITSTOP uses a secure communication protocol (TLS) for its interactions.
4. **PITSTOP listens on the Unix domain socket located at `/data/runtime/cockpit/wd.fd`**: This corresponds to **T1059: Command and Scripting Interpreter** (subtechnique), as PITSTOP is listening for incoming commands on a specific socket.
5. **PITSTOP evaluates incoming commands on the domain socket created by PITHOOK malware**: This corresponds to **T1059: Command and Scripting Interpreter**, as PITSTOP is executing commands received from the domain socket.

The main techniques identified are:

T1071, T1140, T1059","T1059, T1071, T1140","T1059, T1140",T1071,"T1205, T1559, T1573",0.6666666666666666,0.4,0.5,extra predicted IDs / false positives; missed gold IDs / false negatives,5,3,2,1,3,4,,,
41,Enterprise,"AcidRain is an ELF binary designed to target modems and routers using MIPS architecture. It is linked to the ViaSat KA-SAT communication outage that occurred during the early stages of the 2022 invasion of Ukraine. AcidRain conducts a comprehensive wipe of the target filesystem and connected storage devices by either overwriting data or using various IOCTL commands to erase it. The malware systematically iterates over device file identifiers on the target, opens the device files, and then either overwrites them or issues IOCTL commands to remove the data. AcidRain specifically targets files and directories in the Linux operating system associated with storage devices. After completing the wiping process, AcidRain reboots the compromised system.","Extract all MITRE Enterprise attack patterns from the following text and map them to their corresponding MITRE technique IDs. Provide reasoning for each identification. Ensure the final line contains only the IDs for the main techniques, separated by commas, excluding any subtechnique IDs. MITRE Enterprise IDs are given below as reference.  **Text:** AcidRain is an ELF binary designed to target modems and routers using MIPS architecture. It is linked to the ViaSat KA-SAT communication outage that occurred during the early stages of the 2022 invasion of Ukraine. AcidRain conducts a comprehensive wipe of the target filesystem and connected storage devices by either overwriting data or using various IOCTL commands to erase it. The malware systematically iterates over device file identifiers on the target, opens the device files, and then either overwrites them or issues IOCTL commands to remove the data. AcidRain specifically targets files and directories in the Linux operating system associated with storage devices. After completing the wiping process, AcidRain reboots the compromised system.  **List of All MITRE Enterprise technique IDs** ID    : Name T1548 : Abuse Elevation Control Mechanism T1134 : Access Token Manipulation T1531 : Account Access Removal T1087 : Account Discovery T1098 : Account Manipulation T1650 : Acquire Access T1583 : Acquire Infrastructure T1595 : Active Scanning T1557 : Adversary-in-the-Middle T1071 : Application Layer Protocol T1010 : Application Window Discovery T1560 : Archive Collected Data T1123 : Audio Capture T1119 : Automated Collection T1020 : Automated Exfiltration T1197 : BITS Jobs T1547 : Boot or Logon Autostart Execution T1037 : Boot or Logon Initialization Scripts T1176 : Browser Extensions T1217 : Browser Information Discovery T1185 : Browser Session Hijacking T1110 : Brute Force T1612 : Build Image on Host T1115 : Clipboard Data T1651 : Cloud Administration Command T1580 : Cloud Infrastructure Discovery T1538 : Cloud Service Dashboard T1526 : Cloud Service Discovery T1619 : Cloud Storage Object Discovery T1059 : Command and Scripting Interpreter T1092 : Communication Through Removable Media T1586 : Compromise Accounts T1554 : Compromise Host Software Binary T1584 : Compromise Infrastructure T1609 : Container Administration Command T1613 : Container and Resource Discovery T1659 : Content Injection T1136 : Create Account T1543 : Create or Modify System Process T1555 : Credentials from Password Stores T1485 : Data Destruction T1132 : Data Encoding T1486 : Data Encrypted for Impact T1530 : Data from Cloud Storage T1602 : Data from Configuration Repository T1213 : Data from Information Repositories T1005 : Data from Local System T1039 : Data from Network Shared Drive T1025 : Data from Removable Media T1565 : Data Manipulation T1001 : Data Obfuscation T1074 : Data Staged T1030 : Data Transfer Size Limits T1622 : Debugger Evasion T1491 : Defacement T1140 : Deobfuscate/Decode Files or Information T1610 : Deploy Container T1587 : Develop Capabilities T1652 : Device Driver Discovery T1006 : Direct Volume Access T1561 : Disk Wipe T1484 : Domain or Tenant Policy Modification T1482 : Domain Trust Discovery T1189 : Drive-by Compromise T1568 : Dynamic Resolution T1114 : Email Collection T1573 : Encrypted Channel T1499 : Endpoint Denial of Service T1611 : Escape to Host T1585 : Establish Accounts T1546 : Event Triggered Execution T1480 : Execution Guardrails T1048 : Exfiltration Over Alternative Protocol T1041 : Exfiltration Over C2 Channel T1011 : Exfiltration Over Other Network Medium T1052 : Exfiltration Over Physical Medium T1567 : Exfiltration Over Web Service T1190 : Exploit Public-Facing Application T1203 : Exploitation for Client Execution T1212 : Exploitation for Credential Access T1211 : Exploitation for Defense Evasion T1068 : Exploitation for Privilege Escalation T1210 : Exploitation of Remote Services T1133 : External Remote Services T1008 : Fallback Channels T1083 : File and Directory Discovery T1222 : File and Directory Permissions Modification T1657 : Financial Theft T1495 : Firmware Corruption T1187 : Forced Authentication T1606 : Forge Web Credentials T1592 : Gather Victim Host Information T1589 : Gather Victim Identity Information T1590 : Gather Victim Network Information T1591 : Gather Victim Org Information T1615 : Group Policy Discovery T1200 : Hardware Additions T1564 : Hide Artifacts T1665 : Hide Infrastructure T1574 : Hijack Execution Flow T1562 : Impair Defenses T1656 : Impersonation T1525 : Implant Internal Image T1070 : Indicator Removal T1202 : Indirect Command Execution T1105 : Ingress Tool Transfer T1490 : Inhibit System Recovery T1056 : Input Capture T1559 : Inter-Process Communication T1534 : Internal Spearphishing T1570 : Lateral Tool Transfer T1654 : Log Enumeration T1036 : Masquerading T1556 : Modify Authentication Process T1578 : Modify Cloud Compute Infrastructure T1112 : Modify Registry T1601 : Modify System Image T1111 : Multi-Factor Authentication Interception T1621 : Multi-Factor Authentication Request Generation T1104 : Multi-Stage Channels T1106 : Native API T1599 : Network Boundary Bridging T1498 : Network Denial of Service T1046 : Network Service Discovery T1135 : Network Share Discovery T1040 : Network Sniffing T1095 : Non-Application Layer Protocol T1571 : Non-Standard Port T1027 : Obfuscated Files or Information T1588 : Obtain Capabilities T1137 : Office Application Startup T1003 : OS Credential Dumping T1201 : Password Policy Discovery T1120 : Peripheral Device Discovery T1069 : Permission Groups Discovery T1566 : Phishing T1598 : Phishing for Information T1647 : Plist File Modification T1653 : Power Settings T1542 : Pre-OS Boot T1057 : Process Discovery T1055 : Process Injection T1572 : Protocol Tunneling T1090 : Proxy T1012 : Query Registry T1620 : Reflective Code Loading T1219 : Remote Access Software T1563 : Remote Service Session Hijacking T1021 : Remote Services T1018 : Remote System Discovery T1091 : Replication Through Removable Media T1496 : Resource Hijacking T1207 : Rogue Domain Controller T1014 : Rootkit T1053 : Scheduled Task/Job T1029 : Scheduled Transfer T1113 : Screen Capture T1597 : Search Closed Sources T1596 : Search Open Technical Databases T1593 : Search Open Websites/Domains T1594 : Search Victim-Owned Websites T1505 : Server Software Component T1648 : Serverless Execution T1489 : Service Stop T1129 : Shared Modules T1072 : Software Deployment Tools T1518 : Software Discovery T1608 : Stage Capabilities T1528 : Steal Application Access Token T1649 : Steal or Forge Authentication Certificates T1558 : Steal or Forge Kerberos Tickets T1539 : Steal Web Session Cookie T1553 : Subvert Trust Controls T1195 : Supply Chain Compromise T1218 : System Binary Proxy Execution T1082 : System Information Discovery T1614 : System Location Discovery T1016 : System Network Configuration Discovery T1049 : System Network Connections Discovery T1033 : System Owner/User Discovery T1216 : System Script Proxy Execution T1007 : System Service Discovery T1569 : System Services T1529 : System Shutdown/Reboot T1124 : System Time Discovery T1080 : Taint Shared Content T1221 : Template Injection T1205 : Traffic Signaling T1537 : Transfer Data to Cloud Account T1127 : Trusted Developer Utilities Proxy Execution T1199 : Trusted Relationship T1552 : Unsecured Credentials T1535 : Unused/Unsupported Cloud Regions T1550 : Use Alternate Authentication Material T1204 : User Execution T1078 : Valid Accounts T1125 : Video Capture T1497 : Virtualization/Sandbox Evasion T1600 : Weaken Encryption T1102 : Web Service T1047 : Windows Management Instrumentation T1220 : XSL Script Processing     ","T1083, T1485, T1529, T1561","After analyzing the provided text, I have identified the following MITRE Enterprise attack patterns and mapped them to their corresponding technique IDs:

1. **T1485: Data Destruction** - AcidRain conducts a comprehensive wipe of the target filesystem and connected storage devices by either overwriting data or using various IOCTL commands to erase it.
2. **T1059: Command and Scripting Interpreter** - The malware systematically iterates over device file identifiers on the target, opens the device files, and then either overwrites them or issues IOCTL commands to remove the data.
3. **T1561: Disk Wipe** - AcidRain specifically targets files and directories in the Linux operating system associated with storage devices.
4. **T1547: Boot or Logon Autostart Execution** - After completing the wiping process, AcidRain reboots the compromised system.

Here are the main technique IDs (excluding subtechnique IDs) separated by commas:

T1485,T1059,T1561,T1547","T1059, T1485, T1547, T1561","T1485, T1561","T1059, T1547","T1083, T1529",0.5,0.5,0.5,extra predicted IDs / false positives; missed gold IDs / false negatives,4,4,2,2,2,4,,,
21,Mobile,"Anubis is Android malware that was initially developed for cyber espionage but has since been repurposed as a banking trojan. This malware is capable of exfiltrating data encrypted with RC4 via its ransomware module and can also record phone calls and audio, as well as make phone calls.  Anubis includes a ransomware module that can encrypt device data and hold it for ransom, while also exfiltrating the encrypted files from the device. Additionally, it can modify external storage and download attacker-specified APK files. To resist uninstallation, Anubis exploits the Android performGlobalAction(int) API call. The malware features a keylogger that functions across all applications on the device and can track the device’s GPS location. Anubis has requested accessibility service privileges while masquerading as ""Google Play Protect"" and has disguised additional malicious application installations as legitimate system updates.","Extract all MITRE Mobile attack patterns from the following text and map them to their corresponding MITRE technique IDs. Provide reasoning for each identification. Ensure the final line contains only the IDs for the main techniques, separated by commas, excluding any subtechnique IDs. MITRE Mobile IDs are given below as reference.  **Text:** Anubis is Android malware that was initially developed for cyber espionage but has since been repurposed as a banking trojan. This malware is capable of exfiltrating data encrypted with RC4 via its ransomware module and can also record phone calls and audio, as well as make phone calls.  Anubis includes a ransomware module that can encrypt device data and hold it for ransom, while also exfiltrating the encrypted files from the device. Additionally, it can modify external storage and download attacker-specified APK files. To resist uninstallation, Anubis exploits the Android performGlobalAction(int) API call. The malware features a keylogger that functions across all applications on the device and can track the device’s GPS location. Anubis has requested accessibility service privileges while masquerading as ""Google Play Protect"" and has disguised additional malicious application installations as legitimate system updates.  **List of All MITRE Mobile technique IDs** ID    : Name T1626 : Abuse Elevation Control Mechanism T1517 : Access Notifications T1640 : Account Access Removal T1638 : Adversary-in-the-Middle T1437 : Application Layer Protocol T1661 : Application Versioning T1532 : Archive Collected Data T1429 : Audio Capture T1398 : Boot or Logon Initialization Scripts T1616 : Call Control T1414 : Clipboard Data T1623 : Command and Scripting Interpreter T1577 : Compromise Application Executable T1645 : Compromise Client Software Binary T1634 : Credentials from Password Store T1662 : Data Destruction T1471 : Data Encrypted for Impact T1533 : Data from Local System T1641 : Data Manipulation T1407 : Download New Code at Runtime T1456 : Drive-By Compromise T1637 : Dynamic Resolution T1521 : Encrypted Channel T1642 : Endpoint Denial of Service T1624 : Event Triggered Execution T1627 : Execution Guardrails T1639 : Exfiltration Over Alternative Protocol T1646 : Exfiltration Over C2 Channel T1658 : Exploitation for Client Execution T1664 : Exploitation for Initial Access T1404 : Exploitation for Privilege Escalation T1428 : Exploitation of Remote Services T1420 : File and Directory Discovery T1541 : Foreground Persistence T1643 : Generate Traffic from Victim T1628 : Hide Artifacts T1625 : Hijack Execution Flow T1617 : Hooking T1629 : Impair Defenses T1630 : Indicator Removal on Host T1544 : Ingress Tool Transfer T1417 : Input Capture T1516 : Input Injection T1430 : Location Tracking T1461 : Lockscreen Bypass T1655 : Masquerading T1575 : Native API T1464 : Network Denial of Service T1423 : Network Service Scanning T1509 : Non-Standard Port T1406 : Obfuscated Files or Information T1644 : Out of Band Data T1660 : Phishing T1424 : Process Discovery T1631 : Process Injection T1636 : Protected User Data T1604 : Proxy Through Victim T1663 : Remote Access Software T1458 : Replication Through Removable Media T1603 : Scheduled Task/Job T1513 : Screen Capture T1582 : SMS Control T1418 : Software Discovery T1635 : Steal Application Access Token T1409 : Stored Application Data T1632 : Subvert Trust Controls T1474 : Supply Chain Compromise T1426 : System Information Discovery T1422 : System Network Configuration Discovery T1421 : System Network Connections Discovery T1512 : Video Capture T1633 : Virtualization/Sandbox Evasion T1481 : Web Service     ","T1407, T1417, T1429, T1430, T1471, T1532, T1533, T1616, T1629, T1655","After analyzing the text, I have identified the following MITRE Mobile attack patterns and mapped them to their corresponding technique IDs:

1. **T1626: Abuse Elevation Control Mechanism** - Anubis exploits the Android performGlobalAction(int) API call to resist uninstallation.
2. **T1429: Audio Capture** - Anubis can record phone calls and audio.
3. **T1616: Call Control** - Anubis can make phone calls.
4. **T1417: Input Capture** - Anubis features a keylogger that functions across all applications on the device.
5. **T1430: Location Tracking** - Anubis can track the device’s GPS location.
6. **T1643: Generate Traffic from Victim** - Anubis exfiltrates data encrypted with RC4 via its ransomware module and can also download attacker-specified APK files, generating traffic from the victim's device.
7. **T1639: Exfiltration Over Alternative Protocol** - Anubis exfiltrates the encrypted files from the device using an alternative protocol (RC4).
8. **T1655: Masquerading** - Anubis has disguised additional malicious application installations as legitimate system updates and masqueraded as ""Google Play Protect"" to request accessibility service privileges.
9. **T1577: Compromise Application Executable** - Anubis can modify external storage.

Here are the main technique IDs, excluding subtechnique IDs:

T1626, T1429, T1616, T1417, T1430, T1643, T1639, T1655, T1577","T1417, T1429, T1430, T1577, T1616, T1626, T1639, T1643, T1655","T1417, T1429, T1430, T1616, T1655","T1577, T1626, T1639, T1643","T1407, T1471, T1532, T1533, T1629",0.5555555555555556,0.5,0.5263157894736842,extra predicted IDs / false positives; missed gold IDs / false negatives,10,9,5,4,5,9,,,
48,Enterprise,"PACEMAKER is a credential stealer that was used by APT5 as early as 2020 including activity against US Defense Industrial Base (DIB) companies. PACEMAKER can enter a loop to read /proc/ entries every 2 seconds in order to read a target application's memory. PACEMAKER can use a simple bash script for execution. PACEMAKER has written extracted data to tmp/dsserver-check.statementcounters. PACEMAKER can parse /proc/""process_name""/cmdline to look for the string dswsd within the command line. PACEMAKER has the ability to extract credentials from OS memory. PACEMAKER can use PTRACE to attach to a targeted process to read process memory.","Extract all MITRE Enterprise attack patterns from the following text and map them to their corresponding MITRE technique IDs. Provide reasoning for each identification. Ensure the final line contains only the IDs for the main techniques, separated by commas, excluding any subtechnique IDs. MITRE Enterprise IDs are given below as reference.  **Text:** PACEMAKER is a credential stealer that was used by APT5 as early as 2020 including activity against US Defense Industrial Base (DIB) companies. PACEMAKER can enter a loop to read /proc/ entries every 2 seconds in order to read a target application's memory. PACEMAKER can use a simple bash script for execution. PACEMAKER has written extracted data to tmp/dsserver-check.statementcounters. PACEMAKER can parse /proc/""process_name""/cmdline to look for the string dswsd within the command line. PACEMAKER has the ability to extract credentials from OS memory. PACEMAKER can use PTRACE to attach to a targeted process to read process memory.  **List of All MITRE Enterprise technique IDs** ID    : Name T1548 : Abuse Elevation Control Mechanism T1134 : Access Token Manipulation T1531 : Account Access Removal T1087 : Account Discovery T1098 : Account Manipulation T1650 : Acquire Access T1583 : Acquire Infrastructure T1595 : Active Scanning T1557 : Adversary-in-the-Middle T1071 : Application Layer Protocol T1010 : Application Window Discovery T1560 : Archive Collected Data T1123 : Audio Capture T1119 : Automated Collection T1020 : Automated Exfiltration T1197 : BITS Jobs T1547 : Boot or Logon Autostart Execution T1037 : Boot or Logon Initialization Scripts T1176 : Browser Extensions T1217 : Browser Information Discovery T1185 : Browser Session Hijacking T1110 : Brute Force T1612 : Build Image on Host T1115 : Clipboard Data T1651 : Cloud Administration Command T1580 : Cloud Infrastructure Discovery T1538 : Cloud Service Dashboard T1526 : Cloud Service Discovery T1619 : Cloud Storage Object Discovery T1059 : Command and Scripting Interpreter T1092 : Communication Through Removable Media T1586 : Compromise Accounts T1554 : Compromise Host Software Binary T1584 : Compromise Infrastructure T1609 : Container Administration Command T1613 : Container and Resource Discovery T1659 : Content Injection T1136 : Create Account T1543 : Create or Modify System Process T1555 : Credentials from Password Stores T1485 : Data Destruction T1132 : Data Encoding T1486 : Data Encrypted for Impact T1530 : Data from Cloud Storage T1602 : Data from Configuration Repository T1213 : Data from Information Repositories T1005 : Data from Local System T1039 : Data from Network Shared Drive T1025 : Data from Removable Media T1565 : Data Manipulation T1001 : Data Obfuscation T1074 : Data Staged T1030 : Data Transfer Size Limits T1622 : Debugger Evasion T1491 : Defacement T1140 : Deobfuscate/Decode Files or Information T1610 : Deploy Container T1587 : Develop Capabilities T1652 : Device Driver Discovery T1006 : Direct Volume Access T1561 : Disk Wipe T1484 : Domain or Tenant Policy Modification T1482 : Domain Trust Discovery T1189 : Drive-by Compromise T1568 : Dynamic Resolution T1114 : Email Collection T1573 : Encrypted Channel T1499 : Endpoint Denial of Service T1611 : Escape to Host T1585 : Establish Accounts T1546 : Event Triggered Execution T1480 : Execution Guardrails T1048 : Exfiltration Over Alternative Protocol T1041 : Exfiltration Over C2 Channel T1011 : Exfiltration Over Other Network Medium T1052 : Exfiltration Over Physical Medium T1567 : Exfiltration Over Web Service T1190 : Exploit Public-Facing Application T1203 : Exploitation for Client Execution T1212 : Exploitation for Credential Access T1211 : Exploitation for Defense Evasion T1068 : Exploitation for Privilege Escalation T1210 : Exploitation of Remote Services T1133 : External Remote Services T1008 : Fallback Channels T1083 : File and Directory Discovery T1222 : File and Directory Permissions Modification T1657 : Financial Theft T1495 : Firmware Corruption T1187 : Forced Authentication T1606 : Forge Web Credentials T1592 : Gather Victim Host Information T1589 : Gather Victim Identity Information T1590 : Gather Victim Network Information T1591 : Gather Victim Org Information T1615 : Group Policy Discovery T1200 : Hardware Additions T1564 : Hide Artifacts T1665 : Hide Infrastructure T1574 : Hijack Execution Flow T1562 : Impair Defenses T1656 : Impersonation T1525 : Implant Internal Image T1070 : Indicator Removal T1202 : Indirect Command Execution T1105 : Ingress Tool Transfer T1490 : Inhibit System Recovery T1056 : Input Capture T1559 : Inter-Process Communication T1534 : Internal Spearphishing T1570 : Lateral Tool Transfer T1654 : Log Enumeration T1036 : Masquerading T1556 : Modify Authentication Process T1578 : Modify Cloud Compute Infrastructure T1112 : Modify Registry T1601 : Modify System Image T1111 : Multi-Factor Authentication Interception T1621 : Multi-Factor Authentication Request Generation T1104 : Multi-Stage Channels T1106 : Native API T1599 : Network Boundary Bridging T1498 : Network Denial of Service T1046 : Network Service Discovery T1135 : Network Share Discovery T1040 : Network Sniffing T1095 : Non-Application Layer Protocol T1571 : Non-Standard Port T1027 : Obfuscated Files or Information T1588 : Obtain Capabilities T1137 : Office Application Startup T1003 : OS Credential Dumping T1201 : Password Policy Discovery T1120 : Peripheral Device Discovery T1069 : Permission Groups Discovery T1566 : Phishing T1598 : Phishing for Information T1647 : Plist File Modification T1653 : Power Settings T1542 : Pre-OS Boot T1057 : Process Discovery T1055 : Process Injection T1572 : Protocol Tunneling T1090 : Proxy T1012 : Query Registry T1620 : Reflective Code Loading T1219 : Remote Access Software T1563 : Remote Service Session Hijacking T1021 : Remote Services T1018 : Remote System Discovery T1091 : Replication Through Removable Media T1496 : Resource Hijacking T1207 : Rogue Domain Controller T1014 : Rootkit T1053 : Scheduled Task/Job T1029 : Scheduled Transfer T1113 : Screen Capture T1597 : Search Closed Sources T1596 : Search Open Technical Databases T1593 : Search Open Websites/Domains T1594 : Search Victim-Owned Websites T1505 : Server Software Component T1648 : Serverless Execution T1489 : Service Stop T1129 : Shared Modules T1072 : Software Deployment Tools T1518 : Software Discovery T1608 : Stage Capabilities T1528 : Steal Application Access Token T1649 : Steal or Forge Authentication Certificates T1558 : Steal or Forge Kerberos Tickets T1539 : Steal Web Session Cookie T1553 : Subvert Trust Controls T1195 : Supply Chain Compromise T1218 : System Binary Proxy Execution T1082 : System Information Discovery T1614 : System Location Discovery T1016 : System Network Configuration Discovery T1049 : System Network Connections Discovery T1033 : System Owner/User Discovery T1216 : System Script Proxy Execution T1007 : System Service Discovery T1569 : System Services T1529 : System Shutdown/Reboot T1124 : System Time Discovery T1080 : Taint Shared Content T1221 : Template Injection T1205 : Traffic Signaling T1537 : Transfer Data to Cloud Account T1127 : Trusted Developer Utilities Proxy Execution T1199 : Trusted Relationship T1552 : Unsecured Credentials T1535 : Unused/Unsupported Cloud Regions T1550 : Use Alternate Authentication Material T1204 : User Execution T1078 : Valid Accounts T1125 : Video Capture T1497 : Virtualization/Sandbox Evasion T1600 : Weaken Encryption T1102 : Web Service T1047 : Windows Management Instrumentation T1220 : XSL Script Processing     ","T1003, T1055, T1059, T1074, T1083, T1119","After analyzing the provided text, I have identified the following MITRE Enterprise attack patterns and mapped them to their corresponding technique IDs:

1. **T1003: OS Credential Dumping** - PACEMAKER can extract credentials from OS memory.
2. **T1055: Process Injection** - PACEMAKER uses PTRACE to attach to a targeted process to read process memory.
3. **T1010: Application Window Discovery** - Not explicitly mentioned, but implied by the ability to parse /proc/""process_name""/cmdline to look for specific strings.
4. **T1059: Command and Scripting Interpreter** - PACEMAKER uses a simple bash script for execution.
5. **T1041: Exfiltration Over C2 Channel** - Not explicitly mentioned, but implied by the ability to write extracted data to tmp/dsserver-check.statementcounters.

The main techniques IDs (excluding subtechnique IDs) are:

T1003, T1055, T1010, T1059, T1041","T1003, T1010, T1041, T1055, T1059","T1003, T1055, T1059","T1010, T1041","T1074, T1083, T1119",0.6,0.5,0.5454545454545454,extra predicted IDs / false positives; missed gold IDs / false negatives,6,5,3,2,3,5,,,
5,Enterprise,"adbupd is a backdoor utilized by PLATINUM, bearing similarities to Dipsind. It has the capability to execute a copy of cmd.exe and includes the OpenSSL library to encrypt its command and control (C2) traffic. Additionally, adbupd can achieve persistence by leveraging a WMI script.","Extract all MITRE Enterprise attack patterns from the following text and map them to their corresponding MITRE technique IDs. Provide reasoning for each identification. Ensure the final line contains only the IDs for the main techniques, separated by commas, excluding any subtechnique IDs. MITRE Enterprise IDs are given below as reference.  **Text:** adbupd is a backdoor utilized by PLATINUM, bearing similarities to Dipsind. It has the capability to execute a copy of cmd.exe and includes the OpenSSL library to encrypt its command and control (C2) traffic. Additionally, adbupd can achieve persistence by leveraging a WMI script.  **List of All MITRE Enterprise technique IDs** ID    : Name T1548 : Abuse Elevation Control Mechanism T1134 : Access Token Manipulation T1531 : Account Access Removal T1087 : Account Discovery T1098 : Account Manipulation T1650 : Acquire Access T1583 : Acquire Infrastructure T1595 : Active Scanning T1557 : Adversary-in-the-Middle T1071 : Application Layer Protocol T1010 : Application Window Discovery T1560 : Archive Collected Data T1123 : Audio Capture T1119 : Automated Collection T1020 : Automated Exfiltration T1197 : BITS Jobs T1547 : Boot or Logon Autostart Execution T1037 : Boot or Logon Initialization Scripts T1176 : Browser Extensions T1217 : Browser Information Discovery T1185 : Browser Session Hijacking T1110 : Brute Force T1612 : Build Image on Host T1115 : Clipboard Data T1651 : Cloud Administration Command T1580 : Cloud Infrastructure Discovery T1538 : Cloud Service Dashboard T1526 : Cloud Service Discovery T1619 : Cloud Storage Object Discovery T1059 : Command and Scripting Interpreter T1092 : Communication Through Removable Media T1586 : Compromise Accounts T1554 : Compromise Host Software Binary T1584 : Compromise Infrastructure T1609 : Container Administration Command T1613 : Container and Resource Discovery T1659 : Content Injection T1136 : Create Account T1543 : Create or Modify System Process T1555 : Credentials from Password Stores T1485 : Data Destruction T1132 : Data Encoding T1486 : Data Encrypted for Impact T1530 : Data from Cloud Storage T1602 : Data from Configuration Repository T1213 : Data from Information Repositories T1005 : Data from Local System T1039 : Data from Network Shared Drive T1025 : Data from Removable Media T1565 : Data Manipulation T1001 : Data Obfuscation T1074 : Data Staged T1030 : Data Transfer Size Limits T1622 : Debugger Evasion T1491 : Defacement T1140 : Deobfuscate/Decode Files or Information T1610 : Deploy Container T1587 : Develop Capabilities T1652 : Device Driver Discovery T1006 : Direct Volume Access T1561 : Disk Wipe T1484 : Domain or Tenant Policy Modification T1482 : Domain Trust Discovery T1189 : Drive-by Compromise T1568 : Dynamic Resolution T1114 : Email Collection T1573 : Encrypted Channel T1499 : Endpoint Denial of Service T1611 : Escape to Host T1585 : Establish Accounts T1546 : Event Triggered Execution T1480 : Execution Guardrails T1048 : Exfiltration Over Alternative Protocol T1041 : Exfiltration Over C2 Channel T1011 : Exfiltration Over Other Network Medium T1052 : Exfiltration Over Physical Medium T1567 : Exfiltration Over Web Service T1190 : Exploit Public-Facing Application T1203 : Exploitation for Client Execution T1212 : Exploitation for Credential Access T1211 : Exploitation for Defense Evasion T1068 : Exploitation for Privilege Escalation T1210 : Exploitation of Remote Services T1133 : External Remote Services T1008 : Fallback Channels T1083 : File and Directory Discovery T1222 : File and Directory Permissions Modification T1657 : Financial Theft T1495 : Firmware Corruption T1187 : Forced Authentication T1606 : Forge Web Credentials T1592 : Gather Victim Host Information T1589 : Gather Victim Identity Information T1590 : Gather Victim Network Information T1591 : Gather Victim Org Information T1615 : Group Policy Discovery T1200 : Hardware Additions T1564 : Hide Artifacts T1665 : Hide Infrastructure T1574 : Hijack Execution Flow T1562 : Impair Defenses T1656 : Impersonation T1525 : Implant Internal Image T1070 : Indicator Removal T1202 : Indirect Command Execution T1105 : Ingress Tool Transfer T1490 : Inhibit System Recovery T1056 : Input Capture T1559 : Inter-Process Communication T1534 : Internal Spearphishing T1570 : Lateral Tool Transfer T1654 : Log Enumeration T1036 : Masquerading T1556 : Modify Authentication Process T1578 : Modify Cloud Compute Infrastructure T1112 : Modify Registry T1601 : Modify System Image T1111 : Multi-Factor Authentication Interception T1621 : Multi-Factor Authentication Request Generation T1104 : Multi-Stage Channels T1106 : Native API T1599 : Network Boundary Bridging T1498 : Network Denial of Service T1046 : Network Service Discovery T1135 : Network Share Discovery T1040 : Network Sniffing T1095 : Non-Application Layer Protocol T1571 : Non-Standard Port T1027 : Obfuscated Files or Information T1588 : Obtain Capabilities T1137 : Office Application Startup T1003 : OS Credential Dumping T1201 : Password Policy Discovery T1120 : Peripheral Device Discovery T1069 : Permission Groups Discovery T1566 : Phishing T1598 : Phishing for Information T1647 : Plist File Modification T1653 : Power Settings T1542 : Pre-OS Boot T1057 : Process Discovery T1055 : Process Injection T1572 : Protocol Tunneling T1090 : Proxy T1012 : Query Registry T1620 : Reflective Code Loading T1219 : Remote Access Software T1563 : Remote Service Session Hijacking T1021 : Remote Services T1018 : Remote System Discovery T1091 : Replication Through Removable Media T1496 : Resource Hijacking T1207 : Rogue Domain Controller T1014 : Rootkit T1053 : Scheduled Task/Job T1029 : Scheduled Transfer T1113 : Screen Capture T1597 : Search Closed Sources T1596 : Search Open Technical Databases T1593 : Search Open Websites/Domains T1594 : Search Victim-Owned Websites T1505 : Server Software Component T1648 : Serverless Execution T1489 : Service Stop T1129 : Shared Modules T1072 : Software Deployment Tools T1518 : Software Discovery T1608 : Stage Capabilities T1528 : Steal Application Access Token T1649 : Steal or Forge Authentication Certificates T1558 : Steal or Forge Kerberos Tickets T1539 : Steal Web Session Cookie T1553 : Subvert Trust Controls T1195 : Supply Chain Compromise T1218 : System Binary Proxy Execution T1082 : System Information Discovery T1614 : System Location Discovery T1016 : System Network Configuration Discovery T1049 : System Network Connections Discovery T1033 : System Owner/User Discovery T1216 : System Script Proxy Execution T1007 : System Service Discovery T1569 : System Services T1529 : System Shutdown/Reboot T1124 : System Time Discovery T1080 : Taint Shared Content T1221 : Template Injection T1205 : Traffic Signaling T1537 : Transfer Data to Cloud Account T1127 : Trusted Developer Utilities Proxy Execution T1199 : Trusted Relationship T1552 : Unsecured Credentials T1535 : Unused/Unsupported Cloud Regions T1550 : Use Alternate Authentication Material T1204 : User Execution T1078 : Valid Accounts T1125 : Video Capture T1497 : Virtualization/Sandbox Evasion T1600 : Weaken Encryption T1102 : Web Service T1047 : Windows Management Instrumentation T1220 : XSL Script Processing     ","T1059, T1546, T1573","After analyzing the text, I have identified the following MITRE Enterprise attack patterns and mapped them to their corresponding technique IDs:

1. **adbupd** utilizes a WMI script for persistence:
	* Technique ID: T1134 (Access Token Manipulation) - Not directly related, but WMI scripts can be used to manipulate access tokens.
	* More relevant: T1547 (Boot or Logon Autostart Execution) - Adbupd uses a WMI script to achieve persistence, which is similar to boot or logon autostart execution.
2. **adbupd** executes a copy of cmd.exe and includes the OpenSSL library:
	* Technique ID: T1059 (Command and Scripting Interpreter) - This technique involves using built-in command-line tools like cmd.exe to execute scripts or commands.
3. **adbupd** encrypts its C2 traffic with OpenSSL:
	* Technique ID: T1573 (Encrypted Channel) - Adbupd uses encryption to protect its communication, which is a common tactic used by attackers.

The main techniques identified are:

T1547, T1059, and T1573

Note that these IDs only include the main technique and do not include any subtechnique IDs.","T1059, T1134, T1547, T1573","T1059, T1573","T1134, T1547",T1546,0.5,0.6666666666666666,0.5714285714285715,extra predicted IDs / false positives; missed gold IDs / false negatives,3,4,2,2,1,3,,,
6,Enterprise,"AdFind is a free command-line query tool designed for extracting information from Active Directory. It can enumerate domain users, domain groups, and organizational units (OUs), as well as gather details about domain trusts. AdFind is also capable of querying Active Directory for computer accounts and extracting subnet information.","Extract all MITRE Enterprise attack patterns from the following text and map them to their corresponding MITRE technique IDs. Provide reasoning for each identification. Ensure the final line contains only the IDs for the main techniques, separated by commas, excluding any subtechnique IDs. MITRE Enterprise IDs are given below as reference.  **Text:** AdFind is a free command-line query tool designed for extracting information from Active Directory. It can enumerate domain users, domain groups, and organizational units (OUs), as well as gather details about domain trusts. AdFind is also capable of querying Active Directory for computer accounts and extracting subnet information.  **List of All MITRE Enterprise technique IDs** ID    : Name T1548 : Abuse Elevation Control Mechanism T1134 : Access Token Manipulation T1531 : Account Access Removal T1087 : Account Discovery T1098 : Account Manipulation T1650 : Acquire Access T1583 : Acquire Infrastructure T1595 : Active Scanning T1557 : Adversary-in-the-Middle T1071 : Application Layer Protocol T1010 : Application Window Discovery T1560 : Archive Collected Data T1123 : Audio Capture T1119 : Automated Collection T1020 : Automated Exfiltration T1197 : BITS Jobs T1547 : Boot or Logon Autostart Execution T1037 : Boot or Logon Initialization Scripts T1176 : Browser Extensions T1217 : Browser Information Discovery T1185 : Browser Session Hijacking T1110 : Brute Force T1612 : Build Image on Host T1115 : Clipboard Data T1651 : Cloud Administration Command T1580 : Cloud Infrastructure Discovery T1538 : Cloud Service Dashboard T1526 : Cloud Service Discovery T1619 : Cloud Storage Object Discovery T1059 : Command and Scripting Interpreter T1092 : Communication Through Removable Media T1586 : Compromise Accounts T1554 : Compromise Host Software Binary T1584 : Compromise Infrastructure T1609 : Container Administration Command T1613 : Container and Resource Discovery T1659 : Content Injection T1136 : Create Account T1543 : Create or Modify System Process T1555 : Credentials from Password Stores T1485 : Data Destruction T1132 : Data Encoding T1486 : Data Encrypted for Impact T1530 : Data from Cloud Storage T1602 : Data from Configuration Repository T1213 : Data from Information Repositories T1005 : Data from Local System T1039 : Data from Network Shared Drive T1025 : Data from Removable Media T1565 : Data Manipulation T1001 : Data Obfuscation T1074 : Data Staged T1030 : Data Transfer Size Limits T1622 : Debugger Evasion T1491 : Defacement T1140 : Deobfuscate/Decode Files or Information T1610 : Deploy Container T1587 : Develop Capabilities T1652 : Device Driver Discovery T1006 : Direct Volume Access T1561 : Disk Wipe T1484 : Domain or Tenant Policy Modification T1482 : Domain Trust Discovery T1189 : Drive-by Compromise T1568 : Dynamic Resolution T1114 : Email Collection T1573 : Encrypted Channel T1499 : Endpoint Denial of Service T1611 : Escape to Host T1585 : Establish Accounts T1546 : Event Triggered Execution T1480 : Execution Guardrails T1048 : Exfiltration Over Alternative Protocol T1041 : Exfiltration Over C2 Channel T1011 : Exfiltration Over Other Network Medium T1052 : Exfiltration Over Physical Medium T1567 : Exfiltration Over Web Service T1190 : Exploit Public-Facing Application T1203 : Exploitation for Client Execution T1212 : Exploitation for Credential Access T1211 : Exploitation for Defense Evasion T1068 : Exploitation for Privilege Escalation T1210 : Exploitation of Remote Services T1133 : External Remote Services T1008 : Fallback Channels T1083 : File and Directory Discovery T1222 : File and Directory Permissions Modification T1657 : Financial Theft T1495 : Firmware Corruption T1187 : Forced Authentication T1606 : Forge Web Credentials T1592 : Gather Victim Host Information T1589 : Gather Victim Identity Information T1590 : Gather Victim Network Information T1591 : Gather Victim Org Information T1615 : Group Policy Discovery T1200 : Hardware Additions T1564 : Hide Artifacts T1665 : Hide Infrastructure T1574 : Hijack Execution Flow T1562 : Impair Defenses T1656 : Impersonation T1525 : Implant Internal Image T1070 : Indicator Removal T1202 : Indirect Command Execution T1105 : Ingress Tool Transfer T1490 : Inhibit System Recovery T1056 : Input Capture T1559 : Inter-Process Communication T1534 : Internal Spearphishing T1570 : Lateral Tool Transfer T1654 : Log Enumeration T1036 : Masquerading T1556 : Modify Authentication Process T1578 : Modify Cloud Compute Infrastructure T1112 : Modify Registry T1601 : Modify System Image T1111 : Multi-Factor Authentication Interception T1621 : Multi-Factor Authentication Request Generation T1104 : Multi-Stage Channels T1106 : Native API T1599 : Network Boundary Bridging T1498 : Network Denial of Service T1046 : Network Service Discovery T1135 : Network Share Discovery T1040 : Network Sniffing T1095 : Non-Application Layer Protocol T1571 : Non-Standard Port T1027 : Obfuscated Files or Information T1588 : Obtain Capabilities T1137 : Office Application Startup T1003 : OS Credential Dumping T1201 : Password Policy Discovery T1120 : Peripheral Device Discovery T1069 : Permission Groups Discovery T1566 : Phishing T1598 : Phishing for Information T1647 : Plist File Modification T1653 : Power Settings T1542 : Pre-OS Boot T1057 : Process Discovery T1055 : Process Injection T1572 : Protocol Tunneling T1090 : Proxy T1012 : Query Registry T1620 : Reflective Code Loading T1219 : Remote Access Software T1563 : Remote Service Session Hijacking T1021 : Remote Services T1018 : Remote System Discovery T1091 : Replication Through Removable Media T1496 : Resource Hijacking T1207 : Rogue Domain Controller T1014 : Rootkit T1053 : Scheduled Task/Job T1029 : Scheduled Transfer T1113 : Screen Capture T1597 : Search Closed Sources T1596 : Search Open Technical Databases T1593 : Search Open Websites/Domains T1594 : Search Victim-Owned Websites T1505 : Server Software Component T1648 : Serverless Execution T1489 : Service Stop T1129 : Shared Modules T1072 : Software Deployment Tools T1518 : Software Discovery T1608 : Stage Capabilities T1528 : Steal Application Access Token T1649 : Steal or Forge Authentication Certificates T1558 : Steal or Forge Kerberos Tickets T1539 : Steal Web Session Cookie T1553 : Subvert Trust Controls T1195 : Supply Chain Compromise T1218 : System Binary Proxy Execution T1082 : System Information Discovery T1614 : System Location Discovery T1016 : System Network Configuration Discovery T1049 : System Network Connections Discovery T1033 : System Owner/User Discovery T1216 : System Script Proxy Execution T1007 : System Service Discovery T1569 : System Services T1529 : System Shutdown/Reboot T1124 : System Time Discovery T1080 : Taint Shared Content T1221 : Template Injection T1205 : Traffic Signaling T1537 : Transfer Data to Cloud Account T1127 : Trusted Developer Utilities Proxy Execution T1199 : Trusted Relationship T1552 : Unsecured Credentials T1535 : Unused/Unsupported Cloud Regions T1550 : Use Alternate Authentication Material T1204 : User Execution T1078 : Valid Accounts T1125 : Video Capture T1497 : Virtualization/Sandbox Evasion T1600 : Weaken Encryption T1102 : Web Service T1047 : Windows Management Instrumentation T1220 : XSL Script Processing     ","T1016, T1018, T1069, T1087, T1482","After analyzing the text, I have identified the following MITRE Enterprise attack patterns and mapped them to their corresponding technique IDs:

1. **AdFind can enumerate domain users, domain groups, and organizational units (OUs)**: This action is related to **T1087** : Account Discovery.
2. **AdFind can gather details about domain trusts**: This action is related to **T1482** : Domain Trust Discovery.
3. **AdFind can query Active Directory for computer accounts and extract subnet information**: This action is related to **T1018** : Remote System Discovery, as it involves gathering information about remote systems (computer accounts).
4. **AdFind can gather details about domain trusts**: This action is also related to **T1040** : Network Sniffing, as it involves monitoring network traffic for trust-related information.

Here are the main technique IDs extracted from the text:

T1087, T1482, T1018, T1040

Note that some of these techniques may have subtechniques associated with them, but I have only listed the main technique ID.","T1018, T1040, T1087, T1482","T1018, T1087, T1482",T1040,"T1016, T1069",0.75,0.6,0.6666666666666665,extra predicted IDs / false positives; missed gold IDs / false negatives,5,4,3,1,2,3,,,
12,Mobile,Allwinner is a company that provides processors for Android tablets and various other devices. A Linux kernel distributed by Allwinner for these devices reportedly contained a simple backdoor that could be exploited to gain root access. It is believed that this backdoor was unintentionally left in the kernel by its developers.,"Extract all MITRE Mobile attack patterns from the following text and map them to their corresponding MITRE technique IDs. Provide reasoning for each identification. Ensure the final line contains only the IDs for the main techniques, separated by commas, excluding any subtechnique IDs. MITRE Mobile IDs are given below as reference.  **Text:** Allwinner is a company that provides processors for Android tablets and various other devices. A Linux kernel distributed by Allwinner for these devices reportedly contained a simple backdoor that could be exploited to gain root access. It is believed that this backdoor was unintentionally left in the kernel by its developers.  **List of All MITRE Mobile technique IDs** ID    : Name T1626 : Abuse Elevation Control Mechanism T1517 : Access Notifications T1640 : Account Access Removal T1638 : Adversary-in-the-Middle T1437 : Application Layer Protocol T1661 : Application Versioning T1532 : Archive Collected Data T1429 : Audio Capture T1398 : Boot or Logon Initialization Scripts T1616 : Call Control T1414 : Clipboard Data T1623 : Command and Scripting Interpreter T1577 : Compromise Application Executable T1645 : Compromise Client Software Binary T1634 : Credentials from Password Store T1662 : Data Destruction T1471 : Data Encrypted for Impact T1533 : Data from Local System T1641 : Data Manipulation T1407 : Download New Code at Runtime T1456 : Drive-By Compromise T1637 : Dynamic Resolution T1521 : Encrypted Channel T1642 : Endpoint Denial of Service T1624 : Event Triggered Execution T1627 : Execution Guardrails T1639 : Exfiltration Over Alternative Protocol T1646 : Exfiltration Over C2 Channel T1658 : Exploitation for Client Execution T1664 : Exploitation for Initial Access T1404 : Exploitation for Privilege Escalation T1428 : Exploitation of Remote Services T1420 : File and Directory Discovery T1541 : Foreground Persistence T1643 : Generate Traffic from Victim T1628 : Hide Artifacts T1625 : Hijack Execution Flow T1617 : Hooking T1629 : Impair Defenses T1630 : Indicator Removal on Host T1544 : Ingress Tool Transfer T1417 : Input Capture T1516 : Input Injection T1430 : Location Tracking T1461 : Lockscreen Bypass T1655 : Masquerading T1575 : Native API T1464 : Network Denial of Service T1423 : Network Service Scanning T1509 : Non-Standard Port T1406 : Obfuscated Files or Information T1644 : Out of Band Data T1660 : Phishing T1424 : Process Discovery T1631 : Process Injection T1636 : Protected User Data T1604 : Proxy Through Victim T1663 : Remote Access Software T1458 : Replication Through Removable Media T1603 : Scheduled Task/Job T1513 : Screen Capture T1582 : SMS Control T1418 : Software Discovery T1635 : Steal Application Access Token T1409 : Stored Application Data T1632 : Subvert Trust Controls T1474 : Supply Chain Compromise T1426 : System Information Discovery T1422 : System Network Configuration Discovery T1421 : System Network Connections Discovery T1512 : Video Capture T1633 : Virtualization/Sandbox Evasion T1481 : Web Service     ",T1474,"After analyzing the text, I identified the following MITRE Mobile attack patterns and mapped them to their corresponding technique IDs:

* The backdoor in the Linux kernel could be exploited to gain root access, which is related to **T1626: Abuse Elevation Control Mechanism**. This is because the backdoor allows an attacker to bypass security controls and gain elevated privileges.
* The fact that the backdoor was unintentionally left in the kernel by its developers suggests a lack of proper testing or review of the code, which could be related to **T1474: Supply Chain Compromise**.

Here are the main technique IDs extracted from the text:

T1626, T1474","T1474, T1626",T1474,T1626,,0.5,1.0,0.6666666666666666,extra predicted IDs / false positives,1,2,1,1,0,1,,,
59,Enterprise,GLASSTOKEN is a custom web shell used by threat actors during Cutting Edge to execute commands on compromised Ivanti Secure Connect VPNs. GLASSTOKEN can use PowerShell for command execution. GLASSTOKEN has hexadecimal and Base64 encoded C2 content. GLASSTOKEN has the ability to decode hexadecimal and Base64 C2 requests. GLASSTOKEN is a web shell capable of tunneling C2 connections and code execution on compromised Ivanti Secure Connect VPNs.,"Extract all MITRE Enterprise attack patterns from the following text and map them to their corresponding MITRE technique IDs. Provide reasoning for each identification. Ensure the final line contains only the IDs for the main techniques, separated by commas, excluding any subtechnique IDs. MITRE Enterprise IDs are given below as reference.  **Text:** GLASSTOKEN is a custom web shell used by threat actors during Cutting Edge to execute commands on compromised Ivanti Secure Connect VPNs. GLASSTOKEN can use PowerShell for command execution. GLASSTOKEN has hexadecimal and Base64 encoded C2 content. GLASSTOKEN has the ability to decode hexadecimal and Base64 C2 requests. GLASSTOKEN is a web shell capable of tunneling C2 connections and code execution on compromised Ivanti Secure Connect VPNs.  **List of All MITRE Enterprise technique IDs** ID    : Name T1548 : Abuse Elevation Control Mechanism T1134 : Access Token Manipulation T1531 : Account Access Removal T1087 : Account Discovery T1098 : Account Manipulation T1650 : Acquire Access T1583 : Acquire Infrastructure T1595 : Active Scanning T1557 : Adversary-in-the-Middle T1071 : Application Layer Protocol T1010 : Application Window Discovery T1560 : Archive Collected Data T1123 : Audio Capture T1119 : Automated Collection T1020 : Automated Exfiltration T1197 : BITS Jobs T1547 : Boot or Logon Autostart Execution T1037 : Boot or Logon Initialization Scripts T1176 : Browser Extensions T1217 : Browser Information Discovery T1185 : Browser Session Hijacking T1110 : Brute Force T1612 : Build Image on Host T1115 : Clipboard Data T1651 : Cloud Administration Command T1580 : Cloud Infrastructure Discovery T1538 : Cloud Service Dashboard T1526 : Cloud Service Discovery T1619 : Cloud Storage Object Discovery T1059 : Command and Scripting Interpreter T1092 : Communication Through Removable Media T1586 : Compromise Accounts T1554 : Compromise Host Software Binary T1584 : Compromise Infrastructure T1609 : Container Administration Command T1613 : Container and Resource Discovery T1659 : Content Injection T1136 : Create Account T1543 : Create or Modify System Process T1555 : Credentials from Password Stores T1485 : Data Destruction T1132 : Data Encoding T1486 : Data Encrypted for Impact T1530 : Data from Cloud Storage T1602 : Data from Configuration Repository T1213 : Data from Information Repositories T1005 : Data from Local System T1039 : Data from Network Shared Drive T1025 : Data from Removable Media T1565 : Data Manipulation T1001 : Data Obfuscation T1074 : Data Staged T1030 : Data Transfer Size Limits T1622 : Debugger Evasion T1491 : Defacement T1140 : Deobfuscate/Decode Files or Information T1610 : Deploy Container T1587 : Develop Capabilities T1652 : Device Driver Discovery T1006 : Direct Volume Access T1561 : Disk Wipe T1484 : Domain or Tenant Policy Modification T1482 : Domain Trust Discovery T1189 : Drive-by Compromise T1568 : Dynamic Resolution T1114 : Email Collection T1573 : Encrypted Channel T1499 : Endpoint Denial of Service T1611 : Escape to Host T1585 : Establish Accounts T1546 : Event Triggered Execution T1480 : Execution Guardrails T1048 : Exfiltration Over Alternative Protocol T1041 : Exfiltration Over C2 Channel T1011 : Exfiltration Over Other Network Medium T1052 : Exfiltration Over Physical Medium T1567 : Exfiltration Over Web Service T1190 : Exploit Public-Facing Application T1203 : Exploitation for Client Execution T1212 : Exploitation for Credential Access T1211 : Exploitation for Defense Evasion T1068 : Exploitation for Privilege Escalation T1210 : Exploitation of Remote Services T1133 : External Remote Services T1008 : Fallback Channels T1083 : File and Directory Discovery T1222 : File and Directory Permissions Modification T1657 : Financial Theft T1495 : Firmware Corruption T1187 : Forced Authentication T1606 : Forge Web Credentials T1592 : Gather Victim Host Information T1589 : Gather Victim Identity Information T1590 : Gather Victim Network Information T1591 : Gather Victim Org Information T1615 : Group Policy Discovery T1200 : Hardware Additions T1564 : Hide Artifacts T1665 : Hide Infrastructure T1574 : Hijack Execution Flow T1562 : Impair Defenses T1656 : Impersonation T1525 : Implant Internal Image T1070 : Indicator Removal T1202 : Indirect Command Execution T1105 : Ingress Tool Transfer T1490 : Inhibit System Recovery T1056 : Input Capture T1559 : Inter-Process Communication T1534 : Internal Spearphishing T1570 : Lateral Tool Transfer T1654 : Log Enumeration T1036 : Masquerading T1556 : Modify Authentication Process T1578 : Modify Cloud Compute Infrastructure T1112 : Modify Registry T1601 : Modify System Image T1111 : Multi-Factor Authentication Interception T1621 : Multi-Factor Authentication Request Generation T1104 : Multi-Stage Channels T1106 : Native API T1599 : Network Boundary Bridging T1498 : Network Denial of Service T1046 : Network Service Discovery T1135 : Network Share Discovery T1040 : Network Sniffing T1095 : Non-Application Layer Protocol T1571 : Non-Standard Port T1027 : Obfuscated Files or Information T1588 : Obtain Capabilities T1137 : Office Application Startup T1003 : OS Credential Dumping T1201 : Password Policy Discovery T1120 : Peripheral Device Discovery T1069 : Permission Groups Discovery T1566 : Phishing T1598 : Phishing for Information T1647 : Plist File Modification T1653 : Power Settings T1542 : Pre-OS Boot T1057 : Process Discovery T1055 : Process Injection T1572 : Protocol Tunneling T1090 : Proxy T1012 : Query Registry T1620 : Reflective Code Loading T1219 : Remote Access Software T1563 : Remote Service Session Hijacking T1021 : Remote Services T1018 : Remote System Discovery T1091 : Replication Through Removable Media T1496 : Resource Hijacking T1207 : Rogue Domain Controller T1014 : Rootkit T1053 : Scheduled Task/Job T1029 : Scheduled Transfer T1113 : Screen Capture T1597 : Search Closed Sources T1596 : Search Open Technical Databases T1593 : Search Open Websites/Domains T1594 : Search Victim-Owned Websites T1505 : Server Software Component T1648 : Serverless Execution T1489 : Service Stop T1129 : Shared Modules T1072 : Software Deployment Tools T1518 : Software Discovery T1608 : Stage Capabilities T1528 : Steal Application Access Token T1649 : Steal or Forge Authentication Certificates T1558 : Steal or Forge Kerberos Tickets T1539 : Steal Web Session Cookie T1553 : Subvert Trust Controls T1195 : Supply Chain Compromise T1218 : System Binary Proxy Execution T1082 : System Information Discovery T1614 : System Location Discovery T1016 : System Network Configuration Discovery T1049 : System Network Connections Discovery T1033 : System Owner/User Discovery T1216 : System Script Proxy Execution T1007 : System Service Discovery T1569 : System Services T1529 : System Shutdown/Reboot T1124 : System Time Discovery T1080 : Taint Shared Content T1221 : Template Injection T1205 : Traffic Signaling T1537 : Transfer Data to Cloud Account T1127 : Trusted Developer Utilities Proxy Execution T1199 : Trusted Relationship T1552 : Unsecured Credentials T1535 : Unused/Unsupported Cloud Regions T1550 : Use Alternate Authentication Material T1204 : User Execution T1078 : Valid Accounts T1125 : Video Capture T1497 : Virtualization/Sandbox Evasion T1600 : Weaken Encryption T1102 : Web Service T1047 : Windows Management Instrumentation T1220 : XSL Script Processing     ","T1059, T1132, T1140, T1505","After analyzing the text, I have identified the following MITRE Enterprise attack patterns and mapped them to their corresponding technique IDs:

1. **GLASSTOKEN uses PowerShell for command execution**: This suggests that the threat actor is using a Command and Scripting Interpreter (T1059) to execute commands on compromised systems.
2. **GLASSTOKEN has hexadecimal and Base64 encoded C2 content**: This indicates that the threat actor is using Data Encoding (T1132) to encode their C2 communications.
3. **GLASSTOKEN can decode hexadecimal and Base64 C2 requests**: This suggests that the threat actor is using Data Decoding (T1140) to decode incoming C2 requests.
4. **GLASSTOKEN is a web shell capable of tunneling C2 connections**: This indicates that the threat actor is using a Web Shell (T1102) to establish a connection with their C2 infrastructure.

Based on these observations, I have mapped the following MITRE Enterprise technique IDs:

* T1059: Command and Scripting Interpreter
* T1132: Data Encoding
* T1140: Deobfuscate/Decode Files or Information
* T1102: Web Service

Here are the main technique IDs, separated by commas, excluding any subtechnique IDs:

T1059,T1132,T1140,T1102","T1059, T1102, T1132, T1140","T1059, T1132, T1140",T1102,T1505,0.75,0.75,0.75,extra predicted IDs / false positives; missed gold IDs / false negatives,4,4,3,1,1,2,,,
